level_id,label,object_count__mean,object_count__std,object_count__min,object_count__max,object_count__p25,object_count__p50,object_count__p75,trigger_count__mean,trigger_count__std,trigger_count__min,trigger_count__max,trigger_count__p25,trigger_count__p50,trigger_count__p75,portal_count__mean,portal_count__std,portal_count__min,portal_count__max,portal_count__p25,portal_count__p50,portal_count__p75,unique_id_count__mean,unique_id_count__std,unique_id_count__min,unique_id_count__max,unique_id_count__p25,unique_id_count__p50,unique_id_count__p75,trigger_ratio__mean,trigger_ratio__std,trigger_ratio__min,trigger_ratio__max,trigger_ratio__p25,trigger_ratio__p50,trigger_ratio__p75,portal_ratio__mean,portal_ratio__std,portal_ratio__min,portal_ratio__max,portal_ratio__p25,portal_ratio__p50,portal_ratio__p75,flipx_rate__mean,flipx_rate__std,flipx_rate__min,flipx_rate__max,flipx_rate__p25,flipx_rate__p50,flipx_rate__p75,flipy_rate__mean,flipy_rate__std,flipy_rate__min,flipy_rate__max,flipy_rate__p25,flipy_rate__p50,flipy_rate__p75,mean_scale__mean,mean_scale__std,mean_scale__min,mean_scale__max,mean_scale__p25,mean_scale__p50,mean_scale__p75,mean_rotation__mean,mean_rotation__std,mean_rotation__min,mean_rotation__max,mean_rotation__p25,mean_rotation__p50,mean_rotation__p75,mean_opacity__mean,mean_opacity__std,mean_opacity__min,mean_opacity__max,mean_opacity__p25,mean_opacity__p50,mean_opacity__p75,mean_duration__mean,mean_duration__std,mean_duration__min,mean_duration__max,mean_duration__p25,mean_duration__p50,mean_duration__p75,spawn_rate__mean,spawn_rate__std,spawn_rate__min,spawn_rate__max,spawn_rate__p25,spawn_rate__p50,spawn_rate__p75,multi_trigger_rate__mean,multi_trigger_rate__std,multi_trigger_rate__min,multi_trigger_rate__max,multi_trigger_rate__p25,multi_trigger_rate__p50,multi_trigger_rate__p75,y_range__mean,y_range__std,y_range__min,y_range__max,y_range__p25,y_range__p50,y_range__p75,y_std__mean,y_std__std,y_std__min,y_std__max,y_std__p25,y_std__p50,y_std__p75,y_entropy__mean,y_entropy__std,y_entropy__min,y_entropy__max,y_entropy__p25,y_entropy__p50,y_entropy__p75,color_trigger_count__mean,color_trigger_count__std,color_trigger_count__min,color_trigger_count__max,color_trigger_count__p25,color_trigger_count__p50,color_trigger_count__p75,hsv_enabled_rate__mean,hsv_enabled_rate__std,hsv_enabled_rate__min,hsv_enabled_rate__max,hsv_enabled_rate__p25,hsv_enabled_rate__p50,hsv_enabled_rate__p75,blending_rate__mean,blending_rate__std,blending_rate__min,blending_rate__max,blending_rate__p25,blending_rate__p50,blending_rate__p75,avg_groups_per_obj__mean,avg_groups_per_obj__std,avg_groups_per_obj__min,avg_groups_per_obj__max,avg_groups_per_obj__p25,avg_groups_per_obj__p50,avg_groups_per_obj__p75,layer_span__mean,layer_span__std,layer_span__min,layer_span__max,layer_span__p25,layer_span__p50,layer_span__p75,global_chunks,global_objects,global_triggers,global_portals,global_x_range,global_trigger_density,global_portal_density,global_objects_per_chunk
43879123,1,1496.344827586207,632.4889136747947,393.0,2635.0,1146.0,1345.0,1969.0,63.62068965517241,26.40848060378025,22.0,126.0,39.0,68.0,79.0,2.413793103448276,3.9437181946195303,0.0,14.0,0.0,1.0,2.0,34.206896551724135,9.82389525365655,18.0,61.0,27.0,33.0,38.0,0.0519529918299356,0.0371527452847173,0.0178189593727726,0.1778846153846154,0.0259896041583366,0.0393107162089391,0.057992565055762,0.0020633892442175,0.003818188980815,0.0,0.0169491525423728,0.0,0.0004837929366231,0.0023990403838464,0.1249481811044017,0.1255784464133652,0.0,0.6047411707789067,0.02,0.1207008436080467,0.170137125444388,0.1906629656208565,0.11288841937046,0.0178438661710037,0.4580326623623243,0.1222222222222222,0.1614754098360655,0.2335437330928764,1.5362192571770976,0.2635408830267061,0.7441721854304635,1.938205128205128,1.3510010764262648,1.5327687916270218,1.7762453066332915,57.66244311385032,43.26873653213982,0.0,136.5,40.0,55.90588235294118,80.0,0.4152868769847119,0.1809767755639122,0.0,0.7977777777777778,0.3369230769230769,0.4575,0.512,2.80874077002881,4.356852856534405,0.447826,21.71900637704918,0.9137931724137932,1.1090932702702705,2.5843214827586207,0.0,0.0,0.0,0.0,0.0,0.0,0.0,0.0,0.0,0.0,0.0,0.0,0.0,0.0,1632.6272965517242,258.1447058247844,1320.5,2140.833,1396.443,1530.0,1852.973,255.6112874280637,69.02712371412217,166.9120292591566,484.3881142394378,212.97819942615664,234.63383148267863,283.1494617643891,2.3555170171393147,0.3783281628262819,1.0455723165875124,2.9239458787788557,2.2710532275712705,2.441794500739315,2.556241362851326,8.310344827586206,6.978308501081502,0.0,24.0,2.0,8.0,13.0,0.5029847856894536,0.1463989473821274,0.2290351668169522,0.7480916030534351,0.3977695167286245,0.5137385512073273,0.6118307426597582,0.0016486019694398,0.0039902173804334,0.0,0.016826923076923,0.0,0.0,0.0004317789291882,2.376629896780625,0.8208633425416846,1.4830729166666667,4.247023809523809,1.8413685847589425,2.006993006993007,2.587015329125338,6.827586206896552,2.9950414828425465,4.0,14.0,4.0,6.0,9.0,29,43394.0,1845.0,70.0,22000.0,0.0425173987187168,0.0016131262386505,1496.344827586207
7112711,0,629.7692307692307,491.0290064824079,66.0,1706.0,221.0,499.5,778.0,29.615384615384617,7.691538423073077,14.0,37.0,25.0,34.0,34.0,0.3846153846153846,0.6249260311258431,0.0,2.0,0.0,0.0,1.0,11.576923076923077,3.5967194125403195,7.0,21.0,9.0,10.5,14.75,0.0908915811468867,0.0665370211231115,0.0186915887850467,0.2121212121212121,0.0229150521347048,0.0748702096824494,0.1538461538461538,0.0010181123222738,0.0016509930682619,0.0,0.0047393364928909,0.0,0.0,0.00176449074155,0.0223413938845355,0.035979177933655,0.0,0.1063829787234042,0.0,0.0,0.0288092652120978,0.2364669160720421,0.0997498263124198,0.0638297872340425,0.3388042203985932,0.1430522346574507,0.2792713779726766,0.3146825396825397,0.0,0.0,0.0,0.0,0.0,0.0,0.0,0.0,0.0,0.0,0.0,0.0,0.0,0.0,0.0,0.0,0.0,0.0,0.0,0.0,0.0,0.1267265864338764,0.0865926668473104,0.0,0.2989267352941176,0.0683478139705882,0.1184919980922098,0.1891886433823529,0.0,0.0,0.0,0.0,0.0,0.0,0.0,0.0,0.0,0.0,0.0,0.0,0.0,0.0,552.3653846153846,160.09597828588204,344.0,704.0,398.0,697.75,698.0,150.85898848400612,63.14699657616471,81.44330307722663,222.4921499290376,88.47061383591216,140.30998343305507,216.77445702338872,2.673018265222199,0.3866976124404098,2.1530669265877345,3.1893709624916275,2.315567697600364,2.5415578337303266,3.049429234969281,29.615384615384617,7.691538423073077,14.0,37.0,25.0,34.0,34.0,0.0,0.0,0.0,0.0,0.0,0.0,0.0,0.0,0.0,0.0,0.0,0.0,0.0,0.0,0.0,0.0,0.0,0.0,0.0,0.0,0.0,0.0,0.0,0.0,0.0,0.0,0.0,0.0,26,16374.0,770.0,10.0,19750.0,0.0470257725662635,0.0006107243190423,629.7692307692307
65906280,1,2471.5,1324.462610465746,521.0,5649.0,1522.0,2205.5,3479.75,82.69565217391305,62.12710308406587,16.0,267.0,36.0,63.5,128.25,4.804347826086956,5.232089802851626,0.0,22.0,1.0,2.5,6.75,58.97826086956522,27.86184014213455,18.0,120.0,38.25,53.5,73.0,0.0424057192698891,0.0431213947304811,0.0071627536808595,0.2202380952380952,0.0175004846514753,0.0287556461528505,0.0449843804042095,0.0025120840079049,0.0036232690063318,0.0,0.0192475940507436,0.0003178456329986,0.0015284357906214,0.0027609710296102,0.2029149277681612,0.1283293757049756,0.0074349442379182,0.5500544069640914,0.0919191057527044,0.2021430192676283,0.3018042385408499,0.2539862306525233,0.1222997481350459,0.0151558478696025,0.5876528829353523,0.1603646262466259,0.245084453078625,0.3455032863531644,1.7997796805761588,0.8340386771983519,0.4049740725967291,4.14396103896104,1.1856045344881718,1.7849496580547113,2.2267108008744043,-0.8981789913695285,41.779649441734264,-150.0,50.0,-5.0,0.0,19.51923076923077,0.4425461366996637,0.1905650408692468,0.0,0.8,0.3425925925925925,0.4830284623394655,0.5419591346153846,33.695374748467245,112.04618728955327,-0.1848938198799999,672.3147055333334,0.5419867755159475,1.2242893168297453,1.9485478161157024,9.367158329361896e-05,0.0004746806374268,0.0,0.003183446080382,0.0,0.0,0.0,0.0001042143685591,0.0005897456517385,0.0,0.0039793076004775,0.0,0.0,0.0,1599.1358739130433,440.78341350134735,780.0,2430.818,1210.5,1622.1165,1951.905,229.6022258939391,97.07269159038285,85.13194608049982,516.062655302955,141.3765293575241,218.3477749215171,286.8599752342851,2.3090685054385394,0.3468571804860902,1.6739995305640183,3.0809440563144985,2.064936041285508,2.3558652500600052,2.5211955155483583,13.0,16.426383867319117,0.0,97.0,3.0,8.0,17.5,0.3656267038774717,0.2601759552256663,0.0,0.7955499580184718,0.1480274167194019,0.2763381058971571,0.6233072768077903,0.0016063932459989,0.0042184139325276,0.0,0.0277777777777777,0.0,0.0,0.0013425725371609,1.6880569705987565,0.4324832571404823,1.0,2.767878545745106,1.2934923269351035,1.754548678523986,2.0018439120078466,39.608695652173914,12.544665003012522,8.0,60.0,34.0,43.0,48.0,46,113689.0,3804.0,221.0,34750.0,0.0334597014662808,0.0019438995857118,2471.5
317011,0,207.52941176470588,86.72852685386864,24.0,378.0,149.25,194.0,272.25,0.9117647058823528,1.7551210291571402,0.0,7.0,0.0,0.0,0.75,1.088235294117647,1.2454067858670663,0.0,4.0,0.0,1.0,2.0,18.705882352941178,7.520675078290378,5.0,36.0,12.25,18.5,24.0,0.0053303571759236,0.0100666323892988,0.0,0.0380434782608695,0.0,0.0,0.0048701298701298,0.0059390115279835,0.0069967150261971,0.0,0.0246913580246913,0.0,0.0043524184149184,0.0097403316140172,0.0325509564103255,0.061634887646211,0.0,0.2195767195767195,0.0,0.0,0.0201430722891566,0.2003706464661727,0.0858171284070691,0.06,0.4195804195804196,0.1382322713257965,0.1944927536231884,0.2310874704491725,0.0,0.0,0.0,0.0,0.0,0.0,0.0,0.0,0.0,0.0,0.0,0.0,0.0,0.0,0.2647058823529412,0.4411764705882353,0.0,1.0,0.0,0.0,0.75,0.0073529411764705,0.0422394312245443,0.0,0.25,0.0,0.0,0.0,0.0,0.0,0.0,0.0,0.0,0.0,0.0,0.0,0.0,0.0,0.0,0.0,0.0,0.0,470.2058823529411,193.90822259235767,193.0,853.0,304.0,395.5,667.5,140.18607041454428,53.47438558762113,58.634181176307614,266.726241637075,97.64463433399814,127.2322193304376,172.87898627827943,2.776371566300498,0.3387075487128588,2.1970899314226897,3.21332217265219,2.4596348110341806,2.893718319543297,3.0328543172154077,0.8823529411764706,1.7280506848903978,0.0,7.0,0.0,0.0,0.75,0.0,0.0,0.0,0.0,0.0,0.0,0.0,0.0001295672454003,0.0007443071581417,0.0,0.0044052863436123,0.0,0.0,0.0,0.0,0.0,0.0,0.0,0.0,0.0,0.0,0.0,0.0,0.0,0.0,0.0,0.0,0.0,34,7056.0,31.0,37.0,25750.0,0.0043934240362811,0.0052437641723356,207.52941176470588
27937858,1,677.9142857142857,229.3164216197562,2.0,1220.0,507.5,723.0,825.5,21.65714285714286,12.88175422202794,0.0,47.0,11.5,23.0,32.0,1.3714285714285714,1.2440880604044138,0.0,5.0,0.5,1.0,2.0,53.02857142857143,18.62024353728369,1.0,88.0,40.5,52.0,65.0,0.0337791271605216,0.0232329155143506,0.0,0.1053811659192825,0.0174321174321174,0.0321931589537223,0.0443885946981922,0.0020245712907972,0.0016948460459982,0.0,0.0061274509803921,0.0004812319538017,0.0020120724346076,0.0030246166487158,0.1216850064317672,0.1116222224666695,0.0,0.4522821576763485,0.033378356904497,0.0912124582869855,0.1387754751201231,0.1952729509002535,0.1083912379955887,0.0,0.4065573770491803,0.1093243243243243,0.1941391941391941,0.2865208818784728,1.1187019139574288,0.3826051187663686,0.0,1.7048936170212767,0.915422276621787,1.162323943661972,1.3864310383244207,0.0,0.0,0.0,0.0,0.0,0.0,0.0,0.3929372282246232,0.3556225131564826,0.0,1.0,0.0,0.4258823529411765,0.6991666666666666,1.1961161968149674,0.9139915879356094,0.0,4.7725,0.7259587813620072,0.9609375,1.2777777777777777,0.0,0.0,0.0,0.0,0.0,0.0,0.0,0.0,0.0,0.0,0.0,0.0,0.0,0.0,970.8077285714286,329.0747608345761,16.212999999999965,1404.75,810.829,1082.7,1189.5,166.62744033551292,66.05540140735663,8.106499999999983,354.7261865809454,128.6840919772606,152.71158160414515,185.93507967984192,2.4089960914473147,0.3878476653334558,1.0,2.9553748060493437,2.270105964134528,2.5372514921012463,2.669019633152823,10.028571428571428,6.971311474426414,0.0,37.0,5.5,8.0,12.0,0.0566175607094302,0.1441288761202297,0.0,0.7081967213114754,0.0,0.0,0.0093849109809673,0.0017885696598385,0.0023063715262407,0.0,0.0061224489795918,0.0,0.0,0.0043868638597929,1.1330354245280505,0.4349574978216644,0.0,2.936831875607386,1.0,1.0,1.0796536224219988,3.628571428571429,1.6917567249242813,0.0,6.0,3.0,4.0,5.0,35,23727.0,758.0,48.0,26500.0,0.0319467273570194,0.0020230117587558,677.9142857142857
75781732,2,772.4193548387096,527.4201223236006,259.0,2247.0,387.5,473.0,1171.0,78.19354838709677,33.18415804979034,40.0,152.0,47.0,66.0,104.0,0.4516129032258064,1.0727928482784446,0.0,4.0,0.0,0.0,0.0,14.870967741935484,5.0080060772653985,8.0,25.0,9.5,15.0,18.5,0.1276016319484461,0.0752596460543107,0.0445037828215398,0.4429530201342282,0.0891098814918089,0.1,0.140514643191714,0.000932733241174,0.002495259490792,0.0,0.0116618075801749,0.0,0.0,0.0,0.0729555093376809,0.0760795671658449,0.0,0.2258566978193146,0.0,0.0513245033112582,0.1374034070951879,0.0453545300242035,0.0632852913262638,0.0,0.2336448598130841,0.0,0.0097276264591439,0.0840175413610577,1.424120162171575,0.6215587109094276,0.6083333333333334,2.456140350877193,0.75,1.5576923076923077,1.927437020810515,0.0,0.0,0.0,0.0,0.0,0.0,0.0,0.6267059553349876,0.4729931756803253,0.0,1.0,0.0,1.0,1.0,81.5710210529604,254.75328955808203,0.5813953488372093,1328.294690265487,0.8604086845466156,0.9950980392156864,2.6440217391304346,0.0022879955733602,0.0084585397392251,0.0,0.0424710424710424,0.0,0.0,0.0,0.0,0.0,0.0,0.0,0.0,0.0,0.0,1302.8870967741937,416.7410178546611,659.5,1815.0,885.0,1560.0,1680.0,289.3009069227755,105.94933466972468,154.67358503738603,437.8905494009396,172.8165000798615,299.3576177411953,387.5834758298017,2.8129579230555053,0.3372758868045981,2.093716002583982,3.1683461617764843,2.6285166411151244,2.909651803015233,3.093451061691379,8.903225806451612,1.956871082335884,4.0,13.0,8.0,9.0,10.0,0.8570221418662036,0.0749418132134736,0.5469798657718121,0.9247311827956988,0.8341839918814342,0.8807106598984772,0.9022378165682304,0.0,0.0,0.0,0.0,0.0,0.0,0.0,3.8124495607743336,0.6653968152531533,1.7606837606837606,5.364620938628159,3.597140039447732,3.735576923076923,4.185483500497664,17.64516129032258,6.306925978364268,8.0,29.0,12.0,18.0,21.5,31,23945.0,2424.0,14.0,23500.0,0.1012319899770307,0.0005846732094382,772.4193548387096
44184726,2,1468.820512820513,553.6637817023684,622.0,3139.0,1106.5,1271.0,1754.5,44.12820512820513,41.04480321718463,5.0,194.0,16.5,40.0,51.0,1.4615384615384617,1.482308557209706,0.0,5.0,0.0,1.0,2.5,68.25641025641026,20.818775979091257,23.0,119.0,57.0,65.0,80.5,0.0306952130004587,0.0273202686514675,0.0036745406824146,0.1461944235116805,0.011881054810079,0.0213447171824973,0.0407762267574687,0.0010181181395689,0.0010338021895779,0.0,0.0034722222222222,0.0,0.0008976660682226,0.0019019815994338,0.1123060030588059,0.0524818452156378,0.0301027900146842,0.2452944748026715,0.0710916086864853,0.1119617224880382,0.1347531847133758,0.1362150997197256,0.0452966751801089,0.0471464019851116,0.2688492063492063,0.101934007149654,0.1394759087066779,0.1586635620771461,1.4690117522216053,0.6889136227702684,0.6915652173913044,3.7547863247863247,0.9124097016227536,1.1775527426160337,1.9659938223938225,13.333333333333334,39.44053188733078,0.0,130.0,0.0,0.0,0.0,0.568108226056944,0.3370685154360244,0.0,1.0,0.412987012987013,0.5925925925925926,0.8380952380952381,2.329313953413259,3.0026469154977495,0.0,10.25,0.4036212954545454,1.0555555555555556,2.8669361045296164,4.122351389232418e-05,0.0002541188062894,0.0,0.0016077170418006,0.0,0.0,0.0,0.0,0.0,0.0,0.0,0.0,0.0,0.0,1164.4812482666666,355.9560563359785,690.0,2100.0,870.0,1050.0,1409.043,180.98515582135056,95.34487887261412,103.82027428679312,495.6988328064965,125.50344397321317,155.86972385495724,187.79298180376668,2.2637702109549833,0.2547120166341675,1.7861834057298496,2.9115756753330437,2.082627304941612,2.261481162062222,2.424193898166875,6.205128205128205,8.446451195861862,0.0,31.0,1.0,3.0,7.0,0.0755633038733668,0.1196214842255461,0.0,0.5008305647840532,0.0018319092314363,0.0205580029368575,0.0750861374750211,0.0,0.0,0.0,0.0,0.0,0.0,0.0,1.2771423372193904,0.3013990279082134,1.0,1.980716253443526,1.0392566248780122,1.163716814159292,1.4256781193490051,13.333333333333334,2.9814239699997196,8.0,19.0,10.5,14.0,15.0,39,57284.0,1721.0,57.0,29500.0,0.0300432930661266,0.0009950422456532,1468.820512820513
57102172,2,837.3333333333334,260.5049228226116,166.0,1445.0,644.0,817.0,994.5,85.81481481481481,34.81276589715547,26.0,161.0,61.5,83.0,107.0,1.4074074074074074,2.5857051371417867,0.0,10.0,0.0,0.0,1.0,72.37037037037037,18.979810224528645,29.0,116.0,59.5,69.0,84.0,0.1050983317557249,0.0315773514636598,0.0485115766262403,0.168552036199095,0.07603065309571,0.1061946902654867,0.1301689763640046,0.0017423088953776,0.0029990362665646,0.0,0.0109529025191675,0.0,0.0,0.0016925125455171,0.1566482991719857,0.0558939229390866,0.0742397137745975,0.2840336134453781,0.1155564640948515,0.1442006269592476,0.1941337668726747,0.1261870158171381,0.0862234555993104,0.0,0.3020477815699658,0.066270531048983,0.1164921465968586,0.1692655253196389,0.984132993494562,0.2025322825764245,0.5774193548387097,1.3078431372549022,0.8832099277625928,0.9863492063492064,1.151139925904816,-1.455789624659958,44.63095374838481,-99.0,140.0,-8.623188405797102,0.0,11.153846153846152,0.3728412167322539,0.1495417591772252,0.0666666666666666,0.6363636363636364,0.2867167919799498,0.363265306122449,0.4933333333333333,0.5346770486483409,0.1727846574413429,0.2179650853333333,0.8668888799999999,0.4225872561290322,0.5573148214285715,0.664518168805704,0.0,0.0,0.0,0.0,0.0,0.0,0.0,0.0,0.0,0.0,0.0,0.0,0.0,0.0,1307.1563703703705,454.27161953266,780.0,2445.0,967.5,1215.0,1402.5,209.34266800825063,79.58325496719812,121.4434899995443,498.2872420652902,153.0464710807018,198.97732433003557,238.3137853719544,2.383831028084588,0.2708238914256662,1.7616940886662562,2.8762298082290747,2.159258966704074,2.431545786619623,2.5858645297744984,15.851851851851851,6.03510534876109,1.0,30.0,12.0,16.0,19.0,0.4034716379843696,0.0947453782411756,0.2508532423208191,0.6385542168674698,0.3664012170927977,0.4018595041322314,0.4208728267786994,0.0007111784063285,0.0015516904042699,0.0,0.007918552036199,0.0,0.0,0.0010003245365459,1.1903140604189986,0.1481041374030115,1.0,1.5072886297376094,1.051620738039445,1.15748031496063,1.3187131175523872,12.444444444444445,3.3591592128513277,6.0,17.0,11.0,11.0,15.0,27,22608.0,2317.0,38.0,20500.0,0.1024858457183297,0.0016808209483368,837.3333333333334
1794210,0,301.12,107.88005190951662,149.0,616.0,202.0,284.0,385.0,12.08,12.019717134774844,0.0,45.0,4.0,9.0,13.0,19.12,17.440917407063196,0.0,62.0,5.0,15.0,24.0,28.96,11.01446321887726,8.0,60.0,24.0,30.0,34.0,0.043991065075462,0.0433913191793985,0.0,0.1810699588477366,0.0162337662337662,0.0335917312661498,0.0520231213872832,0.0626846983130087,0.0484417100764554,0.0,0.1794871794871795,0.020671834625323,0.0544554455445544,0.0893719806763285,0.1293524463858626,0.087172731292545,0.0,0.3422818791946309,0.0689655172413793,0.1089108910891089,0.2093023255813953,0.2441572609845392,0.1225812260897005,0.0862068965517241,0.4939759036144578,0.1497584541062802,0.1896103896103896,0.3517786561264822,0.0,0.0,0.0,0.0,0.0,0.0,0.0,0.0,0.0,0.0,0.0,0.0,0.0,0.0,0.0,0.0,0.0,0.0,0.0,0.0,0.0,0.4385650793650794,0.4185043658287056,0.0,1.3,0.0666666666666666,0.27,0.8142857142857143,0.0,0.0,0.0,0.0,0.0,0.0,0.0,0.0,0.0,0.0,0.0,0.0,0.0,0.0,677.14,321.2032540308395,222.0,1304.5,462.0,518.0,900.0,149.31776094152264,78.29825042238991,42.75887701029937,335.09844035907656,105.06491761776638,125.55395849370512,153.11239940691533,2.8306457978993493,0.4317035646271043,1.0380527789769225,3.2506845770698067,2.701875621651951,2.971643114169727,3.0834702014353597,9.2,7.172168430816443,0.0,30.0,4.0,8.0,12.0,0.0,0.0,0.0,0.0,0.0,0.0,0.0,0.0344893150249923,0.0288392682207175,0.0,0.1234567901234567,0.0162337662337662,0.0250783699059561,0.0441176470588235,0.0,0.0,0.0,0.0,0.0,0.0,0.0,0.0,0.0,0.0,0.0,0.0,0.0,0.0,25,7528.0,302.0,478.0,19000.0,0.0401168969181721,0.0634962805526036,301.12
57217424,1,1755.0731707317073,1701.4872746704737,101.0,7524.0,762.0,941.0,2039.0,27.609756097560975,49.597343579917805,4.0,301.0,7.0,13.0,25.0,1.5121951219512195,1.7685870234422731,0.0,6.0,0.0,1.0,2.0,21.17073170731707,6.514158834282669,8.0,38.0,17.0,22.0,25.0,0.0289142152623275,0.0489065205393925,0.000916730328495,0.2487603305785124,0.0069508804448563,0.0115243583027763,0.0216138328530259,0.0013707061785987,0.0019217888461485,0.0,0.00836820083682,0.0,0.0006779661016949,0.0023501762632197,0.2116626499901401,0.1230828895852693,0.019115890083632,0.4681020733652312,0.1386138613861386,0.1786743515850144,0.2853566958698373,0.1128321846089832,0.1174552462998842,0.0,0.4634502923976608,0.015126050420168,0.0847457627118644,0.1753528773072747,0.972368320301283,0.7462044978007832,0.0,5.0,0.6174242424242424,0.8101015228426397,1.1104691272852707,0.0,0.0,0.0,0.0,0.0,0.0,0.0,0.2845934959349593,0.4326017558897438,0.0,1.0,0.0,0.0,0.6666666666666666,2.418639462512995,3.068113131528513,0.0,14.03111111111111,0.4545454545454545,1.8,2.608,0.0002015722636565,0.0012748549325411,0.0,0.0082644628099173,0.0,0.0,0.0,0.0,0.0,0.0,0.0,0.0,0.0,0.0,763.255943902439,245.99374679594467,458.014,1335.0,556.5,733.5937,829.9340000000001,150.97187720358468,69.37107921136948,64.31463244513604,404.07925813452096,115.75624970319672,128.59974717582415,153.85585582622474,2.62323376437619,0.3584505724358406,1.846220458555417,3.2164148727235355,2.46247034978747,2.660271531365189,2.854481521533056,1.0,1.3792893185949944,0.0,6.0,0.0,1.0,1.0,0.5712343284391496,0.2180624862299695,0.058542413381123,0.9528548978522788,0.3959322033898305,0.5049875311720698,0.7525539160045402,4.60767204171282e-05,0.0002051351448383,0.0,0.0010626992561105,0.0,0.0,0.0,1.5541774128838697,0.6196576949207968,1.0,3.70188679245283,1.1164807930607188,1.3819628647214854,1.8333333333333333,4.341463414634147,2.4753394061200535,1.0,11.0,2.0,4.0,7.0,41,71958.0,1132.0,62.0,31000.0,0.0157313988715639,0.0008616137191139,1755.0731707317073
72665872,2,889.5909090909091,561.3643006989076,7.0,3382.0,576.5,709.0,1113.25,81.61363636363636,49.58519569620962,1.0,207.0,46.25,63.5,105.5,1.7954545454545454,2.13817621365994,0.0,9.0,0.0,1.0,3.0,20.386363636363637,5.444830363376844,2.0,30.0,18.0,21.0,23.25,0.1026174881976133,0.0510687220580806,0.0388035569927243,0.2166666666666666,0.0605054619298818,0.08859954429533,0.1396299483648881,0.0026617853453489,0.0041575731283428,0.0,0.0222772277227722,0.0,0.0010886577899185,0.0027192768780915,0.1400690020994457,0.0966508426241682,0.0,0.3878437047756874,0.0663865342277542,0.1208852142054642,0.2064013019879458,0.2324736591824554,0.1138590124316477,0.0,0.5054945054945055,0.1539098090736917,0.2311054449511678,0.3150675362681156,1.6598445390381975,0.4754104183970215,0.0,2.8986486486486487,1.3719553866490417,1.6885953298025995,1.8747587316176468,20.454545454545453,22.406831897938613,0.0,45.0,0.0,0.0,45.0,0.3379388320013319,0.1180133404005284,0.0,0.7461538461538461,0.2999999999999999,0.3499999999999999,0.38125,1.5478079590433902,0.9370381985948656,0.0,6.8272894206376815,1.145271942114005,1.468317741762677,1.6140486750607144,0.0002500099635441,0.0011473394070247,0.0,0.0057887120115774,0.0,0.0,0.0,0.0001907858000854,0.0009378183578575,0.0,0.0057887120115774,0.0,0.0,0.0,1777.6323886363637,395.78406775056146,106.0,2415.0,1555.3125,1805.0,1939.250025,411.82194711947176,113.75878767024746,37.09227324785955,591.6734560383303,373.9942568098998,414.8894188445112,493.09802363426,2.68214759000453,0.5215990294017188,0.5916727785823275,3.2192192434747007,2.4911648265907456,2.8617228881008248,3.0417481322987574,2.4545454545454546,4.697458430095932,0.0,28.0,0.0,1.0,3.0,0.0030458794121729,0.0079308230541747,0.0,0.031094527363184,0.0,0.0,0.0,0.0,0.0,0.0,0.0,0.0,0.0,0.0,1.7130355166474531,0.6328437692808284,1.0,3.88011088011088,1.244723148423414,1.632373459277166,2.0293617117466223,22.795454545454547,6.3302288679526555,0.0,26.0,24.5,26.0,26.0,44,39142.0,3591.0,79.0,33250.0,0.0917428848806908,0.0020182923713657,889.5909090909091
50680960,2,1158.84375,778.5019713115295,173.0,2971.0,524.75,890.5,1774.75,69.9375,31.362734156160556,8.0,157.0,50.25,75.5,85.0,1.21875,1.780701669988547,0.0,8.0,0.0,1.0,2.0,47.90625,27.514041159696987,9.0,91.0,24.75,40.0,80.5,0.0816979421433526,0.0514991709178077,0.0179372197309417,0.1870229007633587,0.0409104215456674,0.0607761025420217,0.1237937544953248,0.0017597349735033,0.0032976970803555,0.0,0.0132978723404255,0.0,0.0006292653937581,0.0016456687262963,0.2039893297467652,0.1500068163357337,0.0,0.5347258485639687,0.0779267621673843,0.1777397773079296,0.2881494112668342,0.229659564348472,0.1181548052851117,0.0089686098654708,0.4564348521183053,0.1155351709273645,0.2412419534202701,0.3380807416359436,1.9020800536415352,0.4646487482300001,1.1469539078156312,3.6650303030303033,1.6909948275862068,1.815573235173937,2.0288243243243245,40.22219366500027,28.541120058581853,0.0,80.0,0.0,40.0,60.88749126484976,0.2513360899507825,0.1612835875749725,0.0,0.5333333333333333,0.11875,0.2928571428571428,0.3614423076923077,15.112411329228872,37.35697125058498,0.25,174.0575,1.2626658,3.437427229274966,6.75678786060606,0.0001040368899124,0.0004039117422935,0.0,0.0017769880053309,0.0,0.0,0.0,0.0,0.0,0.0,0.0,0.0,0.0,0.0,1595.3206875,377.7757483251007,840.0,2145.0,1385.625,1650.0,1800.0,283.19144364146786,63.7199095529274,150.61781591723243,368.5945247150182,245.17991699323497,293.94122750427493,344.22854740014697,2.4181117539998365,0.2724936133080242,1.818866474086514,2.855725670864272,2.1788391504893685,2.4318465086298007,2.609523653094781,38.0625,19.9654975833311,4.0,85.0,21.25,42.0,54.25,0.0629175614949874,0.0435646987041313,0.0,0.1603206412825651,0.0330599214029316,0.0546750970283663,0.0967865760035095,0.0,0.0,0.0,0.0,0.0,0.0,0.0,1.0937320836983002,0.142475724819412,1.0,1.5284552845528456,1.0,1.002670128335022,1.1493175821670158,11.71875,6.5155313242666555,2.0,30.0,9.0,11.0,13.0,32,37083.0,2238.0,39.0,24250.0,0.060351104279589,0.0010516948466952,1158.84375
11849346,2,451.7647058823529,173.58175880437258,41.0,861.0,308.0,436.0,605.0,22.576470588235296,23.175736028968508,0.0,106.0,7.0,13.0,34.0,1.152941176470588,1.459297835608064,0.0,6.0,0.0,0.0,2.0,20.305882352941175,9.276185231912276,5.0,44.0,12.0,21.0,26.0,0.0437249434955073,0.0334639156426705,0.0,0.1540697674418604,0.0165745856353591,0.0392156862745098,0.0628099173553719,0.0026091424053754,0.0035302036034888,0.0,0.0168067226890756,0.0,0.0,0.0046457607433217,0.1256977026281973,0.1238438069852076,0.0,0.4372990353697749,0.0235849056603773,0.0879478827361563,0.1865136298421807,0.2204011962072485,0.1337866044063371,0.0,0.5853658536585366,0.1354581673306772,0.2107969151670951,0.3245614035087719,0.4799813738880073,0.6955178923316437,0.0,2.0,0.0,0.0,1.112,0.0,0.0,0.0,0.0,0.0,0.0,0.0,0.8287029916583212,0.3560771223319501,0.0,1.0,0.9152631578947368,1.0,1.0,0.4217061310484088,0.8173915216875398,0.0,5.3715873,0.102200911392405,0.1973738181818181,0.3333333333333333,0.0,0.0,0.0,0.0,0.0,0.0,0.0,0.0,0.0,0.0,0.0,0.0,0.0,0.0,605.1003176470589,210.30266724611107,210.0,1530.0,493.0,570.0,660.0,133.53398855841044,46.62203078325187,73.17547901266447,322.66236904710934,110.16206290419198,123.29478122339592,139.5513454134098,2.579906015035629,0.3589236823670376,1.127001868955565,3.229556031878728,2.4091605743572777,2.6270905369888284,2.8264681628908317,21.858823529411765,23.4145017613778,0.0,106.0,6.0,12.0,33.0,0.0,0.0,0.0,0.0,0.0,0.0,0.0,0.0153320733815609,0.0161245185835961,0.0,0.0765027322404371,0.0,0.0109034267912772,0.0242290748898678,0.188235294117647,0.3908999464902623,0.0,1.0,0.0,0.0,0.0,3.8,5.828530235478096,0.0,31.0,0.0,1.0,5.0,85,38400.0,1919.0,98.0,64000.0,0.0499739583333333,0.0025520833333333,451.7647058823529
57583265,2,2125.0,1069.6858047717717,627.0,4458.0,1155.5,1974.0,2804.5,45.93023255813954,27.273289897010624,8.0,131.0,23.0,43.0,61.5,4.441860465116279,3.059885433190424,0.0,11.0,2.0,4.0,6.0,96.2093023255814,21.917984692978106,41.0,130.0,79.0,102.0,115.0,0.0252249137500115,0.014906048709079,0.0039106145251396,0.0669856459330143,0.0126842447582067,0.0230563002680965,0.0338644410723318,0.0023870568630601,0.0021496108646836,0.0,0.0124804992199688,0.0010793114393657,0.002023267577137,0.0027982505065221,0.2884008459436119,0.1121181959664055,0.0421713772992373,0.5067307692307692,0.2110857087265298,0.2971360381861575,0.3563280583474609,0.2978649259031237,0.1146571550244444,0.0522655899506505,0.485732606604681,0.1999036847659044,0.3042635658914728,0.3874488553559342,1.4964310324817092,0.2448019693359888,1.117824074074074,2.1202694610778443,1.2809104398516165,1.4827868852459016,1.6521923707621038,42.14566902656232,51.5258714397347,-64.0,101.14285714285714,0.4,62.0,84.60784313725489,0.4653624572028708,0.2667688353682232,0.0,1.0,0.3333333333333333,0.5,0.6220238095238095,1.838891098771932,1.4253784073844118,0.3121211515151515,6.839961538461538,0.9550929300925926,1.3227252171428572,2.18084381,9.479271991911022e-05,0.0006143270378925,0.0,0.0040760869565217,0.0,0.0,0.0,0.0003910873999808,0.0016180345499849,0.0,0.0093603744149766,0.0,0.0,0.0,1534.2705511627908,404.06444335359015,824.3777,2385.0,1260.065,1453.0,1862.65785,250.83905211245929,159.18684066655518,116.65890687228904,772.8482658281579,171.12534767887846,199.74779783593507,236.5738957998556,2.207206823441915,0.3031097934423437,1.6163430239424232,2.8013001618357993,1.9927906146584249,2.244345828667806,2.420104638631855,9.046511627906977,10.19337105243675,1.0,42.0,3.0,4.0,10.0,0.4565641500097478,0.1866602573564428,0.1413043478260869,0.8823529411764706,0.2956358133256984,0.4469732519943688,0.5503542600099567,0.0005221553614422,0.0017927760202196,0.0,0.0097442143727162,0.0,0.0,0.0,1.2819873186138313,0.256309823062484,1.0,1.913307564881281,1.103902241425871,1.1857366771159874,1.4464024687347734,27.046511627906977,12.950628050447111,5.0,59.0,18.0,25.0,34.0,43,91375.0,1975.0,191.0,32500.0,0.0216142270861833,0.0020902872777017,2125.0
87892,0,113.5,59.54447176394345,5.0,335.0,81.25,102.0,141.25,7.0,8.127657936294549,0.0,34.0,1.0,3.5,9.75,6.764705882352941,4.1661014610884175,0.0,16.0,4.0,7.0,10.0,16.764705882352942,5.965877596944988,3.0,30.0,13.0,16.0,19.0,0.0774651912534303,0.0897370385364848,0.0,0.4,0.014377085650723,0.0363609007472792,0.1130090497737556,0.0635965688605868,0.0422652235445123,0.0,0.1346153846153846,0.0269822960028085,0.0510071474983755,0.1045102448775612,0.0039184194112863,0.0069635049314177,0.0,0.021505376344086,0.0,0.0,0.0055147058823529,0.0118197633313863,0.0213957579284101,0.0,0.0806451612903225,0.0,0.0,0.0144500561167227,0.0,0.0,0.0,0.0,0.0,0.0,0.0,0.0,0.0,0.0,0.0,0.0,0.0,0.0,0.0,0.0,0.0,0.0,0.0,0.0,0.0,0.2428317352582058,0.2330852988423559,0.0,0.5,0.0,0.1023809523809523,0.5,0.0,0.0,0.0,0.0,0.0,0.0,0.0,0.0,0.0,0.0,0.0,0.0,0.0,0.0,434.2941176470589,174.94377742439306,128.0,1124.0,302.0,381.5,514.5,108.20528169973596,37.16138243526293,55.79390647732062,265.6213965992969,83.39797879656408,101.3318759038961,119.51310117140716,2.84662377640806,0.3375742515654122,1.521928094887362,3.194482309210002,2.7509997876808256,2.964473092548176,3.0687069912830425,3.8823529411764706,5.372942593284116,0.0,25.0,0.25,1.5,6.75,0.0,0.0,0.0,0.0,0.0,0.0,0.0,0.0,0.0,0.0,0.0,0.0,0.0,0.0,0.0,0.0,0.0,0.0,0.0,0.0,0.0,0.0,0.0,0.0,0.0,0.0,0.0,0.0,34,3859.0,238.0,230.0,25750.0,0.0616740088105726,0.0596009328841668,113.5
68901612,2,1451.9444444444443,412.7553044577679,1061.0,2583.0,1191.25,1236.0,1569.75,37.44444444444444,23.23843134460725,15.0,99.0,18.0,30.5,49.0,0.5555555555555556,0.8642416214502248,0.0,2.0,0.0,0.0,1.25,41.111111111111114,11.087474859742956,18.0,64.0,37.0,44.5,48.25,0.0254218645883429,0.0147253959501033,0.0120481927710843,0.0734725444702242,0.0158874886479171,0.0189614592827146,0.0292316894144455,0.0003460873366548,0.0005523634642378,0.0,0.0018467220683287,0.0,0.0,0.0008005691077309,0.1715643999861839,0.0662475412524919,0.0797602581834946,0.3991989319092123,0.1245572580069471,0.1658564538465211,0.2108867368657582,0.1229973539363548,0.0579377439543479,0.0294659300184162,0.3190921228304406,0.0829754635720631,0.1145893825009678,0.1445651534675321,1.4218637553884208,0.3453386366312233,0.7564643799472295,2.506594827586207,1.2265079783952737,1.2807329267335028,1.733971121471121,13.94110559181307,26.47176113339342,-36.36363636363637,70.0,0.0,8.82882882882883,30.454545454545453,0.2808234126984127,0.2752415399410386,0.0,1.0,0.0,0.2916666666666666,0.4874999999999999,1.898215467510764,3.954956541678178,0.0,21.5,0.0824075,0.3075499038461539,1.52500005,0.0018418435825503,0.0049581176484737,0.0,0.0211745904914103,0.0,0.0,0.0,0.0018418435825503,0.0049581176484737,0.0,0.0211745904914103,0.0,0.0,0.0,1134.7989444444445,268.7770162772215,759.652,1972.657,1034.75025,1068.908,1260.0,146.46848040100642,29.2515490701629,114.48823553707564,243.5853290422308,126.2107920581446,132.7179441869691,165.4072063516464,2.105630073575769,0.1466616035359905,1.823136413525014,2.4719106779447433,2.028055311500517,2.062097688009035,2.1960434187782147,0.1944444444444444,0.6591005843169262,0.0,3.0,0.0,0.0,0.0,0.6164494275754195,0.149788562412235,0.1789052069425901,0.8190158465387823,0.5104252292729814,0.5896004870890355,0.7698775827542486,6.941016942586232e-05,0.000243290387904,0.0,0.0011926058437686,0.0,0.0,0.0,1.2049799440592448,0.3383390865507676,1.0,2.46256157635468,1.0,1.1071729331676283,1.2377031991487577,13.194444444444445,2.2213539970583063,9.0,16.0,11.0,14.0,15.0,36,52270.0,1348.0,20.0,27250.0,0.0257891716089535,0.0003826286588865,1451.9444444444443
184920,2,87.0,45.68311907500463,36.0,222.0,53.0,70.0,110.0,3.0526315789473686,8.497514709177441,0.0,35.0,0.0,0.0,2.0,1.2894736842105263,1.1677214595965153,0.0,4.0,0.0,1.0,2.0,12.81578947368421,5.834810523951528,2.0,24.0,8.0,13.0,17.0,0.0282589833492393,0.0699929654483649,0.0,0.3578947368421052,0.0,0.0,0.0255693912303107,0.0166708081121831,0.0180005741925193,0.0,0.0666666666666666,0.0,0.0114359974009096,0.0244318181818181,0.0,0.0,0.0,0.0,0.0,0.0,0.0,0.0,0.0,0.0,0.0,0.0,0.0,0.0,0.0,0.0,0.0,0.0,0.0,0.0,0.0,0.0,0.0,0.0,0.0,0.0,0.0,0.0,0.0,0.0,0.0,0.0,0.0,0.0,0.0,0.131578947368421,0.2201736911931777,0.0,0.5,0.0,0.0,0.375,0.0,0.0,0.0,0.0,0.0,0.0,0.0,0.0,0.0,0.0,0.0,0.0,0.0,0.0,262.6578947368421,57.28473495378818,131.0,343.0,199.75,292.0,293.5,93.07654545512712,28.644814760397317,38.08208621219394,128.72951172937246,60.029769486451855,105.29483643973565,115.427071264982,2.342597359891108,0.4386955052666703,1.3198084134350678,3.0922683149024337,2.0497747033965417,2.3788916589859737,2.651226938651999,0.4736842105263157,0.8187552203212655,0.0,2.0,0.0,0.0,0.75,0.0,0.0,0.0,0.0,0.0,0.0,0.0,0.0,0.0,0.0,0.0,0.0,0.0,0.0,0.0,0.0,0.0,0.0,0.0,0.0,0.0,0.0,0.0,0.0,0.0,0.0,0.0,0.0,38,3306.0,116.0,49.0,28750.0,0.0350877192982456,0.0148215366001209,87.0
60587128,0,2263.027777777778,2939.5722996354334,113.0,11035.0,298.5,718.0,3247.0,330.47222222222223,110.80525612059482,112.0,671.0,252.75,313.0,365.25,0.0,0.0,0.0,0.0,0.0,0.0,0.0,12.555555555555555,8.98592864317578,1.0,32.0,6.0,9.0,19.75,0.5495629393720739,0.415426869628847,0.0290093048713738,1.0,0.1144880651958099,0.4526148886854074,1.0,0.0,0.0,0.0,0.0,0.0,0.0,0.0,0.1058619638334203,0.1705003717590686,0.0,0.5839392981346823,0.0,0.0026450513200254,0.1958875490496225,0.0379783741109921,0.0809298818178955,0.0,0.4089154089154089,0.0,0.0,0.0370015150197335,1.150965252316097,1.6782070572311247,0.0,10.0,0.1989130434782609,0.7780777611334211,1.7447143230919344,0.0,0.0,0.0,0.0,0.0,0.0,0.0,0.4402201744329799,0.2277666905827604,0.0,1.0,0.3642857142857142,0.4165055495882563,0.5,2.100445219089617,4.663537089970435,0.0,24.22222222222222,0.2390740664285714,0.4271536630884918,1.0965396490384616,0.0118485389554037,0.0378420746793422,0.0,0.1858407079646017,0.0,0.0,0.0,0.0116568451879896,0.0378305606909036,0.0,0.1858407079646017,0.0,0.0,0.0,2077.5069722222224,581.7669428925358,240.0,2580.0,2054.03325,2220.0,2490.0,460.66708291556614,220.9007239395471,66.0366317636952,896.554694214206,321.5973707421996,443.1216923816965,525.6574009674273,2.085788388172814,0.4614407388350887,1.3509810709027688,3.0817276788697363,1.7342969182269874,1.9573814795959672,2.4233376342769932,6.388888888888889,5.69247933572484,0.0,19.0,0.0,6.0,11.0,0.2914759137737896,0.3132711214975385,0.0,0.8522167487684729,0.0,0.1063346326504221,0.6079253966929424,0.0006401147979119,0.0014417007357741,0.0,0.0061601642710472,0.0,0.0,0.0001891834738582,1.296183350081835,0.9677386410570672,0.0,2.9892280071813286,0.0,1.5234782380714191,2.0,32.22222222222222,34.78194863168658,0.0,96.0,6.0,8.5,75.25,36,81469.0,11897.0,0.0,27250.0,0.146031005658594,0.0,2263.027777777778
57106915,2,1348.2857142857142,949.17532842022,47.0,4463.0,612.0,1190.0,1863.0,119.54285714285714,54.82926374907205,5.0,255.0,86.5,115.0,155.0,0.5714285714285714,1.076653924652387,0.0,4.0,0.0,0.0,1.0,23.857142857142858,12.757390815059452,4.0,45.0,13.0,23.0,35.5,0.151470982824985,0.1673162393799148,0.0223916150547879,0.7642857142857142,0.056575446039089,0.0962962962962963,0.1805414364640883,0.0004421339202886,0.0011725639384435,0.0,0.0063965884861407,0.0,0.0,0.0002863090167737,0.1346966458809359,0.1323472289467124,0.0,0.632,0.0548058825405939,0.109090909090909,0.1702317063306453,0.1663594099677754,0.1079276554714934,0.0,0.3731037310373103,0.0886407939039518,0.1534063839923773,0.2476393421844798,1.5884104571340494,0.5585316398112617,0.0,2.5625,1.3288381192601215,1.693867924528302,1.9923885077186965,22.271428571428572,62.05819191431111,0.0,202.0,0.0,0.0,0.0,0.4820425249353821,0.4003893199584908,0.0,1.0,0.0,0.5,1.0,1.2386911508423797,1.1480865385210872,0.2672413793103448,6.017333836000001,0.5801669301587302,0.7999999999999999,1.423822944950739,0.003601392541886,0.0104331527364767,0.0,0.0391198044009779,0.0,0.0,0.0,0.0002566295353486,0.000693375093475,0.0,0.0024449877750611,0.0,0.0,0.0,1726.4037142857142,293.28066189315956,1140.0,2220.0,1492.5,1650.0,1995.0,304.1724315954928,104.64812037792608,141.02579268798326,652.2221888626221,231.62531996190123,302.90240349951665,357.99297909523875,2.2594244446585012,0.4218184639226304,1.5924920412044827,3.2368080650915196,1.9105994901992835,2.223213356293327,2.5224801754029222,33.2,27.04895033611682,1.0,84.0,7.0,27.0,61.0,0.1726835302706771,0.1556338710673482,0.0,0.6304909560723514,0.0,0.1816318163181632,0.2303646331485728,0.0005065718499698,0.0016860771929662,0.0,0.0083732057416267,0.0,0.0,0.0,2.1784155247540187,0.9056459601695952,0.0,4.551724137931035,1.600099217285856,2.4507512520868113,2.730478055318503,8.514285714285714,3.4589133600963557,2.0,19.0,6.5,8.0,10.0,35,47190.0,4184.0,20.0,26500.0,0.0886628522992159,0.0004238186056367,1348.2857142857142
17250385,0,1644.4761904761904,375.3229236965871,540.0,2414.0,1432.0,1657.0,1782.0,9.523809523809524,4.573412268016369,0.0,18.0,6.0,9.0,12.0,0.6190476190476191,1.3265131692556305,0.0,6.0,0.0,0.0,1.0,13.38095238095238,6.07474232631029,5.0,23.0,6.0,15.0,17.0,0.0059765604200513,0.0033248081892631,0.0,0.0127931769722814,0.0034582132564841,0.005610098176718,0.008130081300813,0.0003816178741916,0.000802238343095,0.0,0.0036210018105009,0.0,0.0,0.0005948839976204,0.2208825767047452,0.0425821311725621,0.1802259887005649,0.3142201834862385,0.1930415263748597,0.1994156318480642,0.2413554633471646,0.3522860824656345,0.0209159070665929,0.2960039467192896,0.3935376967688483,0.3367231638418079,0.3589385474860335,0.3631436314363143,1.4056352658395983,0.5589679253917089,0.5306122448979592,2.0,1.1962718446601943,1.200144578313253,2.0,0.0,0.0,0.0,0.0,0.0,0.0,0.0,0.9429232804232804,0.2128703091356796,0.0,1.0,1.0,1.0,1.0,0.9927429946337508,1.2801154308127942,0.0,6.470588235294118,0.5,0.6694444444444445,0.9615384615384616,0.0,0.0,0.0,0.0,0.0,0.0,0.0,0.0,0.0,0.0,0.0,0.0,0.0,0.0,399.2142857142857,69.42117342517261,295.0,488.0,308.0,439.0,450.0,89.4810630907291,11.49097319068541,76.50987709335365,106.4304643122004,79.1880916897499,81.88241302376584,101.72897773895563,2.9138940663145902,0.220418095966882,2.5792934499696556,3.2768898365109203,2.7688009261470032,2.818946390069685,3.1501725136573553,9.19047619047619,4.215832376931688,0.0,18.0,6.0,9.0,12.0,0.1444530099506927,0.1645982250460537,0.0,0.4060308555399719,0.0293785310734463,0.0333333333333333,0.3554469273743016,0.0042203950922876,0.0034450555972741,0.0,0.0124395300621976,0.0014800197335964,0.0027522935779816,0.0058436815193571,1.3797590291024409,0.2876245949923967,1.049429657794677,1.7849056603773583,1.056622851365015,1.5460472697636511,1.5887521968365554,4.285714285714286,1.5779087167410373,3.0,7.0,3.0,4.0,4.0,21,34534.0,200.0,13.0,16000.0,0.005791393988533,0.0003764406092546,1644.4761904761904
50007109,2,257.7258064516129,187.06115692682235,2.0,1227.0,174.5,201.5,280.5,163.98387096774192,56.17498350789596,2.0,236.0,168.25,178.0,192.0,0.7903225806451613,1.5568485203437636,0.0,5.0,0.0,0.0,1.0,12.290322580645162,6.759430918912821,2.0,35.0,8.0,10.0,15.75,0.7758376068558287,0.2608267441777549,0.0245283018867924,1.0,0.6219552223335522,0.9173361522198732,0.9924225825299444,0.0077420981527436,0.0282235572761488,0.0,0.2083333333333333,0.0,0.0,0.0024887519973088,0.0544343118834135,0.1355043582068755,0.0,0.612876935615322,0.0,0.0,0.0244875303351061,0.0338221017924482,0.0859483419722881,0.0,0.5132075471698113,0.0,0.0,0.038350640451215,0.5064358965727964,0.4281974836125113,0.0,2.0,0.0,0.5856666666666666,0.7887500000000001,0.0,0.0,0.0,0.0,0.0,0.0,0.0,0.2805646615928874,0.343066017697136,0.0,1.0,0.0,0.025,0.5178571428571429,18.383075480953405,107.330275233844,0.0,846.5102564102565,0.6,0.8583333333333334,1.7660714285714287,0.0032785412637315,0.0126625677532062,0.0,0.077720207253886,0.0,0.0,0.0,0.0027154837216958,0.0120040331775051,0.0,0.077720207253886,0.0,0.0,0.0,1942.7573387096777,488.3030625618237,30.0,2415.0,1920.0,2047.5,2262.5,668.5663155261097,223.64843990971656,15.0,1011.9157260156873,552.3241078943705,712.2754617422115,815.2503489159756,1.55508534132957,0.6340703471721302,0.4629824402470751,3.031598020479209,1.0843554239611064,1.533000543413877,2.0088753481836736,4.0,3.1418096285318566,0.0,16.0,2.0,4.0,5.0,0.0049270069994901,0.0126794110151716,0.0,0.0643185298621745,0.0,0.0,0.0,0.0,0.0,0.0,0.0,0.0,0.0,0.0,1.4882525527236845,0.6610904414527771,0.0,3.689922480620155,1.0842391304347827,1.248762376237624,1.6560673325934148,2.161290322580645,4.3075086294901554,0.0,21.0,0.0,0.0,2.0,62,15979.0,10167.0,49.0,46750.0,0.6362726077977345,0.0030665248138181,257.7258064516129
1512012,0,216.86111111111111,229.3968120452924,47.0,1198.0,132.75,156.5,191.75,2.6944444444444446,4.611696749958766,0.0,24.0,0.0,1.0,3.0,0.3888888888888889,0.6358623967921998,0.0,2.0,0.0,0.0,1.0,16.77777777777778,5.735421669624219,7.0,31.0,13.0,15.5,20.25,0.0167181358786873,0.0356768489412439,0.0,0.1621621621621621,0.0,0.0053221288515406,0.0164642857142857,0.0019957518235617,0.0032921802136754,0.0,0.0108108108108108,0.0,0.0,0.0038661587169049,0.0226151878499323,0.0511886806948188,0.0,0.2284122562674094,0.0,0.0,0.0185544430538172,0.1837492786903724,0.0838922551358406,0.0734265734265734,0.44,0.1372593718338399,0.1602862276822694,0.191703216374269,0.0530858652463418,0.2188786799456924,0.0,0.9561751824817518,0.0,0.0,0.0,0.0,0.0,0.0,0.0,0.0,0.0,0.0,0.271604938271605,0.4226479695956466,0.0,1.0,0.0,0.0,0.6666666666666666,32.47307189432095,149.19277432816807,0.0,900.0,0.0,0.3177249107142857,0.75780475,0.004201423645868,0.0204357143898098,0.0,0.1216216216216216,0.0,0.0,0.0,0.004201423645868,0.0204357143898098,0.0,0.1216216216216216,0.0,0.0,0.0,393.31944444444446,207.3610362245902,171.5,1455.0,295.0,327.5,439.75,108.01245859485294,40.08267775763018,39.395949148711296,261.4742243639173,78.52464195322953,107.8455031989956,132.5862004098206,2.8490133559288133,0.2942695252596777,1.946760679618931,3.2525932488669005,2.6912186874155672,2.9509235685965023,3.085769361108728,0.8888888888888888,2.092018931529192,0.0,12.0,0.0,0.0,2.0,0.0039620566758414,0.0163430176040502,0.0,0.0733519034354689,0.0,0.0,0.0,0.0,0.0,0.0,0.0,0.0,0.0,0.0,0.784106156227388,0.4736353221618613,0.0,1.6205273069679849,0.75,1.0,1.0,0.1666666666666666,0.6871842709362768,0.0,3.0,0.0,0.0,0.0,36,7807.0,97.0,14.0,27250.0,0.0124247470219034,0.0017932624567695,216.86111111111111
27678958,1,364.9130434782609,170.3841983496679,136.0,718.0,269.5,329.0,452.5,9.391304347826088,5.73121984462055,1.0,23.0,4.5,8.0,13.5,0.6521739130434783,1.0878257394084176,0.0,3.0,0.0,0.0,1.0,33.69565217391305,13.620428335883204,14.0,68.0,28.0,31.0,42.5,0.0349850574801615,0.0280479618939935,0.0028449502133712,0.1034482758620689,0.0123340020497612,0.0256410256410256,0.0551868044515103,0.0021706791637313,0.0037700184116942,0.0,0.0119760479041916,0.0,0.0,0.0024332748222162,0.0967797221297604,0.0826588064564012,0.0,0.277158774373259,0.0286565977742448,0.0732484076433121,0.1315006832248211,0.0728191935237918,0.0643158391727729,0.0,0.2293388429752066,0.0142494929006085,0.0527704485488126,0.1238619669213473,0.6904298115560816,0.2950548624164642,0.0,0.9757446808510638,0.6256785714285715,0.7708333333333334,0.8932857142857142,0.0,0.0,0.0,0.0,0.0,0.0,0.0,0.3353642010163749,0.4609315427224162,0.0,1.0,0.0,0.0,0.9545454545454546,1.1963581766680782,1.493594537479364,0.0,5.694445714285714,0.1111114999999999,0.4162122857142857,1.8726421575757577,0.0,0.0,0.0,0.0,0.0,0.0,0.0,0.0,0.0,0.0,0.0,0.0,0.0,0.0,504.11542565217394,99.96328598705996,330.0,670.0,397.191645,540.0,562.5,111.3319245890415,18.779462906328497,75.52363556288415,143.3923389816294,97.766469927528,109.55021944405318,125.60726766165229,2.468526316157892,0.3580955251954031,1.4279192568956924,2.780891259836197,2.422864033342677,2.604210592378469,2.7142151325178343,4.391304347826087,4.852064826574914,0.0,13.0,0.0,3.0,10.0,0.0464420235109932,0.0845216411662221,0.0,0.245125348189415,0.0,0.0091185410334346,0.0152774667860874,0.0079953230295361,0.0129970848908946,0.0,0.0482758620689655,0.0,0.0,0.0145663669268182,0.933924485125858,0.2986409752379475,0.0,1.375,1.0,1.0,1.0,1.434782608695652,1.0964800185146517,0.0,3.0,0.0,2.0,2.0,23,8393.0,216.0,15.0,17500.0,0.0257357321577505,0.001787203622066,364.9130434782609
11813110,0,763.2666666666667,493.68228199476187,96.0,2570.0,428.5,643.5,957.0,3.1333333333333333,3.7570674142947658,0.0,18.0,1.0,2.0,4.0,1.1333333333333333,0.9568466729604882,0.0,3.0,0.0,1.0,2.0,20.466666666666665,6.566243641196659,9.0,36.0,16.0,20.5,22.75,0.0070411261216844,0.0123497149051116,0.0,0.0625,0.001557643771737,0.0027867965367965,0.0064742878283388,0.0021299178418364,0.0026787910933518,0.0,0.0104166666666666,0.0,0.0014218257288113,0.002736972651656,0.2003725705460947,0.1194469407156157,0.0,0.4283536585365853,0.1242734224476316,0.1680654345994211,0.2917211035188128,0.1269908279823842,0.0992411579573821,0.0089445438282647,0.3634241245136186,0.0507693710047787,0.0938766207455429,0.1888848572810837,1.1671233784556807,0.545600942101706,0.0,2.0,0.8776002109704641,1.0360018214936249,1.487040473730815,0.0,0.0,0.0,0.0,0.0,0.0,0.0,0.5749166666666666,0.463624726016715,0.0,1.0,0.0,0.87375,1.0,2.5429817709595963,4.09453873147046,0.0,14.545454545454543,0.0,0.8620342222222221,1.934245,0.0,0.0,0.0,0.0,0.0,0.0,0.0,0.0,0.0,0.0,0.0,0.0,0.0,0.0,646.8983333333333,219.92304150896865,252.20299999999995,856.0,426.875,730.7215,845.0,155.68270186008525,71.25486390469659,43.9721124448353,311.79434211591257,98.07198744329332,153.37511797439834,221.84664973771575,2.492077743206342,0.3480297889969926,1.7673279301583078,3.2388814606717564,2.229810191313648,2.607842094832786,2.720392947642721,0.9333333333333332,1.2092238098144703,0.0,5.0,0.0,1.0,1.0,0.0,0.0,0.0,0.0,0.0,0.0,0.0,0.0,0.0,0.0,0.0,0.0,0.0,0.0,0.9333333333333332,0.2494438257849294,0.0,1.0,1.0,1.0,1.0,2.033333333333333,1.4487542541400489,0.0,5.0,1.0,2.0,2.0,30,22898.0,94.0,34.0,22750.0,0.004105162022884,0.0014848458380644,763.2666666666667
60605814,2,2378.876712328767,1239.2632139974437,6.0,6623.0,1616.0,2260.0,3077.0,56.2054794520548,38.20096782253488,0.0,165.0,30.0,44.0,67.0,1.7123287671232876,1.4284722373949272,0.0,7.0,1.0,1.0,2.0,28.328767123287673,11.417428151878278,1.0,68.0,22.0,28.0,34.0,0.0335017848568234,0.0646949240346211,0.0,0.5578947368421052,0.013849543594586,0.022923712889891,0.0352369380315917,0.0009567734630303,0.0010297647558271,0.0,0.0052631578947368,0.0003147623544224,0.0006269592476489,0.0011614401858304,0.1586349972028782,0.1078401268592934,0.0,0.4964253798033959,0.0754716981132075,0.1298445799724572,0.2357310398749022,0.1230805966240404,0.0998521900841741,0.0,0.3876558224384311,0.0334460729049229,0.0943196829590488,0.2038327526132404,1.1293006096670095,0.3216352566426899,0.0,2.0,0.9561071932299012,1.117307086614173,1.352972582972583,1.2794520547945207,6.467176532498226,0.0,50.0,0.0,0.0,0.0,0.3448041379142362,0.2997153305440432,0.0,1.0,0.0,0.3888888888888889,0.5128205128205128,2.8215718353414276,9.022688882910057,0.0,77.4629059076923,0.5207832279069767,1.0686720833333332,1.656256721212121,0.0003684307525247,0.0016618004822521,0.0,0.0101744186046511,0.0,0.0,0.0,0.0001016260376473,0.000532486056355,0.0,0.003284842796809,0.0,0.0,0.0,1320.0128095890411,462.8177459950092,0.0,2191.83,1020.0,1260.0,1620.5,228.46394036592,125.23355422204052,0.0,562.5988611888379,155.48955387813294,192.025105934852,264.3376539268818,2.3176385910183233,0.4937904240891281,0.0,2.9412753126187243,2.18754277979294,2.4369492741925396,2.586766755716933,7.863013698630137,10.573053198169356,0.0,50.0,2.0,4.0,7.0,0.4996880227104093,0.1470861298772778,0.0,0.7090178897407813,0.4348108108108108,0.5228251507321274,0.5986717267552182,3.1789475632773974e-05,0.0001382369366091,0.0,0.0008310249307479,0.0,0.0,0.0,1.3188061879888031,0.5224030919442845,0.0,2.9881494986326342,1.0153733528550513,1.1485148514851484,1.5243977764051884,23.89041095890411,8.57291313131891,0.0,39.0,18.0,23.0,28.0,73,173658.0,4103.0,125.0,55000.0,0.0236268988471593,0.0007198055949049,2378.876712328767
38348152,0,1792.678571428571,858.0564439297614,93.0,3742.0,1291.5,1554.5,2393.0,60.17857142857143,57.79956350022314,5.0,234.0,28.75,40.5,62.5,1.9285714285714288,4.35011142245289,0.0,20.0,0.0,0.0,1.0,34.035714285714285,19.254836392184583,6.0,89.0,24.75,30.5,32.75,0.0449765607224299,0.05091507870182,0.003813882532418,0.2223282442748091,0.0182547337719751,0.0303233174276161,0.0422433039018872,0.0009634930118054,0.0020073670777222,0.0,0.0094295143800094,0.0,0.0,0.0006887020947483,0.0969091721672742,0.0689567575370714,0.0,0.2465753424657534,0.0510426306293265,0.0662652072788722,0.1502505227710941,0.1910316101179001,0.1140233485308481,0.0205479452054794,0.4623655913978494,0.1163584448982679,0.1550607667633728,0.2934283300325583,1.7283481343198894,0.190569890949846,1.17,1.9903672316384184,1.6829854736393195,1.7809676179084075,1.838875099563603,11.36904761904762,37.36630551689395,-45.0,110.0,0.0,0.0,1.25,0.461408665786669,0.2233429924687646,0.0,0.7647058823529411,0.4782608695652174,0.5,0.6015151515151514,2.0023308462046976,2.26548349387855,0.5971464705882352,11.0,0.7749999999999999,1.2085483333333331,1.5539137692895573,0.0,0.0,0.0,0.0,0.0,0.0,0.0,0.0,0.0,0.0,0.0,0.0,0.0,0.0,1213.124410714286,319.32705358992877,840.0,2535.0,1023.6375,1057.5,1416.65,172.6152239165058,57.25955482794479,117.44776617949891,347.7486478251627,132.0069782508573,156.64141078075363,178.68188126826854,2.227628324691154,0.3265538318577495,1.2696540825080214,2.914890579017536,2.179834190643673,2.227264897317094,2.420102315620396,8.071428571428571,8.323497596857823,0.0,33.0,0.0,8.0,14.5,0.295297695923029,0.1806807469447468,0.0057077625570776,0.6738794435857806,0.1371155368059956,0.2584671333973015,0.4402290790088827,0.0053285403519958,0.0160529650632792,0.0,0.086021505376344,0.0,0.0,0.0041474488829119,1.349355004172477,0.3474647428449102,1.0,2.0229032258064517,1.0338088846812947,1.2363640097478164,1.6347058168041009,18.607142857142858,7.183012130388346,3.0,30.0,14.0,17.0,24.0,28,50195.0,1685.0,54.0,21250.0,0.0335690805857157,0.0010758043629843,1792.678571428571
28268997,0,302.69565217391306,237.44242959589337,22.0,1091.0,157.5,236.0,377.5,37.17391304347826,26.07622967864235,1.0,82.0,12.5,39.0,59.0,0.4347826086956521,0.8249419983047946,0.0,3.0,0.0,0.0,0.5,17.608695652173914,6.204760657786558,5.0,29.0,13.0,17.0,22.0,0.1737445416526356,0.1303252842124744,0.0064377682403433,0.4935897435897436,0.0530850689695596,0.1857142857142857,0.2647025366852462,0.0015642698380672,0.0028943721507001,0.0,0.0098522167487684,0.0,0.0,0.001628664495114,0.0958927439641542,0.059374116820167,0.0,0.2256637168141592,0.0518481497532538,0.0946745562130177,0.1188215658645361,0.1469106771602099,0.1224729125196999,0.0,0.4592391304347826,0.047235809350472,0.0935960591133004,0.2517066267066267,1.7335333903032737,0.9718514122946856,0.5,5.1,1.4119079380764163,1.4964102564102564,1.654890402213237,0.0,0.0,0.0,0.0,0.0,0.0,0.0,0.323665725578769,0.3263902326757293,0.0,0.9,0.0,0.5,0.5630000000000001,1.7957117439439243,1.471707086996738,0.0,4.66455,0.7660458921990172,1.0909090909090908,2.609370583333333,0.0,0.0,0.0,0.0,0.0,0.0,0.0,0.0,0.0,0.0,0.0,0.0,0.0,0.0,1078.4145260869566,277.4225237960857,360.0,1410.0,922.75,1233.5158,1287.0,225.93550142840044,88.12675369114112,64.42806557146884,382.28109218960793,161.95087533080533,224.533953001212,291.45064526577585,2.1646236166047936,0.6453881740154275,0.3333754567599289,3.0126509770984344,1.7826343814909982,2.2156788493404966,2.698871017599335,6.260869565217392,5.681529121363352,0.0,17.0,1.0,4.0,12.0,0.1186941021796202,0.1722568429853914,0.0,0.5909090909090909,0.0,0.0176991150442477,0.1881773399014778,0.0033517853960962,0.0071673276048389,0.0,0.0305343511450381,0.0,0.0,0.0020351585168051,1.5699128003219784,0.3745956371705422,1.0,2.246808510638298,1.3428515928515927,1.620603015075377,1.7495477916002042,5.478260869565218,1.9307481140151752,0.0,8.0,5.0,6.0,7.0,23,6962.0,855.0,10.0,17500.0,0.1228095374892272,0.0014363688595231,302.69565217391306
15626624,0,861.7307692307693,269.2411783702068,136.0,1563.0,726.5,813.0,993.0,27.96153846153846,18.29140354885273,3.0,76.0,13.25,28.0,37.0,0.8076923076923077,1.0748606624986246,0.0,4.0,0.0,0.0,1.0,52.69230769230769,16.498879287741918,29.0,89.0,41.5,48.5,62.5,0.0344134175061608,0.0202906175405643,0.0029126213592233,0.0764525993883792,0.021618967647018,0.0310196389329327,0.0467008025565602,0.0009285496285952,0.0013402544066462,0.0,0.0050675675675675,0.0,0.0,0.0013458894248231,0.2104881250226269,0.0651424205049819,0.0801630434782608,0.3098404255319149,0.152030804058136,0.2299652557253334,0.2584560907471388,0.2061248645803027,0.1334611034957768,0.0175983436853002,0.4116504854368932,0.0988467916311749,0.1474835914078645,0.3400260739195619,1.127868138731982,0.4368815173102905,0.5705882352941176,1.8288170055452864,0.7775624942348494,0.8667612970785559,1.5329258974358972,0.0,0.0,0.0,0.0,0.0,0.0,0.0,0.7602995835235654,0.3234506193198248,0.0,1.0,0.6238095238095238,0.9282051282051282,1.0,1.0583019592149283,0.9611801037699615,0.0,3.3461538461538463,0.3361111111111111,0.4541310908733281,1.5931238333333333,0.0,0.0,0.0,0.0,0.0,0.0,0.0,0.0,0.0,0.0,0.0,0.0,0.0,0.0,934.0523423076922,280.5362514335895,462.5,1602.0768,762.975625,914.1425,1081.29375,163.18462386763258,42.65761028325282,99.00367442557916,239.16317826994583,132.25441143829303,162.86985995234795,194.7124591119118,2.624639056128766,0.3370661610466785,1.701604272362603,3.1707589509474223,2.5425181425726167,2.7208486593638916,2.843029086645944,16.23076923076923,10.142476151572016,2.0,33.0,6.5,16.0,23.75,0.0,0.0,0.0,0.0,0.0,0.0,0.0,0.0091201264307088,0.0090288062311468,0.0,0.0304568527918781,0.0027036393240626,0.0066766858701399,0.0141896288010227,1.4472582880907283,0.2749279264042872,1.0,1.926163723916533,1.2875,1.4764321841079373,1.5439994456762751,6.0,3.385489397640829,0.0,11.0,4.0,6.0,9.0,26,22405.0,727.0,21.0,19750.0,0.0324481142602097,0.0009372907833072,861.7307692307693
1238175,0,97.17142857142858,58.32984323864498,9.0,249.0,56.0,78.0,132.5,0.6285714285714286,1.1485572138423874,0.0,4.0,0.0,0.0,0.5,0.1428571428571428,0.3499271061118826,0.0,1.0,0.0,0.0,0.0,11.657142857142857,4.275798051778385,3.0,19.0,9.0,13.0,15.0,0.0107732048675816,0.0372553373899641,0.0,0.2222222222222222,0.0,0.0,0.0060240963855421,0.0008970656944818,0.0022378416644698,0.0,0.008130081300813,0.0,0.0,0.0,0.0089815910748189,0.018652561991834,0.0,0.093167701863354,0.0,0.0,0.0106537260151717,0.1196335317206864,0.1225594960370413,0.0,0.5,0.0367003367003367,0.08130081300813,0.1411342894393741,0.0,0.0,0.0,0.0,0.0,0.0,0.0,0.0,0.0,0.0,0.0,0.0,0.0,0.0,0.2,0.4,0.0,1.0,0.0,0.0,0.0,0.4142857142857143,1.6838973258728194,0.0,10.0,0.0,0.0,0.0,0.0,0.0,0.0,0.0,0.0,0.0,0.0,0.0,0.0,0.0,0.0,0.0,0.0,0.0,281.3,103.40379932229624,71.5,464.0,226.75,278.0,350.0,83.97754504168036,37.231160926979626,17.435433144103282,163.3926971700552,55.20825969140693,84.90641030617378,115.53985840391358,2.385760216002921,0.49217933849165,0.9864267287308424,3.0891571325981717,2.098696096170401,2.500642886276197,2.775510012586329,0.4,0.8,0.0,2.0,0.0,0.0,0.0,0.0,0.0,0.0,0.0,0.0,0.0,0.0,0.0,0.0,0.0,0.0,0.0,0.0,0.0,0.0,0.0,0.0,0.0,0.0,0.0,0.0,0.0,0.0,0.0,0.0,0.0,0.0,0.0,35,3401.0,22.0,5.0,26500.0,0.0064686856806821,0.0014701558365186,97.17142857142858
30296254,1,1343.56,1037.3011551135958,156.0,3806.0,469.0,1010.0,2205.0,7.64,5.712302512997714,0.0,20.0,3.0,7.0,11.0,2.0,1.9595917942265424,0.0,7.0,0.0,1.0,3.0,23.68,7.770302439416371,6.0,33.0,20.0,26.0,29.0,0.0122327936571943,0.0174377262933637,0.0,0.0710659898477157,0.0021321961620469,0.0037429819089207,0.0139949109414758,0.0022360439270929,0.0024107052709538,0.0,0.0089285714285714,0.0,0.0018518518518518,0.0038022813688212,0.0866630411048642,0.1111458290854352,0.0,0.3728210601209534,0.0203045685279187,0.0394402035623409,0.0756880733944954,0.1427093953101509,0.1421456180667425,0.0,0.4929245283018867,0.0451189499589827,0.0771604938271604,0.2209821428571428,0.9328543689577008,0.4460073607502297,0.0,1.866142857142857,0.6388709677419355,0.7959259259259259,1.1816,0.0,0.0,0.0,0.0,0.0,0.0,0.0,0.3362095238095238,0.3823649876285384,0.0,1.0,0.0,0.15,0.51,5.57227618115126,9.488931465865695,0.0,32.835319,0.4,1.3958305000000002,5.6416666,0.0,0.0,0.0,0.0,0.0,0.0,0.0,0.0,0.0,0.0,0.0,0.0,0.0,0.0,626.0054448,205.5245548421763,240.0,1080.0,457.5,600.0,720.0,134.54884619780964,54.62253424125895,28.75160787888743,225.66478640333213,94.36198791590373,133.5782506155205,188.81650982730332,2.7612890928824636,0.4317110968157426,1.845469148059801,3.2873031209483488,2.4171885225934715,2.9389092610754672,3.0387651368440487,1.28,2.306859336847394,0.0,9.0,0.0,0.0,1.0,0.0,0.0,0.0,0.0,0.0,0.0,0.0,0.0,0.0,0.0,0.0,0.0,0.0,0.0,1.5354396114014184,0.4529850440555333,1.0,2.857142857142857,1.1214511041009465,1.4698275862068966,1.8074074074074071,11.48,4.391992714019458,1.0,16.0,8.0,13.0,16.0,25,33589.0,191.0,50.0,19000.0,0.0056863854237994,0.0014885825716752,1343.56
69106677,2,2191.169811320755,1111.19269147129,436.0,6227.0,1448.0,2262.0,2798.0,51.471698113207545,38.26797457729488,10.0,140.0,17.0,39.0,81.0,3.660377358490566,4.291032317306246,0.0,26.0,1.0,2.0,5.0,49.094339622641506,11.70915486202013,13.0,73.0,41.0,51.0,57.0,0.0308914031049102,0.036132193683713,0.0045226130653266,0.1760154738878143,0.0114644970414201,0.0176255404057199,0.0375699440447641,0.0022384470813161,0.0033389744049616,0.0,0.0160550458715596,0.0004817729243616,0.0013812154696132,0.0024464831804281,0.2027083387983244,0.0927490300325984,0.0,0.5291613452532993,0.1574740207833733,0.1953567383918459,0.231353591160221,0.1369241685126415,0.0841109213257328,0.0214709913202375,0.3550446998722861,0.0767778477029578,0.1104972375690607,0.1824120603015075,1.4527773510559288,0.6951002522774407,0.7979373522458628,5.063190529875986,1.0492155941756691,1.3118279569892473,1.5801841746248295,-2.2895570772929266,14.166162828188384,-34.285714285714285,30.0,0.0,0.0,0.0,0.3840280905053725,0.2556466949771547,0.0,1.0,0.24,0.3588235294117647,0.5681818181818182,2.1647133635893896,3.4194961486693054,0.0,16.0,0.5,0.9472954090909091,1.6471347448979592,0.0099784686860529,0.0240115105865574,0.0,0.1203966005665722,0.0,0.0004288164665523,0.0079510703363914,0.0101537065130463,0.0240542246861358,0.0,0.1203966005665722,0.0,0.0008514261387824,0.0064367816091954,1775.967833962264,512.7617933267895,706.9639999999999,2543.0,1410.0,1816.0,2280.0,237.15302955642227,129.97700714814937,107.88477956225084,638.7041293743324,131.64667602605567,196.02968671031863,307.60405316174086,2.0047255839329385,0.3466959958496508,1.207184200846538,2.687458444677385,1.7942657692991038,1.9497597717624549,2.285518031233318,3.339622641509434,6.873365043951317,0.0,32.0,0.0,0.0,3.0,0.6722211238610561,0.1235417179810367,0.305045871559633,0.8727544910179641,0.5935442428135539,0.67739898989899,0.7740730094854843,0.0002550799097825,0.0005301599675828,0.0,0.0024464831804281,0.0,0.0,0.0003359086328518,1.631253115714567,0.6759391514545068,1.0,3.27875,1.1152694610778444,1.3489827856025038,2.0364372469635628,88.98113207547169,1.9569958305191348,80.0,99.0,89.0,89.0,89.0,53,116132.0,2728.0,194.0,40000.0,0.0234905107980573,0.0016705128646712,2191.169811320755
14755579,0,473.60869565217394,84.8168046979385,271.0,595.0,438.0,474.0,527.0,6.260869565217392,6.455313896684336,0.0,24.0,1.5,5.0,8.0,0.6086956521739131,0.5702120455914783,0.0,2.0,0.0,1.0,1.0,55.17391304347826,12.689098963842062,39.0,89.0,45.0,53.0,59.0,0.014087510937702,0.0145457209461452,0.0,0.0552995391705069,0.003288949924369,0.0106382978723404,0.0180804629057963,0.0013565338289381,0.0013240682591717,0.0,0.004524886877828,0.0,0.0017574692442882,0.0022154507448625,0.120310980661517,0.0767020350192012,0.0330188679245283,0.2888086642599278,0.0514328157945179,0.1072386058981233,0.159592346205877,0.1945949063720488,0.1283732036177272,0.050179211469534,0.4149659863945578,0.071054095397024,0.1734317343173431,0.3301669870707527,0.8673555058981188,0.3040289818426493,0.5645714285714285,1.401818181818182,0.6091527355623101,0.675979381443299,1.181,0.0,0.0,0.0,0.0,0.0,0.0,0.0,0.1231884057971014,0.2864381938558314,0.0,1.0,0.0,0.0,0.0,2.521370998992482,6.680605123013563,0.0,33.03333333333333,0.0,0.5,2.75,0.0,0.0,0.0,0.0,0.0,0.0,0.0,0.0,0.0,0.0,0.0,0.0,0.0,0.0,401.82608695652175,77.00855524122152,300.0,660.0,365.5,390.0,440.5,104.43530811378515,9.503627705912468,66.01686820166724,116.7302810260611,102.01626168759424,104.79452845840878,109.63190874534976,2.879889515593313,0.2137553787378194,2.3450074030244794,3.1472872751125545,2.843905073561805,2.9193136821348906,2.996175979833632,0.1739130434782608,0.5635426694267704,0.0,2.0,0.0,0.0,0.0,0.0,0.0,0.0,0.0,0.0,0.0,0.0,0.0,0.0,0.0,0.0,0.0,0.0,0.0,1.0156015014519917,0.0350182115448015,1.0,1.118279569892473,1.0,1.0,1.0,0.217391304347826,0.4124709991523973,0.0,1.0,0.0,0.0,0.0,23,10893.0,144.0,14.0,17500.0,0.0132194987606719,0.0012852290461764,473.60869565217394
150245,1,83.93939393939394,40.84407853224065,15.0,193.0,57.0,81.0,104.0,0.4545454545454545,0.9875254992000196,0.0,3.0,0.0,0.0,0.0,0.0606060606060606,0.2386062992124791,0.0,1.0,0.0,0.0,0.0,10.515151515151516,3.830667416499511,2.0,17.0,8.0,10.0,13.0,0.0059851139502902,0.0136810765230688,0.0,0.0545454545454545,0.0,0.0,0.0,0.0004447727657478,0.0018034183655281,0.0,0.009090909090909,0.0,0.0,0.0,0.0004591368227731,0.0025972700870029,0.0,0.0151515151515151,0.0,0.0,0.0,0.0156959256646483,0.0328445616384478,0.0,0.1621621621621621,0.0,0.0,0.021505376344086,0.0,0.0,0.0,0.0,0.0,0.0,0.0,0.0,0.0,0.0,0.0,0.0,0.0,0.0,0.0,0.0,0.0,0.0,0.0,0.0,0.0,0.0575757575757575,0.1557587548593502,0.0,0.5,0.0,0.0,0.0,0.0,0.0,0.0,0.0,0.0,0.0,0.0,0.0,0.0,0.0,0.0,0.0,0.0,0.0,288.3030303030303,177.96058209248488,13.0,939.0,181.0,270.0,330.0,87.92126295878468,66.94147848653105,4.419150245113747,357.93046067307625,49.995380645990686,74.30850844547206,101.55135597761648,2.4134841277852033,0.5035503250723165,0.5665095065529053,3.30065317732263,2.1921438663169983,2.4642113134883226,2.6260136217024077,0.2424242424242424,0.6527472493496368,0.0,2.0,0.0,0.0,0.0,0.0,0.0,0.0,0.0,0.0,0.0,0.0,0.0,0.0,0.0,0.0,0.0,0.0,0.0,0.0,0.0,0.0,0.0,0.0,0.0,0.0,0.0,0.0,0.0,0.0,0.0,0.0,0.0,33,2770.0,15.0,2.0,25000.0,0.0054151624548736,0.0007220216606498,83.93939393939394
42884355,2,2661.1935483870966,1255.9888128573807,351.0,6423.0,1990.5,2609.0,3244.0,27.903225806451612,20.215539916368837,5.0,121.0,15.5,27.0,32.5,2.967741935483871,2.3484225449291993,0.0,9.0,1.0,3.0,4.0,119.29032258064515,42.88935016948214,22.0,186.0,114.0,134.0,144.5,0.0130636312924403,0.0136412058979558,0.0026467382842908,0.0789302022178734,0.0070195321613221,0.0096123037487984,0.012812546632047,0.0011970342052937,0.000932130248875,0.0,0.0035294117647058,0.0004612554957592,0.0012455238984898,0.0015880985323214,0.2244362808956358,0.0609610856094516,0.124795818360013,0.3504273504273504,0.1831882676411919,0.2348331648129423,0.2638007670733632,0.2854689599694333,0.1032661499928753,0.0316831683168316,0.4254792826221397,0.2565467355886517,0.3010716677829873,0.3472672436256866,1.488020906098484,0.3711917525759359,0.9921910112359552,3.1715887850467293,1.3327514367816091,1.4584601113172542,1.5535352387546193,32.362063157064064,26.07608027632488,-14.52,107.42105263157896,22.18095238095238,33.375,40.875,0.3448914293591713,0.3256393679372517,0.0,1.0,0.0,0.3933333333333333,0.6277777777777778,5.229976532705658,6.047752739812832,0.07014925,25.00925925925926,0.8484848484848485,3.0552145833333335,7.091987096153845,0.0021050279528177,0.01008942030296,0.0,0.0567514677103718,0.0,0.0,0.0,0.0,0.0,0.0,0.0,0.0,0.0,0.0,1412.4393709677418,255.87203754737376,826.25,1844.25,1204.625,1445.75,1575.37,195.07014071069568,28.98751450701065,140.87204365443793,282.9927083726118,182.4085121077983,194.609679843169,209.4229443604948,2.3093502710032245,0.285498893227777,1.5698362540250208,2.726304885506602,2.094753479103331,2.30351568264636,2.5523909702736036,11.483870967741936,12.55920422726139,1.0,73.0,6.0,9.0,13.0,0.2485455459707257,0.0789628971442784,0.0572289156626506,0.42,0.205927684256848,0.2403943377148635,0.2753776490634406,0.0004545789305566,0.000734680521844,0.0,0.0028490028490028,0.0,0.0,0.000623227485907,1.6750682126156538,0.6452509582634914,1.0041802136553646,3.4479319448518626,1.1887875717662952,1.5982849604221636,1.7498286659576985,13.903225806451612,4.290686377978789,4.0,23.0,11.5,13.0,15.0,31,82497.0,865.0,92.0,23500.0,0.0104852297659308,0.0011151920675903,2661.1935483870966
4337980,0,556.4594594594595,207.71466845555156,73.0,863.0,499.0,602.0,691.0,11.108108108108109,8.38526308241343,0.0,32.0,0.0,14.0,16.0,0.3513513513513513,0.7058143166054376,0.0,3.0,0.0,0.0,0.0,73.29729729729729,36.35921747505164,9.0,121.0,50.0,84.0,98.0,0.018746323637777,0.0158992727530092,0.0,0.0549738219895288,0.0,0.0196987253765932,0.0249169435215946,0.0024795684852547,0.0075295480377369,0.0,0.0394736842105263,0.0,0.0,0.0,0.0512566102038735,0.0458515657058966,0.0,0.181959564541213,0.0106524633821571,0.0448504983388704,0.0685279187817258,0.2321529744834953,0.1059143399319136,0.057471264367816,0.4829659318637274,0.1676737160120845,0.2060518731988472,0.2490974729241877,0.0,0.0,0.0,0.0,0.0,0.0,0.0,0.0,0.0,0.0,0.0,0.0,0.0,0.0,0.0,0.0,0.0,0.0,0.0,0.0,0.0,0.101183924996471,0.0933991214768276,0.0,0.2143145384615384,0.0,0.0493829130434782,0.2000578,0.0,0.0,0.0,0.0,0.0,0.0,0.0,0.0,0.0,0.0,0.0,0.0,0.0,0.0,726.972972972973,207.96601677775308,308.0,960.0,554.0,810.0,870.0,151.90659637717008,27.50252019252399,72.63869436674388,221.66236406389024,137.69882427757656,159.36987301111134,166.7955843839016,2.8170184272980023,0.242814048328101,2.267836767952163,3.2895968212864757,2.65734704318605,2.80150341670975,2.9585815318476736,9.62162162162162,7.455639444910508,0.0,26.0,0.0,12.0,14.0,0.0,0.0,0.0,0.0,0.0,0.0,0.0,0.0007555349804317,0.0016119176632164,0.0,0.0095238095238095,0.0,0.0,0.0013315579227696,0.0,0.0,0.0,0.0,0.0,0.0,0.0,0.0,0.0,0.0,0.0,0.0,0.0,0.0,37,20589.0,411.0,13.0,28000.0,0.0199621156928456,0.0006314051192384,556.4594594594595
36608503,1,745.0833333333334,529.844624761721,1.0,2004.0,329.0,595.5,1084.0,15.291666666666666,13.03993598740253,0.0,48.0,3.0,12.0,25.0,0.875,1.0532687216470449,0.0,4.0,0.0,1.0,1.0,25.333333333333332,11.440668201153676,1.0,56.0,18.0,25.0,30.75,0.0741577322848133,0.1964066262980028,0.0,1.0,0.0117457736856037,0.026254741373653,0.0390161736177134,0.0018003155500068,0.0029583910501897,0.0,0.0125,0.0,0.0007216445296376,0.0019909715671742,0.1298316164801382,0.0704805585912225,0.0,0.2439024390243902,0.0666197636648745,0.1457522370010944,0.1787228615394908,0.23657651796978,0.1021343978021479,0.0,0.425,0.1673112170087976,0.2166814400884383,0.3275462962962963,1.0747179240750964,0.3384912801758472,0.0,1.8,0.9398622688200052,1.12686322485931,1.2033333333333334,0.0,0.0,0.0,0.0,0.0,0.0,0.0,0.4288760150524857,0.4182831489278549,0.0,1.0,0.0,0.3383838383838383,0.8058823529411765,10.027928075157606,12.823387752933522,0.0,43.69074070833333,0.5,1.51736,16.641206229946526,0.0,0.0,0.0,0.0,0.0,0.0,0.0,0.0,0.0,0.0,0.0,0.0,0.0,0.0,683.5365804166667,239.8518725750454,0.0,1123.0,570.0,675.0,821.25,133.4856528942328,36.78528682701536,0.0,184.90708172454103,121.43037890752323,134.70785010597277,161.40859617354036,2.604377356540389,0.6087425965900691,0.0,3.1378509000844295,2.494747607840611,2.762691228492568,2.968358598481138,1.875,2.9624384663089063,0.0,11.0,0.0,0.0,2.25,0.0002808753455157,0.0007821945676411,0.0,0.003584229390681,0.0,0.0,0.0,4.583791712504584e-05,0.0002198309279112,0.0,0.0011001100110011,0.0,0.0,0.0,1.1878200904942289,0.4739613555581431,0.0,2.4444444444444446,1.0,1.0040847789366436,1.2411810279667423,14.166666666666666,12.908868613820845,0.0,38.0,4.0,9.0,26.0,24,17882.0,367.0,21.0,18250.0,0.0205234313835141,0.0011743652835253,745.0833333333334
33231469,0,908.548387096774,316.19071814228516,4.0,1696.0,775.5,881.0,1030.5,36.096774193548384,34.152744978905766,0.0,146.0,20.0,27.0,32.5,1.5161290322580645,1.6630901618903535,0.0,5.0,0.0,1.0,2.0,46.87096774193548,13.925474302419524,4.0,73.0,39.5,45.0,57.5,0.040490765981133,0.0376823431572152,0.0,0.1934604904632152,0.0218703877633167,0.030716723549488,0.039630467571644,0.0014640819073155,0.001574043687873,0.0,0.0056753688989784,0.0,0.0011086474501108,0.0025501496932993,0.1542388946924754,0.0750742411552375,0.0285343709468223,0.3352545629202689,0.0886665095431314,0.1568627450980392,0.1992796447738308,0.243444687654226,0.1048400972121786,0.0,0.3791044776119402,0.1972635869830217,0.2404951370468611,0.3297189199356077,1.2190260672692674,0.300533762262392,0.0,1.6431793478260872,1.1314147963348806,1.2341603053435113,1.379409937888199,0.0,0.0,0.0,0.0,0.0,0.0,0.0,0.8433940953133828,0.1988946929810255,0.0,1.0,0.7833333333333334,0.9130434782608696,0.9888544891640868,1.2126026025987358,0.7906813299695934,0.0,3.6133819583333335,0.6086538461538462,1.18,1.5267455625,0.0,0.0,0.0,0.0,0.0,0.0,0.0,0.0,0.0,0.0,0.0,0.0,0.0,0.0,648.4506451612904,142.24088557308698,39.0,825.0,600.235,645.0,720.0,135.35394560742594,30.963686938326447,14.254385290148432,182.60991662164008,118.964461181211,144.01302554219592,155.10034837417533,2.7617157600046207,0.2757046270510704,2.0,3.1361377845099296,2.5684763376222497,2.7960651745968277,2.974431256649761,12.451612903225806,7.2638686470175,0.0,25.0,6.0,14.0,18.0,0.116592745680042,0.1164513376427812,0.0,0.3920398009950249,0.016241584041099,0.0644841269841269,0.1802781577747378,0.0,0.0,0.0,0.0,0.0,0.0,0.0,2.8010380211362316,0.8331008811813958,1.1892201834862386,4.238235294117647,2.0654563499798577,2.712860310421286,3.3829236644725844,17.451612903225808,3.4157010301803994,1.0,22.0,17.0,19.0,19.0,31,28165.0,1119.0,47.0,23500.0,0.0397301615480205,0.0016687377951358,908.548387096774
54528439,2,1119.4117647058824,284.4660754762961,671.0,1790.0,958.0,1076.0,1237.5,46.76470588235294,20.14806781500898,10.0,90.0,36.0,45.5,58.0,3.176470588235294,4.112181246258015,0.0,18.0,1.0,2.0,4.0,113.0,22.4158557328355,29.0,148.0,105.0,116.5,126.75,0.042693244222541,0.0176094467245294,0.0065832784726793,0.0804597701149425,0.029496342552722,0.0401595024462457,0.0536099878013542,0.0025058779401662,0.0026528627087554,0.0,0.010533245556287,0.0010203423315946,0.0016221283033761,0.0029288992535326,0.1580717801335909,0.0707612672226304,0.073778664007976,0.4134298880842659,0.1177764804551957,0.1370420733977627,0.1781940033015347,0.2302139460977907,0.082498334290818,0.1345962113659023,0.5464121132323897,0.1813147249708777,0.2184668058860667,0.2485001363512408,1.0924174928319503,0.2835134004377749,0.6873529411764706,1.6292771084337347,0.8871334134615385,0.997825613710051,1.3409650735294116,9.304971988795518,15.812804981293892,0.0,41.42857142857143,0.0,0.0,16.875,0.4545873642114951,0.111328711540547,0.2,0.6666666666666666,0.3652272727272727,0.4972222222222222,0.5299111975302889,13.64334311806801,23.79133619341395,0.087490553125,71.7454760892857,0.3360880488329238,0.5361367971428572,12.6682622418696,0.0001431749488405,0.0005747368343079,0.0,0.0026333113890717,0.0,0.0,0.0,0.0001431749488405,0.0005747368343079,0.0,0.0026333113890717,0.0,0.0,0.0,1200.514705882353,399.5546323038962,585.5,2505.0,1020.125,1140.0,1364.875,174.06281993648227,50.92829018559002,101.32346768639052,303.0952589771006,139.53856145769552,165.18791472162332,207.71217358619813,2.178045870311634,0.3742515066868115,0.9472524884354172,2.972042014704729,2.065927921042278,2.2065165777985065,2.3172139087329175,6.029411764705882,7.853381789798084,0.0,40.0,3.25,4.0,6.0,0.1091197155566497,0.0599041427535075,0.0,0.2150866462793068,0.0576054984704682,0.099562216477245,0.1529209751852986,0.0003620430763723,0.0013505424438771,0.0,0.0067632850241545,0.0,0.0,0.0,1.1363154046843544,0.2983673105013623,0.0,1.8,1.0,1.0496610461384308,1.285170664206642,9.558823529411764,7.799665062456541,3.0,39.0,6.25,7.0,9.0,34,38060.0,1590.0,108.0,25750.0,0.0417761429322122,0.0028376248029427,1119.4117647058824
34364134,2,1006.1724137931036,514.4845474684627,50.0,2361.0,711.0,885.0,1104.0,16.82758620689655,14.224963403424812,0.0,66.0,5.0,18.0,21.0,3.8620689655172415,3.1701641198789527,0.0,14.0,2.0,3.0,5.0,50.10344827586207,18.55345460458957,10.0,96.0,41.0,50.0,62.0,0.0171600453014788,0.0140747830924842,0.0,0.0686070686070686,0.0084709868699703,0.0134158926728586,0.0255362614913176,0.0047593858790282,0.0051982397728154,0.0,0.0224719101123595,0.0015625,0.0026109660574412,0.0058394160583941,0.1480094730035505,0.0944768086395074,0.0,0.5234375,0.0910543130990415,0.1343065693430657,0.1615667074663402,0.2442867883899543,0.0847175549820299,0.02,0.3991971454058876,0.1806596701649175,0.2372881355932203,0.3066104078762307,1.5741748595000846,0.296672442245383,0.6568085106382979,2.1723287671232874,1.4912582781456956,1.555921052631579,1.7386904761904762,28.96551724137931,41.301651264159574,0.0,90.0,0.0,0.0,90.0,0.527925544898028,0.3437853584988183,0.0,1.0,0.0,0.75,0.75,46.51669596934606,186.4516618588009,0.0,1000.35,0.51,0.5181818181818182,0.70625,0.0,0.0,0.0,0.0,0.0,0.0,0.0,0.0,0.0,0.0,0.0,0.0,0.0,0.0,900.1638931034482,244.8327319606478,40.88799999999998,1390.9619,825.2046,900.0,990.0,158.27654153421838,50.00360055970855,10.219299190238043,258.1982144382072,127.59391973320426,155.60013032004082,177.41541749421873,2.6964623703271076,0.2095388754299086,2.343014713214055,3.2240883156583107,2.541997312360946,2.6320980585589258,2.854626451506301,13.137931034482758,8.807223281277604,0.0,27.0,3.0,11.0,20.0,0.0489068497696383,0.1069167499621004,0.0,0.46,0.0,0.0020429009193054,0.0184696569920844,0.0020308390117852,0.0020009249479379,0.0,0.0083160083160083,0.0,0.0017452006980802,0.0034324942791762,0.8281324360684569,0.3779976850177861,0.0,1.0140485312899106,1.0,1.0,1.0,7.482758620689655,2.1754221097362074,2.0,11.0,7.0,7.0,9.0,29,29179.0,488.0,112.0,22000.0,0.0167243565577984,0.0038383769149045,1006.1724137931036
57513727,1,650.3846153846154,442.53063723489106,16.0,2102.0,401.5,592.0,807.5,27.256410256410255,18.9340528240657,0.0,76.0,12.5,20.0,40.5,1.205128205128205,2.0900188586989574,0.0,9.0,0.0,1.0,1.0,22.256410256410255,7.66851019769828,5.0,48.0,17.0,23.0,25.5,0.0511767960433422,0.0335760960282028,0.0,0.1283783783783783,0.0218074455247843,0.0439560439560439,0.0700295937584073,0.0027939795481257,0.0046300640938498,0.0,0.018348623853211,0.0,0.000475737392959,0.0023562650562284,0.1298013373732897,0.1330183333402969,0.0,0.4692597239648682,0.0158888410453446,0.0889894419306184,0.1984446900015044,0.1687824864581561,0.1254194387394097,0.0,0.3826850690087829,0.0472409698787651,0.1698645598194131,0.2696881358250551,1.7347992003984136,0.3346248084702475,0.5,2.408918918918918,1.6102857142857143,1.7816666666666667,1.8967592592592593,0.0641025641025641,0.3951547437800626,0.0,2.5,0.0,0.0,0.0,0.3013934331492381,0.3319053822323181,0.0,1.0,0.0,0.2242857142857142,0.5247222222222222,2.396222623512753,1.6482990534359008,0.0,7.315535000000001,1.4582720588235294,1.9027777777777777,2.912523552631579,0.0039864943474854,0.0087837002654399,0.0,0.036697247706422,0.0,0.0,0.0,0.004000964452249,0.0087998831629325,0.0,0.036697247706422,0.0,0.0,0.0,1066.7024102564103,509.6903614440437,555.0,2550.0,810.0,900.0,1170.0,228.69557961635505,91.29553766163698,73.10581749429278,478.100533066692,159.5367888621339,214.6256549057762,271.3073462271063,2.635452443219815,0.5625797138376537,0.3372900666170139,3.2314781916854,2.5173911886275846,2.740044854777259,3.0325453263663533,1.3333333333333333,2.378680234524947,0.0,10.0,0.0,0.0,1.5,0.0962823617602904,0.112394184404072,0.0,0.3905967450271247,0.0,0.0744985673352435,0.1367724344173978,0.0,0.0,0.0,0.0,0.0,0.0,0.0,1.5822730706993644,0.4909573679864943,1.0,2.7746710526315788,1.207407831463247,1.464,1.9100033993917849,10.282051282051285,4.088437215998923,0.0,19.0,8.0,9.0,13.0,39,25365.0,1063.0,47.0,29500.0,0.0419081411393652,0.001852946974177,650.3846153846154
1446958,1,185.08,136.96917025374725,28.0,462.0,76.0,127.0,259.0,1.0,2.6381811916545836,0.0,10.0,0.0,0.0,0.0,0.24,0.5122499389946279,0.0,2.0,0.0,0.0,0.0,14.04,3.9747201159326937,7.0,21.0,10.0,15.0,17.0,0.0092338412525486,0.024897489203926,0.0,0.1071428571428571,0.0,0.0,0.0,0.0008447878793179,0.0019777814677018,0.0,0.0073260073260073,0.0,0.0,0.0,0.0220141808906883,0.0423506694561655,0.0,0.1245421245421245,0.0,0.0,0.0,0.0013586413586413,0.0059516168655123,0.0,0.0303030303030303,0.0,0.0,0.0,0.0,0.0,0.0,0.0,0.0,0.0,0.0,0.0,0.0,0.0,0.0,0.0,0.0,0.0,0.16,0.3666060555964671,0.0,1.0,0.0,0.0,0.0,0.0613333333333333,0.174783675820522,0.0,0.7333333333333334,0.0,0.0,0.0,0.0,0.0,0.0,0.0,0.0,0.0,0.0,0.0,0.0,0.0,0.0,0.0,0.0,0.0,311.32,137.86398224336912,129.0,597.0,191.0,292.0,429.0,93.38469103521956,39.60176143520855,29.907601817341465,184.81965283575923,61.11567481928658,95.29470266224456,125.41012882668764,2.8093256298145013,0.4290226889242864,1.4216153316724465,3.2430427326267086,2.597156561852528,2.9064781683546053,3.169224847461482,1.0,2.6381811916545836,0.0,10.0,0.0,0.0,0.0,0.0,0.0,0.0,0.0,0.0,0.0,0.0,0.0092338412525486,0.024897489203926,0.0,0.1071428571428571,0.0,0.0,0.0,0.0,0.0,0.0,0.0,0.0,0.0,0.0,0.0,0.0,0.0,0.0,0.0,0.0,0.0,25,4627.0,25.0,6.0,19000.0,0.0054030689431597,0.0012967365463583,185.08
54682375,1,2247.1,455.1932446774666,1365.0,3143.0,2093.75,2200.0,2503.5,20.85,6.068566552325186,7.0,32.0,17.0,21.0,25.0,0.65,0.9096702699330126,0.0,2.0,0.0,0.0,2.0,22.25,3.096368841078207,16.0,28.0,20.75,21.0,25.0,0.0095515994947564,0.0034522996662353,0.0041518386714116,0.0183150183150183,0.0078698501320823,0.0090973126214945,0.0101138155421313,0.0002718351672143,0.0003979172153132,0.0,0.0011862396204033,0.0,0.0,0.000654430339501,0.0501565497995017,0.0364060487065107,0.0059311981020166,0.1428571428571428,0.0190070831185449,0.040115751026683,0.0732555691368349,0.271142240600664,0.1000400849930982,0.0512820512820512,0.4137273593898951,0.2340923249203639,0.2861787065521021,0.3397591212030321,1.3353716227062458,0.3714011354687212,0.7161959654178673,2.0766666666666667,1.0300747365170442,1.3353780663780663,1.609187293729373,49.05,11.399451741202292,0.0,54.0,50.0,50.0,54.0,0.2266666666666666,0.2594010194445829,0.0,0.6666666666666666,0.0,0.0833333333333333,0.5,1.7590031554979173,1.8870248065988464,0.0,8.837302142857144,1.00877175,1.0967616923076924,1.8539310020833335,0.0,0.0,0.0,0.0,0.0,0.0,0.0,0.0,0.0,0.0,0.0,0.0,0.0,0.0,893.2,28.477359428149235,810.0,960.0,886.0,886.0,889.5,155.85484019376491,10.51057673046281,139.2026142454679,185.0919913731701,148.46743702193118,155.80155017697322,158.86061662854718,2.79623088014915,0.089652603230769,2.6244826828617924,2.9488468794989604,2.729543877223104,2.8190825313710253,2.855565351687427,11.1,6.10655385630881,3.0,21.0,6.0,10.5,18.0,0.5500913577467273,0.0480096464132719,0.4217784117926771,0.6271739130434782,0.5344542267548402,0.5460139653665391,0.5781589748437025,0.0,0.0,0.0,0.0,0.0,0.0,0.0,1.117980661190917,0.0453870357301913,1.055793991416309,1.219967965830219,1.0832785477638305,1.1121408732313818,1.141411473924351,17.35,0.5722761571129799,16.0,18.0,17.0,17.0,18.0,20,44942.0,417.0,13.0,15250.0,0.0092786257843442,0.0002892617150994,2247.1
67709886,1,2214.162162162162,855.616121094271,537.0,3610.0,1422.0,2187.0,3003.0,111.94594594594597,59.738595404160144,28.0,299.0,59.0,106.0,144.0,2.72972972972973,4.044673832763338,0.0,15.0,0.0,1.0,3.0,32.91891891891892,7.984371147125331,19.0,59.0,29.0,31.0,39.0,0.0525029453720395,0.0221818128064325,0.0178453403833443,0.1106587712805329,0.0347137637028014,0.0478991596638655,0.0628571428571428,0.0011205448918119,0.0018358811383681,0.0,0.0094562647754137,0.0,0.0004395604395604,0.0013717421124828,0.3208855015121701,0.1030023035676112,0.1276595744680851,0.5421511627906976,0.2465665921430852,0.3280746941403735,0.3637992831541218,0.3372537594389274,0.1012699133851385,0.1429819452533488,0.5443313953488372,0.2772344013490725,0.3337950138504155,0.4267388825541619,2.1570544064120787,1.8425513244212464,0.8506306306306306,11.212000000000002,1.360783699059561,1.7230449438202249,2.0771802773497687,19.046437346437347,19.090383493851025,0.0,40.0,0.0,19.5,40.0,0.5267037464597055,0.188321446823199,0.196,0.88734375,0.3968518518518518,0.4925,0.6942222222222223,337.75589298242676,382.4575072384206,0.1963194666666666,1522.0457327272727,2.8214740540540544,261.99982274379084,472.493521518868,7.365651578394283e-05,0.0002527575777061,0.0,0.0010474860335195,0.0,0.0,0.0,7.365651578394283e-05,0.0002527575777061,0.0,0.0010474860335195,0.0,0.0,0.0,1601.1050594594594,371.80942443660024,1032.85,2475.0,1374.4377,1470.0,1635.0,259.8566860491866,109.15801756238292,150.29510898953117,601.9432687603443,191.64383268199796,232.71605795825545,254.9318311261652,2.226441431126021,0.2913747888909689,1.5283167229909622,2.8905196558280113,2.060995894858918,2.1890219644641777,2.468164429037561,29.72972972972973,29.76815698354912,0.0,94.0,8.0,21.0,33.0,0.4516539598796151,0.1902998842293803,0.106145251396648,0.8094233473980309,0.3240058910162003,0.458498023715415,0.5932773109243697,0.0017955986597583,0.0028939939935333,0.0,0.0106658047834518,0.0,0.0,0.0033879164313946,2.67673557113486,0.7145056772695981,1.3056872037914693,3.715146948003014,1.9763434579439252,2.7101296880476693,3.32419168591224,47.21621621621622,26.00637669738373,21.0,104.0,26.0,44.0,65.0,37,81924.0,4142.0,101.0,28000.0,0.0505590547336555,0.0012328499584981,2214.162162162162
55971875,2,1821.6037735849056,1218.0597212427897,91.0,6250.0,993.0,1437.0,2413.0,42.0377358490566,25.666924802864187,4.0,115.0,19.0,35.0,56.0,3.2264150943396226,6.778549712516327,0.0,40.0,0.0,1.0,3.0,29.150943396226417,7.359748320181788,9.0,49.0,24.0,28.0,34.0,0.0353315728478349,0.0372726948523459,0.0032729103726082,0.2197802197802197,0.0122982321291314,0.0225669957686882,0.0415224913494809,0.0019141924256451,0.0032642777763744,0.0,0.0191296030607364,0.0,0.0009920634920634,0.0023328149300155,0.2585830650558915,0.1244673020613051,0.0072568940493468,0.5635566687539136,0.1676587301587301,0.2547227300426569,0.3575091575091575,0.3206917499834473,0.1050831938091122,0.0109890109890109,0.4688032730992158,0.2871559633027523,0.3579952267303102,0.3862289101687186,1.2635770813363063,0.3401038456555764,0.6357358490566039,2.0,1.0272689075630252,1.1607627118644068,1.6344802867383514,4.058736092698357,14.147723133589542,-27.77777777777778,26.818181818181817,-4.0,0.0,20.0,0.4350120304172023,0.2246263486213756,0.0,0.7857142857142857,0.3767441860465116,0.5,0.5714285714285714,78.42068643840501,259.2341925253537,0.018,1481.1151747142856,0.5075362608695653,0.985848962962963,11.649816631578949,0.0006246213843535,0.0016005502007512,0.0,0.0073394495412844,0.0,0.0,0.0,0.0007729313060382,0.002007088631634,0.0,0.0091743119266055,0.0,0.0,0.0,1787.1716150943396,614.4842641950075,542.0,2548.75,1410.0,1950.0,2400.0,294.2337005789258,150.95456533708057,102.3863626104298,676.9248676461127,173.2776326714048,248.4475142766147,420.8325997263843,2.3023146547071653,0.4332658763740327,1.3605426317922462,3.110806970605142,2.033071582096811,2.289154027510712,2.582595200571308,5.471698113207547,3.839240164529934,0.0,17.0,3.0,5.0,8.0,0.3032912966864085,0.2185678598903125,0.001131221719457,0.8469144220934197,0.1624945103205972,0.2706838833094213,0.3581314878892733,0.0002383436654411,0.000915055140985,0.0,0.005656108597285,0.0,0.0,0.0,1.6889708714432512,0.5114546162551387,1.0,2.752162467092892,1.247980330172111,1.768627450980392,1.9073170731707316,10.50943396226415,3.521484686404644,6.0,19.0,8.0,10.0,12.0,53,96545.0,2228.0,171.0,40000.0,0.0230773214563157,0.0017711947796364,1821.6037735849056
45706143,2,1113.571428571429,337.26829385641383,210.0,1675.0,872.0,1126.0,1315.5,45.457142857142856,21.94062488645579,11.0,125.0,29.0,45.0,52.0,1.8,1.8173764450044856,0.0,8.0,0.0,2.0,2.5,58.74285714285714,13.27369656155222,25.0,83.0,49.0,61.0,68.0,0.041614540387189,0.0154384896901838,0.0178242163491087,0.0865650969529086,0.0306348395011245,0.0390554041780199,0.0514380009429514,0.0016489083565388,0.0017036052044578,0.0,0.0079522862823061,0.0,0.0015948963317384,0.0021867352401345,0.2243084500352712,0.0800456008180532,0.0729665071770335,0.3912721893491124,0.1819076100383935,0.2188118811881188,0.2615023320437311,0.3321209401933014,0.0685768858050815,0.1851485148514851,0.4476021314387211,0.2841518120534576,0.3380454824830977,0.3879132067488232,1.2283047060284102,0.230384769851135,0.7906896551724139,1.7137777777777778,1.048936517681729,1.2439896373056996,1.3917229443697394,39.00010465724751,52.11148447406328,-17.857142857142858,120.0,0.0,0.0,100.0,0.5919285714285715,0.485070718597625,0.0,1.0,0.0,1.0,1.0,0.8890191192937819,0.6468325518126175,0.2875,2.726315789473684,0.4631410256410256,0.6629629629629631,1.0113636363636362,0.0,0.0,0.0,0.0,0.0,0.0,0.0,0.0,0.0,0.0,0.0,0.0,0.0,0.0,1219.8909437142856,347.16041826680464,615.0,1954.52,968.0,1183.0,1325.0,200.3947218912789,99.97791442942254,113.46285141852564,516.9150684674838,138.18753499708498,182.47443461212532,205.40953548273976,2.218980035868301,0.337209353527153,1.5642108096105536,3.0180111778420606,1.969244441242706,2.181646567634203,2.456076461010982,16.485714285714284,9.556961347838634,0.0,47.0,9.0,15.0,23.0,0.1328593131118231,0.0431767141662656,0.0526838966202783,0.217149907464528,0.1041561003099464,0.1226415094339622,0.1642224525084801,0.0006156179855479,0.0011546948992907,0.0,0.0044642857142857,0.0,0.0,0.000774697938877,1.0888166659198106,0.1784001346501039,1.0,2.0,1.007782218992248,1.0150943396226415,1.0912288814897029,7.942857142857143,2.639727877131679,2.0,11.0,6.0,9.0,10.0,35,38975.0,1591.0,63.0,26500.0,0.0408210391276459,0.0016164207825529,1113.571428571429
94587182,0,519.1666666666666,461.50529670729554,6.0,1743.0,225.25,373.5,677.25,19.791666666666668,21.571546009088504,1.0,100.0,4.0,14.5,26.0,0.7916666666666666,1.1539485353438526,0.0,4.0,0.0,0.0,1.0,37.875,22.9370742467299,4.0,73.0,17.0,40.5,60.25,0.108847701991492,0.1690906263007071,0.0016260162601626,0.6666666666666666,0.01276398693551,0.0513195261180115,0.0795024386692873,0.0022790702245602,0.0041639157327916,0.0,0.017391304347826,0.0,0.0,0.0031968390804597,0.1879129899902967,0.1139423828926373,0.0,0.4786729857819905,0.1106581798483206,0.1757895748174545,0.2448757763975155,0.2367366386258041,0.1580184535262707,0.0,0.5447154471544715,0.1241113346747149,0.2041666666666666,0.357362416699766,1.2589485456667129,0.437482250551208,0.0,1.841695652173913,1.0454260869565215,1.2908767078724788,1.548564655967534,1.4604647667147663,11.35077836866563,-22.0,22.5,-0.5972222222222222,0.0,3.5,0.2835296574770259,0.2981324964815713,0.0,1.0,0.0,0.2363636363636363,0.455,8.994319515060152,13.241102923729088,0.0285714285714285,56.25,1.8464285714285715,3.3269764102564103,7.801798555194805,0.0043113826293116,0.0095231869920304,0.0,0.0344827586206896,0.0,0.0,0.0020836147127678,0.0043113826293116,0.0095231869920304,0.0,0.0344827586206896,0.0,0.0,0.0020836147127678,1447.261125,777.0629309230856,60.0,2564.17,577.5,1646.432,2137.5,329.0300999573301,247.64989201332003,20.615528128088304,787.7239176566011,110.35476021711465,214.98524067484465,538.5692213583966,2.2031400792115363,0.7507824981062303,0.3806196868811011,3.123539804409187,1.5058757214577674,2.4696613046493305,2.7547765238430504,1.6666666666666667,1.9720265943665387,0.0,6.0,0.0,1.0,3.25,0.2398609120165203,0.2011340981766415,0.0,0.8211091234347049,0.0892066685829261,0.197016217918438,0.3423243423243423,0.0002188663339376,0.0007363660194285,0.0,0.0030549898167006,0.0,0.0,0.0,1.3621193682155244,0.684796263447297,0.0,3.0,1.0009791122715406,1.1589087809036658,1.7556210535051906,10.5,5.7081812631812365,0.0,19.0,7.75,10.0,12.25,24,12460.0,475.0,19.0,18250.0,0.0381219903691813,0.0015248796147672,519.1666666666666
34707665,1,1376.2173913043478,667.1083580923514,3.0,2992.0,890.75,1339.5,1746.0,24.217391304347824,16.867660134473255,0.0,70.0,12.0,20.0,34.75,0.717391304347826,1.0766906519165036,0.0,4.0,0.0,0.0,1.0,33.76086956521739,15.763448064939038,2.0,81.0,23.5,33.5,41.75,0.0281354441390789,0.0480213171256093,0.0,0.3333333333333333,0.00952650514008,0.0175814021350582,0.0293096565258594,0.0006216197599401,0.0014974715976922,0.0,0.0095238095238095,0.0,0.0,0.0007607353775316,0.2038334681574816,0.105969768657401,0.0,0.4287376381617219,0.1045317913721461,0.208611185826117,0.2862505978000956,0.1658693930564908,0.0969480661015177,0.0,0.3739002932551319,0.0868883990318118,0.1684171131421367,0.2280787009600569,0.9618543859147968,0.3204309694249971,0.0,1.6193103448275863,0.7447795721187025,0.8712905787641427,1.260282971849506,0.0,0.0,0.0,0.0,0.0,0.0,0.0,0.4876628933544719,0.3457021034165528,0.0,1.0,0.065,0.4913793103448276,0.7777777777777778,2.243899518240918,4.363533728682039,0.0,22.80389067391304,0.4292410714285714,0.9159841666666666,2.0,0.0,0.0,0.0,0.0,0.0,0.0,0.0,0.0,0.0,0.0,0.0,0.0,0.0,0.0,1057.698152173913,331.11482191280174,420.0,1747.26,847.5,990.0,1290.0,187.56035299966695,41.71606982780289,115.46915719217922,298.6128132338201,156.70330240898295,179.39409768241802,222.9871829710875,2.516716312744858,0.3876497448050625,0.9182958340544896,3.0583962045064035,2.351114223890436,2.6426837686442024,2.776668654786841,8.5,8.077747210701755,0.0,30.0,1.25,7.0,14.5,0.0536072002368098,0.0365565496368537,0.0,0.1107761868877166,0.0136289349173328,0.0658973860874436,0.0832103082103082,6.725384533992972e-05,0.0002186630454384,0.0,0.0008673026886383,0.0,0.0,0.0,1.1172156930760464,0.298597949123588,0.0,2.134920634920635,1.0,1.0020382667285752,1.1843916917062145,28.17391304347826,13.038912244285475,0.0,51.0,14.5,30.0,40.0,46,63306.0,1114.0,33.0,34750.0,0.0175970682083846,0.0005212776040185,1376.2173913043478
86771711,0,820.2,705.8931930540201,12.0,3012.0,190.0,696.0,1161.0,54.88,24.24429004941163,11.0,110.0,32.0,57.0,71.0,0.04,0.1959591794226542,0.0,1.0,0.0,0.0,0.0,17.56,6.741394514490307,6.0,29.0,12.0,18.0,25.0,0.2159634835923447,0.2886603191181459,0.0076361221779548,0.9634146341463414,0.0497175141242937,0.0765911542610571,0.2411167512690355,2.9027576197387517e-05,0.0001422055003067,0.0,0.0007256894049346,0.0,0.0,0.0,0.1123530263730656,0.1059330585249578,0.0,0.5073041168658698,0.0393788130892956,0.1016365202411714,0.1477330616403464,0.1228065262838104,0.1678863039706174,0.0,0.8784860557768924,0.0453648915187376,0.1036217303822937,0.1269841269841269,0.8951928331404104,0.4124240623388623,0.0,1.8555172413793104,0.686319018404908,0.808,0.9616883116883116,0.0,0.0,0.0,0.0,0.0,0.0,0.0,0.6597200868329982,0.3075152965776279,0.0,1.0,0.4479999999999999,0.6,1.0,1.2869217919686158,1.1752533317871183,0.0801128804878048,3.946086038461538,0.5729046875,0.7428565294117647,1.470041688636364,0.0,0.0,0.0,0.0,0.0,0.0,0.0,0.0,0.0,0.0,0.0,0.0,0.0,0.0,1159.06568,401.1304581515315,360.0,2390.62,990.0,1110.0,1242.75,238.47966012812205,134.58885754656208,109.17302780449025,647.9431109445968,157.5016209359485,179.9460341153628,244.8045827420249,2.341276262973425,0.4274657846754575,1.365652608070936,3.285179628893975,2.0573885538354766,2.3392080654817304,2.581532720662012,4.2,2.95296461204668,0.0,13.0,2.0,4.0,5.0,0.2482855413942577,0.2173043653855904,0.0,0.7944887118193891,0.0,0.250269687162891,0.3782696177062374,0.0012570356472795,0.0043773965739874,0.0,0.0192307692307692,0.0,0.0,0.0,1.945720925352617,0.8795346772114351,0.0,3.9557522123893807,1.018041237113402,1.9982078853046592,2.342883548983364,6.04,3.304300228490141,0.0,12.0,4.0,6.0,9.0,25,20505.0,1372.0,1.0,19000.0,0.0669105096317971,4.87685930260912e-05,820.2
24820596,2,800.290909090909,935.9680583657712,5.0,3565.0,148.5,457.0,979.5,62.54545454545455,63.13961965555331,0.0,233.0,8.5,33.0,114.5,0.6181818181818182,1.5781566818274713,0.0,9.0,0.0,0.0,0.0,14.818181818181818,11.270380987495756,1.0,46.0,5.0,11.0,21.5,0.2244381706638528,0.3244856464310856,0.0,0.8823529411764706,0.0225576662143826,0.0362431800467654,0.1923076923076923,0.0005771931199361,0.0016003015026592,0.0,0.0076335877862595,0.0,0.0,0.0,0.2260421860405898,0.1392279180297579,0.0,0.5,0.0884957166602736,0.1962616822429906,0.351144780302272,0.1899131155830166,0.1806291616251703,0.0,0.4764243614931238,0.0,0.1435897435897435,0.3553236081425992,1.126413108152451,0.433439275106277,0.5642704626334519,3.2439024390243905,0.8644979100122244,1.0625,1.303804347826087,0.0,0.0,0.0,0.0,0.0,0.0,0.0,0.3186219646281272,0.234754490458787,0.0,0.75,0.0,0.4185185185185185,0.4763392857142857,1.1959241809347418,2.5708303779376305,0.0,13.359960875,0.109719810688901,0.1697495882352941,0.6321733030303031,0.0,0.0,0.0,0.0,0.0,0.0,0.0,0.0,0.0,0.0,0.0,0.0,0.0,0.0,1379.065090909091,484.1904050112845,255.0,1891.42,925.75,1425.0,1785.0,283.1408551954282,132.23002533461408,91.29074432821764,588.0217006363029,159.67646428537716,281.7289060930923,403.8510776964493,2.2369157718275128,0.4862156749773516,1.3342720515962212,3.0875791352676,1.8288064496296772,2.246380119163693,2.6634947272136884,2.5454545454545454,4.115682564922447,0.0,26.0,0.0,1.0,3.0,0.2804689242155044,0.2520194821360371,0.0,1.0,0.091370925620068,0.1962025316455696,0.4633313390676644,2.5627904576481578e-05,0.000111323293586,0.0,0.0006101281269066,0.0,0.0,0.0,1.6331916496442662,0.9091995159072288,1.0,4.501278772378517,1.0,1.0625,1.9112516841821612,11.545454545454543,5.112616059827553,0.0,22.0,9.5,13.0,14.0,55,44016.0,3440.0,34.0,41500.0,0.0781533987640858,0.0007724463831334,800.290909090909
18309012,0,632.2692307692307,1806.304782138477,6.0,9548.0,65.5,180.5,434.0,84.11538461538461,90.78221061041424,6.0,439.0,28.25,51.5,86.75,0.4615384615384615,1.277942132756627,0.0,4.0,0.0,0.0,0.0,9.0,5.0076863996183985,1.0,25.0,5.25,8.0,12.0,0.5685353400877509,0.389132883235328,0.0164432341851696,1.0,0.1100393250104372,0.6766169154228856,0.972999139414802,0.0014028732970164,0.0048502637141832,0.0,0.0240963855421686,0.0,0.0,0.0,0.0309389399745719,0.0527113925618104,0.0,0.2102564102564102,0.0,0.0,0.0492951127819548,0.0211034455452138,0.0809664317595052,0.0,0.4205128205128205,0.0,0.0,0.0,0.3772746846034618,0.3142884986760422,0.0,0.889056603773585,0.0,0.5149308241417181,0.5816766467065868,0.0,0.0,0.0,0.0,0.0,0.0,0.0,0.6548832365406946,0.2478448617198505,0.0,1.0,0.5,0.7,0.842948717948718,544.957419522743,659.1794369730542,0.0,2222.925457777778,0.5488186666666667,201.048125,890.471180276515,0.0,0.0,0.0,0.0,0.0,0.0,0.0,0.0,0.0,0.0,0.0,0.0,0.0,0.0,643.2936538461538,199.0373079714806,150.0,942.0,487.5,700.5,780.0,134.1841639747149,53.00671455005107,51.06423655421707,240.91030761242249,90.164716356036,136.41813937362798,177.33022600775922,2.1736694833763113,0.5082791807328298,1.2649241202527826,3.2402239289418517,1.8178347026343968,2.117622516140481,2.545906389783473,14.76923076923077,12.731873063928036,0.0,67.0,7.25,11.5,19.0,0.0412648344026302,0.0922761270615708,0.0,0.4482758620689655,0.0,0.0,0.0404925624473758,0.0246645553298045,0.0393609150567417,0.0,0.2,0.0057107655422729,0.0130456267501235,0.0271268925739005,1.058744832049898,0.6771629759442281,0.0,2.7604402719326644,1.0,1.0,1.1898971126912303,35.38461538461539,11.890775102758385,0.0,49.0,37.0,40.0,41.0,26,16439.0,2187.0,12.0,19750.0,0.1330372893728329,0.0007299714094531,632.2692307692307
63554968,1,4312.2,3176.868772864249,41.0,13705.0,2242.25,4049.0,5437.75,222.98,78.49802290503882,5.0,359.0,191.25,226.0,269.75,0.34,0.7901898506055365,0.0,4.0,0.0,0.0,0.0,22.46,8.616751127890373,7.0,43.0,18.25,25.0,27.75,0.1221737513984101,0.154614205402895,0.0045602605863192,0.6309859154929578,0.0395629425645415,0.0660706509832771,0.0962850522744339,7.916754392617025e-05,0.0002150252317614,0.0,0.0012217470983506,0.0,0.0,0.0,0.3016595030640372,0.1537989349301675,0.0,0.5217842323651453,0.2430326650030403,0.3330304096310194,0.4231247343132077,0.2782359907913919,0.1368892252956433,0.024390243902439,0.5206376938196112,0.1541982943309162,0.321667551504454,0.3692308956235267,1.0158556365328248,0.8853794350972274,0.449435509303059,5.753636363636364,0.6151311642991615,0.7452448535620955,0.989898751066423,8.0,27.129319932501073,0.0,100.0,0.0,0.0,0.0,0.5315867407688161,0.1254186133705475,0.2521008403361344,1.0,0.4841299570598636,0.5161783559577677,0.56890625,0.5677114447212385,0.4628452059838061,0.1261998836065573,2.287386723497268,0.2754845619458264,0.4354223407596751,0.5994540960164836,0.0,0.0,0.0,0.0,0.0,0.0,0.0,0.0,0.0,0.0,0.0,0.0,0.0,0.0,1957.062868,334.5367076936936,737.94,2501.3,1883.756175,1995.915,2123.536175,311.92610850779926,129.9774456402545,124.54575389905187,597.8962470396308,215.19897949692887,286.0204196942169,393.1998225043728,1.902884985050936,0.4608359659396885,1.181609591927915,3.20141766315161,1.6100261272832594,1.8584626186389333,2.2413498874194793,12.88,18.090483686181525,0.0,79.0,1.0,6.0,18.0,0.2318443780277802,0.1976830668145206,0.0,0.715787260878705,0.0624159077066876,0.1829812298007749,0.3768978432481617,0.0013829242247326,0.0065330354672718,0.0,0.0427807486631016,0.0,0.0,0.0,1.547935048988898,0.5269337947251893,1.0,3.4060650887573964,1.1687273719293496,1.4402900569936627,1.7015784291000815,16.28,5.963354760535382,0.0,29.0,11.0,15.0,20.0,50,215610.0,11149.0,17.0,37750.0,0.0517091044014656,7.884606465377301e-05,4312.2
54990114,2,1473.7575757575758,655.7573937153167,57.0,2704.0,983.0,1124.0,1945.0,45.24242424242424,26.72081279728016,2.0,93.0,23.0,49.0,62.0,2.242424242424242,1.8591347454761171,0.0,7.0,1.0,2.0,3.0,47.18181818181818,13.182758587144882,9.0,67.0,44.0,50.0,55.0,0.0300233521563731,0.0123824545109338,0.0040160642570281,0.059847660500544,0.0217298679164891,0.0300546448087431,0.0365805168986083,0.0019240086156613,0.0029749840603674,0.0,0.0175438596491228,0.000812017864393,0.0014577259475218,0.0022002200220022,0.0608754946529494,0.0308271652671959,0.0,0.1326478149100257,0.0381604696673189,0.0635430038510911,0.080375782881002,0.0196501044138492,0.0189790111613191,0.0,0.0878425860857343,0.007469654528478,0.0169971671388102,0.0208777162334895,2.4513775733543812,0.8358598659653658,0.0,4.258793969849246,2.019122807017544,2.3546246246246247,2.98,19.5676734139301,19.34183688934279,-2.3076923076923075,50.0,0.0,16.25,31.818181818181817,0.3290012191058256,0.2585612508335608,0.0,1.0,0.0545454545454545,0.3374999999999999,0.4545454545454545,4.865084870459477,11.867836140730857,0.0,57.958333333333336,0.9044456452380952,1.21012498,2.0,0.0,0.0,0.0,0.0,0.0,0.0,0.0,0.0,0.0,0.0,0.0,0.0,0.0,0.0,1893.5874424242425,512.115311724932,720.9484,2565.0,1552.5,1980.0,2370.0,328.8282787965278,118.8828039998822,131.01139065311318,697.4951327691392,237.97462896252483,341.85747434622283,404.21232312808576,2.369216312515013,0.479745727751423,1.1750318157185025,2.9394707018198285,2.1339284621552204,2.544336265398617,2.6985441111231214,5.424242424242424,4.192564146563373,0.0,17.0,3.0,4.0,6.0,0.2599406701751098,0.129538896336172,0.0,0.4399486191393706,0.1462621885157096,0.3267223382045929,0.3562624254473161,0.0,0.0,0.0,0.0,0.0,0.0,0.0,1.161713945527559,0.2076245813783673,1.0,1.9230769230769231,1.0,1.0593406593406594,1.3294392523364489,64.39393939393939,22.798111822319708,0.0,97.0,49.0,68.0,76.0,33,48634.0,1493.0,74.0,25000.0,0.0306986881605461,0.0015215692725253,1473.7575757575758
41736289,2,948.5526315789474,453.8136469711828,33.0,2306.0,677.25,858.5,1192.75,58.0,24.769463373062276,19.0,117.0,41.25,46.5,75.25,3.1052631578947367,2.392856404561959,0.0,10.0,1.0,3.0,4.75,65.89473684210526,22.72349754593737,5.0,97.0,54.25,73.0,81.75,0.101040319403089,0.1578312182510219,0.0177797051170858,1.0,0.0384884877288686,0.0545827187179,0.1180616933221099,0.0035901903958899,0.0033876849627908,0.0,0.0152091254752851,0.0012403133033716,0.0030203239983925,0.0046567398346054,0.1256535486699405,0.0849650618096231,0.0,0.3541349568746829,0.0659575060018429,0.0991064383181244,0.1667874170188882,0.1690021565286638,0.0819752786569912,0.0,0.4119736174530695,0.1185168082447042,0.1484538033044146,0.2066387430887123,1.4821288726588997,0.3405570019446363,0.0,1.971218274111675,1.3587498612498612,1.541411137545158,1.7204280183312262,-11.31559161060546,34.93209777445295,-77.14285714285714,90.0,-48.75,0.0,0.0,0.5249238501956647,0.3082520352054757,0.0,1.0,0.3407894736842105,0.5,0.7875000000000001,3.058786788536581,9.914772580759474,0.3977301964285714,59.79604803508772,0.7845517558823529,0.9023809523809524,1.150385775,0.0,0.0,0.0,0.0,0.0,0.0,0.0,0.0,0.0,0.0,0.0,0.0,0.0,0.0,2339.4473684210525,231.23862104219495,1950.0,2565.0,2085.0,2520.0,2550.0,360.0298412494929,112.05151894365224,233.6435451081244,868.5563209398848,302.3332095206416,338.27653798630774,363.510470649856,1.9382641333205328,0.5169431919234755,1.1911535925236605,3.1707050245481043,1.371069055174207,2.045926300871347,2.368550679053282,28.55263157894737,21.353783552854537,8.0,93.0,14.25,21.0,34.75,0.1126455158820241,0.13243284162468,0.0,0.3388429752066115,0.0,0.0189270168516449,0.2684952217621373,1.697792869269949e-05,0.000103272708494,0.0,0.0006451612903225,0.0,0.0,0.0,1.2863796826068623,0.4299857167256934,0.0,2.8316326530612246,1.030392772031234,1.172022474679021,1.4380545065744577,9.552631578947368,6.0727925095680595,2.0,23.0,6.0,7.0,9.0,38,36045.0,2204.0,118.0,28750.0,0.0611457899847412,0.0032736856706894,948.5526315789474
27758512,1,609.4782608695652,247.27468788078704,60.0,1160.0,508.0,577.0,761.0,36.391304347826086,35.877495829479635,7.0,142.0,17.0,21.0,36.5,0.6086956521739131,1.0103434816193262,0.0,4.0,0.0,0.0,1.0,47.73913043478261,10.69017180202918,11.0,63.0,42.5,51.0,53.0,0.0596475591998283,0.0434609856198534,0.016826923076923,0.1780821917808219,0.0297153681912314,0.0386029411764705,0.0815197183205469,0.0010261231075657,0.0017835090935268,0.0,0.0069324090121317,0.0,0.0,0.0014398877129581,0.1759150065549533,0.0827121497378711,0.0138648180242634,0.3560460652591171,0.1348292499315631,0.1761744966442953,0.2094850420058824,0.277697544126077,0.1252311201291328,0.0,0.5198618307426598,0.2029761904761904,0.2427884615384615,0.3806752427458507,1.0804289524222983,0.3249143324106736,0.6336986301369862,1.6405172413793103,0.8429014280738419,1.0132075471698114,1.2450290697674418,0.0,0.0,0.0,0.0,0.0,0.0,0.0,0.6778658849308163,0.2214140606958052,0.0,0.843,0.7091842105263158,0.7677777777777777,0.7677777777777778,1.111612622730925,1.0467777880779752,0.45,4.138697333333334,0.5,0.6047791176470588,1.32407375,0.0,0.0,0.0,0.0,0.0,0.0,0.0,0.0,0.0,0.0,0.0,0.0,0.0,0.0,845.04826,269.3428680022558,343.0,1185.0,619.9994,1029.0,1033.1428,138.91481558610812,40.40404644235255,68.6018594596526,229.8915306927394,114.00296237790948,144.5066279407819,162.1807408190706,2.079927793530892,0.352204989483107,1.5487095979596934,2.6925001168570346,1.742866730491451,2.112320501195467,2.4456721398095205,15.043478260869565,6.880838301238322,4.0,35.0,10.5,18.0,18.0,0.0,0.0,0.0,0.0,0.0,0.0,0.0,0.0100990223455818,0.0084551705273857,0.0,0.0333333333333333,0.0058730906708655,0.0080428954423592,0.0108527841741678,1.1639290988155369,0.528953083615023,0.0,2.0,1.0,1.0,1.375801749271137,2.9130434782608696,1.717253709402739,0.0,6.0,2.0,3.0,4.0,23,14018.0,837.0,14.0,17500.0,0.0597089456413183,0.0009987159366528,609.4782608695652
21999337,1,1194.8529411764705,884.8706496482955,102.0,4251.0,504.25,967.5,1721.75,85.02941176470588,40.0620733759923,0.0,185.0,53.25,92.5,105.0,1.2352941176470589,2.0008648649052883,0.0,9.0,0.0,0.0,2.0,19.38235294117647,8.717847501069466,3.0,44.0,13.0,18.0,24.75,0.1226293327201749,0.1193628078510888,0.0,0.5153203342618384,0.0300399423951229,0.0815536604488495,0.1851085881637,0.0015640676414478,0.0041995724709479,0.0,0.024390243902439,0.0,0.0,0.0012239926625338,0.1762043447914109,0.1286666761888772,0.0,0.4064327485380117,0.0729631800882862,0.1627557681798697,0.2977750604990532,0.1777443649092799,0.104479699867991,0.0,0.4163150492264416,0.0882787285240715,0.1584092261904762,0.254438178780284,1.0754982493713687,0.2070121971320996,0.5825,1.420306905370844,0.9012134150414106,1.1024843325237028,1.2149927606177606,0.0,0.0,0.0,0.0,0.0,0.0,0.0,0.7170202089316252,0.1827244250659512,0.0,1.0,0.6327751196172249,0.6961538461538461,0.7985714285714287,5.076510731527101,8.0812268486311,0.0,37.19186046511628,1.0943181818181815,1.2757658102766798,5.785969899665552,0.0,0.0,0.0,0.0,0.0,0.0,0.0,0.0,0.0,0.0,0.0,0.0,0.0,0.0,1380.0849705882354,466.8361023350502,194.906,1969.0,870.0,1466.9295,1771.0,249.70679719354615,121.6295240203431,31.370795022240003,515.0626427594455,162.27182890411686,226.3049360057402,307.0980045825453,2.280376655663091,0.3989003671224281,1.5483480257322335,3.0751328394490733,1.9925064578173923,2.2672202536310215,2.5292364335025015,7.029411764705882,3.988846907814242,0.0,16.0,4.0,6.0,10.75,0.2170557829074579,0.2411171823835393,0.0,0.77009507346586,0.0184151785714285,0.1287052406706108,0.3299472994325935,0.0,0.0,0.0,0.0,0.0,0.0,0.0,1.75787041768111,0.6482290694884973,1.0,3.127401415571284,1.1294525460196032,1.7665356016662126,2.217047346690411,7.029411764705882,2.9052214061384585,0.0,11.0,4.0,8.0,9.0,34,40625.0,2891.0,42.0,25750.0,0.0711630769230769,0.0010338461538461,1194.8529411764705
8807968,0,414.32142857142856,218.2475746177506,7.0,865.0,252.5,375.0,573.25,77.42857142857143,35.82938595565355,7.0,154.0,54.25,70.0,100.0,1.4642857142857142,1.6362444555650435,0.0,7.0,0.0,1.0,2.0,12.785714285714286,5.374258373136194,2.0,28.0,9.75,13.0,14.5,0.2706265083581714,0.2235118799934749,0.0231213872832369,1.0,0.1248723106039609,0.2292439498321851,0.2937196879173402,0.0043616283598723,0.0065416033862881,0.0,0.0341463414634146,0.0,0.0034702151573538,0.005362988075754,0.2582299651195607,0.1769995416340164,0.0,0.6484641638225256,0.0832572570188669,0.2750560316904816,0.3622680291284942,0.2216755310119189,0.1700747066473903,0.0,0.6484641638225256,0.1024522684469906,0.1877970778202796,0.2976221423656242,0.0,0.0,0.0,0.0,0.0,0.0,0.0,0.0,0.0,0.0,0.0,0.0,0.0,0.0,0.9989795918367348,0.0053021963497006,0.9714285714285714,1.0,1.0,1.0,1.0,0.0448368177699162,0.0037463003951096,0.0355845571428571,0.0562053714285714,0.0437191645364064,0.04440528,0.0449679734178353,0.0,0.0,0.0,0.0,0.0,0.0,0.0,0.0,0.0,0.0,0.0,0.0,0.0,0.0,499.2142857142857,182.59251219643176,30.0,930.0,394.25,492.0,600.0,127.83852765108632,35.20213357512199,10.497813183356476,187.924593033845,115.80757729102596,129.8005127663847,147.72441046629788,2.745989203217298,0.5812256557001049,0.5916727785823275,3.2276628161866903,2.7753820626921293,2.9112032339324463,3.0418475410946946,77.39285714285714,35.87213332072114,7.0,154.0,54.25,70.0,100.0,0.0,0.0,0.0,0.0,0.0,0.0,0.0,0.0,0.0,0.0,0.0,0.0,0.0,0.0,0.8928571428571429,0.3092947870658709,0.0,1.0,1.0,1.0,1.0,0.0,0.0,0.0,0.0,0.0,0.0,0.0,28,11601.0,2168.0,41.0,21250.0,0.1868804413412637,0.0035341780880958,414.32142857142856
1249219,2,177.88235294117646,101.855943459344,2.0,436.0,116.0,160.0,215.75,3.5294117647058822,3.6801158399098943,0.0,16.0,2.0,2.0,4.75,0.6764705882352942,0.8303290713819472,0.0,3.0,0.0,0.5,1.0,17.529411764705884,10.494355048752322,2.0,38.0,10.0,15.5,25.25,0.018459078743357,0.0164973551013823,0.0,0.0744186046511627,0.009041014295439,0.0150384441429217,0.0242040156812884,0.004076718841731,0.0048501497825865,0.0,0.0151515151515151,0.0,0.0013157894736842,0.0071743019916191,0.0092616295496564,0.0183074848926106,0.0,0.0779816513761468,0.0,0.0,0.0092776541640178,0.0077263250836098,0.013075011750189,0.0,0.05,0.0,0.0,0.0112273755656108,0.0,0.0,0.0,0.0,0.0,0.0,0.0,0.0,0.0,0.0,0.0,0.0,0.0,0.0,0.0,0.0,0.0,0.0,0.0,0.0,0.0,0.6895806807571513,0.9119023510760776,0.0,5.1,0.0795454545454545,0.5,0.9833333333333332,0.0,0.0,0.0,0.0,0.0,0.0,0.0,0.0,0.0,0.0,0.0,0.0,0.0,0.0,383.88235294117646,121.54447617469629,9.0,630.0,333.5,374.0,446.0,109.28956095871725,35.08290009512652,4.5,186.90265934497688,95.37185997850568,106.68364573542816,123.28757803573517,2.744240024172923,0.4866715626962698,1.0,3.3151517688214893,2.5871839587335836,2.907489430883853,3.022466764409277,2.7058823529411766,3.2132941844112146,0.0,13.0,1.0,2.0,3.0,0.0,0.0,0.0,0.0,0.0,0.0,0.0,0.013739612966169,0.014041400265294,0.0,0.0604651162790697,0.0047891723060905,0.0096153846153846,0.0182765991313641,0.0,0.0,0.0,0.0,0.0,0.0,0.0,0.0,0.0,0.0,0.0,0.0,0.0,0.0,34,6048.0,120.0,23.0,25750.0,0.0198412698412698,0.00380291005291,177.88235294117646
32614529,1,593.3888888888889,814.8140986949716,24.0,3816.0,259.5,364.5,479.0,14.75,7.628073151196179,4.0,41.0,8.0,14.0,18.0,1.3611111111111112,1.4366778378873055,0.0,5.0,0.0,1.0,2.0,51.69444444444444,22.160800532627732,11.0,117.0,35.75,48.0,59.25,0.0471722514530749,0.0299525573371846,0.0019762845849802,0.1666666666666666,0.0312859637287193,0.0509556437071763,0.0565793658365932,0.0033190842129977,0.0039957702330305,0.0,0.0174672489082969,0.0,0.0022689853879399,0.0043678294799371,0.1269534745828299,0.1876697587672193,0.01,0.9113495200451722,0.0412265258215962,0.0704660587639311,0.1076504758373501,0.199985939071121,0.18907188080685,0.0260223048327137,0.7396950875211745,0.0842524509803921,0.1434101167087831,0.2029654697717104,0.9198542915575167,0.2600875726432344,0.0,1.3325925925925928,0.7715271132376395,0.9955208333333334,1.0873872785829306,0.0,0.0,0.0,0.0,0.0,0.0,0.0,0.8821382074715408,0.2420013743221713,0.0,1.0,0.9090909090909092,1.0,1.0,1.1063062168195676,3.0853440287796947,0.175,17.464285714285715,0.25,0.3385416666666666,0.5412946428571428,0.0,0.0,0.0,0.0,0.0,0.0,0.0,0.0,0.0,0.0,0.0,0.0,0.0,0.0,652.6966669444445,102.3946137494908,450.0,870.0,540.0,663.0,729.35925,147.52981943416836,33.466339727260106,94.890298917586,224.85701769097113,121.5635730681417,140.98395056430047,162.84783753663555,2.7535071021606954,0.2797841375844843,2.13027044308602,3.318138837519391,2.5724147298392523,2.754217459437511,2.90240293687226,10.805555555555555,5.010097828078169,2.0,21.0,6.0,11.5,14.0,0.0057233599529227,0.0160712570871262,0.0,0.0595744680851063,0.0,0.0,0.0,0.0022736036421211,0.0031862969034949,0.0,0.0089686098654708,0.0,0.0,0.0051437726621131,1.1703477791875934,0.2023130614491565,1.0,1.6238532110091743,1.0081416718467069,1.0269010043041606,1.3553900325027084,1.7222222222222223,3.5481694115190594,0.0,11.0,0.0,0.0,1.0,36,21362.0,531.0,49.0,27250.0,0.0248572231064507,0.0022937927160378,593.3888888888889
44063088,2,1657.75,506.62494052024607,7.0,2551.0,1358.25,1645.5,2048.25,38.035714285714285,15.798919815827244,0.0,73.0,28.75,33.0,46.75,1.8928571428571428,1.5198516307823724,0.0,5.0,0.0,2.0,3.0,72.39285714285714,18.066028272728357,2.0,93.0,62.0,75.5,83.75,0.0233924167406203,0.0110565683747032,0.0,0.0453497309761721,0.0144444815272169,0.0197365787811727,0.0311594729096471,0.0011691777814945,0.0010044668503789,0.0,0.0036791758646063,0.0,0.0010764312538164,0.0019695543825706,0.2348751451518347,0.0926955575914313,0.0,0.4336283185840708,0.1619593456555004,0.2369511013705592,0.3116031044407895,0.3065701482463654,0.1075522804620188,0.0,0.4687767322497861,0.2389893036785649,0.3081960968176757,0.3920025879878016,0.8018808756672923,0.2568441596271045,0.6221722113502935,2.0,0.6581699947627309,0.7348378735462338,0.8530411192052052,6.785714285714286,24.46624079779135,0.0,95.0,0.0,0.0,0.0,0.3988969800041229,0.1801263861885479,0.0,0.725,0.32375,0.4,0.4833333333333333,1.960254228329535,3.451806498015427,0.0,14.876844370370373,0.2514206548295454,0.441056405,1.5303895897619049,0.0,0.0,0.0,0.0,0.0,0.0,0.0,0.0,0.0,0.0,0.0,0.0,0.0,0.0,1045.6864642857142,274.5379125735619,344.0,1611.0,895.254,967.75,1245.0,173.4422016675366,56.53929196948202,120.37492450248762,409.8595569676132,144.95762606230343,156.15456952954767,179.3752800923969,2.4269956845106706,0.4268763133081633,0.5916727785823275,2.869685846003617,2.249537642958301,2.5238129447570676,2.675618738596796,20.321428571428573,6.7667969391970475,0.0,37.0,17.75,20.0,25.0,0.3021494286112964,0.1752731169448492,0.0,0.6334797462176671,0.2220316162574721,0.3038575953327621,0.4172496611655903,2.3496240601503757e-05,0.000122090047526,0.0,0.0006578947368421,0.0,0.0,0.0,1.1227331239961622,0.3033375630757958,0.0,1.7818181818181815,1.0,1.06272938934627,1.2565113394755492,13.821428571428571,3.798999599787249,0.0,21.0,12.0,14.0,17.0,28,46417.0,1065.0,53.0,21250.0,0.0229441799340758,0.0011418230389727,1657.75
87869569,2,2068.315789473684,990.5894073536316,630.0,4132.0,1278.25,1752.5,2866.5,135.92105263157896,83.32983972362872,16.0,294.0,82.0,100.0,164.75,1.4210526315789471,1.9143719452077064,0.0,10.0,0.0,1.0,1.75,67.65789473684211,10.334602876767864,47.0,90.0,60.0,65.5,74.0,0.0958237016883296,0.0972621162813142,0.0198451113262342,0.3088071348940914,0.0325336208201456,0.0409554150758946,0.1129428606571057,0.0007123258517627,0.0008632473317714,0.0,0.003770028275212,0.0,0.000422140072198,0.0011142412995378,0.2686175799973991,0.1495493248926232,0.0793650793650793,0.678477690288714,0.1584825924327434,0.2248203951027366,0.3435053490053471,0.3228139055496208,0.1079783941481125,0.1727982162764771,0.6181102362204725,0.2203907203907203,0.3161387843672824,0.4033518219537176,1.437762345333259,0.674088848381011,0.7900582524271844,3.5131166912850813,1.0071752412733472,1.1530364215318625,1.6040051229508197,28.31482491477284,85.10814821148767,-150.0,83.5,56.15,64.95535714285714,74.671826625387,0.5218189871506529,0.1219341679082084,0.32,0.925925925925926,0.4579580852038479,0.5,0.5389213499851324,1.135449513819955,1.5192839733850616,-0.2387765322580645,7.086874179487181,-0.0513409147727272,0.8846982838964457,1.471463887984629,0.0,0.0,0.0,0.0,0.0,0.0,0.0,0.0,0.0,0.0,0.0,0.0,0.0,0.0,1678.0587631578946,535.3961532079938,935.16,2400.0,1176.82,1773.8085,2310.75,278.6960547196758,108.198168061929,137.9957439089311,437.0190719938203,162.05861939149105,315.6067716140574,375.11572393066103,2.2361859286408525,0.2476598690295216,1.812243942241694,2.6748022150067015,2.0110085472265333,2.234753107860998,2.4127188558421424,25.605263157894736,21.19029007238458,0.0,62.0,7.0,23.5,31.25,0.441730227829273,0.2936882921865242,0.0590858416945373,0.8297407060293658,0.1157837001870234,0.4975082715153751,0.7167151020453201,0.0003824342942597,0.0009926359608596,0.0,0.0045011252813203,0.0,0.0,0.0,1.2707601753060025,0.3087074952813488,1.0,1.8883610451306416,1.0010838150289016,1.0792797318262313,1.6318078101114848,37.13157894736842,5.222275429812176,22.0,43.0,37.0,38.0,42.0,38,78596.0,5165.0,54.0,28750.0,0.0657158125095424,0.0006870578655402,2068.315789473684
77241610,2,2541.173076923077,1064.6804634608206,94.0,4638.0,1906.25,2522.5,3299.25,46.67307692307692,18.43566897436989,3.0,84.0,35.0,46.5,59.25,2.3846153846153846,2.020603928702107,0.0,10.0,1.0,2.0,3.25,42.42307692307692,10.105874441375772,12.0,63.0,36.75,40.5,47.25,0.0220539815700887,0.0128784812813285,0.0080949811117107,0.0597667638483965,0.0118994508298626,0.0179416153216959,0.0276231166302172,0.0018334664710653,0.0037474449496535,0.0,0.0212765957446808,0.0002697584123656,0.0008909542253141,0.0015005932550369,0.2817287900840221,0.0883949990754741,0.0212765957446808,0.4865884325230511,0.2322626705112565,0.2776917778023492,0.3465274491793544,0.3732156894663391,0.0922992640239474,0.1774471755066839,0.5262014661960358,0.3081848414955517,0.3964720105733097,0.4378496309451135,1.100699346938577,0.3117150367791392,0.52,2.2963190184049083,0.9157573599092892,1.0122837043709518,1.225383714755926,3.7224358974358975,49.46445044414845,-70.0,72.0,-52.4375,0.0,55.0,0.5247389288070639,0.106625473154588,0.0,0.78,0.4939473684210526,0.5458041958041958,0.5797208538587849,1.6985603218763594,1.853450466528623,0.0,8.854762342857144,0.608347573643411,1.0457303793162394,1.5432333298913046,0.0,0.0,0.0,0.0,0.0,0.0,0.0,0.0,0.0,0.0,0.0,0.0,0.0,0.0,2145.710480769231,239.43050280296453,1440.0,2505.0,1917.75,2114.752,2385.0,228.5479290203794,63.857828612695485,139.83516254469407,443.577109791941,186.9224372776937,208.31057700746896,251.7174911125988,1.8486035884074832,0.3423795333583825,1.2893615489957535,3.2782312154922915,1.609913991960243,1.7847153193012677,2.020844699357155,9.307692307692308,5.198144867082063,0.0,23.0,6.0,8.0,12.0,0.4405630990800367,0.187235138003932,0.0,0.797569153394803,0.34349495225932,0.4322237276428793,0.5344521599633322,0.0004904873723093,0.001396406088697,0.0,0.0093109869646182,0.0,0.0,0.0004358253371429,2.5773754471329133,1.1810529153383786,1.0,4.538168975821788,1.4771185797890602,2.210993296602121,3.76722522594695,93.46153846153848,8.910800573680534,72.0,100.0,91.25,98.0,99.0,52,132141.0,2427.0,124.0,39250.0,0.018366744613708,0.0009383915665841,2541.173076923077
37412017,1,601.4545454545455,208.48582408157924,206.0,1057.0,443.75,608.5,748.75,35.22727272727273,13.118106217888377,14.0,64.0,25.5,36.0,43.5,6.636363636363637,6.5125435231172055,0.0,26.0,1.25,5.0,9.25,66.13636363636364,25.422422913185507,28.0,118.0,43.5,63.0,83.75,0.0714243003040283,0.0528470174238345,0.0216086434573829,0.2378640776699029,0.0424563902501249,0.0509546027170669,0.0709049200516837,0.0103696190942254,0.0091471740197611,0.0,0.0362116991643454,0.0035511786538932,0.0078105938613184,0.0135434493784903,0.0931549375530544,0.0620712440305756,0.0084134615384615,0.2110874200426439,0.047127775595364,0.0889651514073345,0.14015625,0.1053647788291858,0.075561722401669,0.0204326923076923,0.293103448275862,0.0410928103879516,0.0878718662952646,0.1410086350395339,1.8420727737996756,0.474382256716381,0.9976824034334764,2.8304210526315794,1.5675648223963816,1.801631987793036,2.1087430037313433,20.753246753246753,37.70226052430102,0.0,100.0,0.0,0.0,13.75,0.4867624605065697,0.238825195452913,0.0,1.0,0.3968253968253968,0.5083928571428572,0.6306060606060606,81.50624320691794,187.57178231173864,0.4743241428571428,695.2879310344829,0.6883701941031942,2.643939393939394,5.149089743083003,0.0,0.0,0.0,0.0,0.0,0.0,0.0,0.0,0.0,0.0,0.0,0.0,0.0,0.0,931.6679090909092,343.5902663296012,690.0,2460.0,784.5,878.0,930.0,160.99824029907927,22.926068497390897,127.93617230908896,223.19687465978777,148.2731173346719,156.3186629366686,168.13431211441173,2.5432273779101298,0.3152293296618832,1.4849994236830786,3.0588630490536497,2.4564551799690113,2.563260791029519,2.6967253748493354,7.909090909090909,5.4598459094897445,1.0,18.0,2.5,7.0,12.75,0.0674454201316391,0.1409596074830458,0.0,0.4552238805970149,0.0,0.0,0.0461035667708613,0.0011292550165117,0.003132212656556,0.0,0.0129310344827586,0.0,0.0,0.0,1.2344297871799013,0.3500020441898225,1.0,2.3214285714285716,1.0,1.057950398190362,1.4054934699511574,5.590909090909091,1.585705776592037,4.0,10.0,4.25,5.0,6.0,22,13232.0,775.0,146.0,16750.0,0.0585701330108827,0.0110338573155985,601.4545454545455
55045590,1,2074.1290322580644,512.2725926273316,597.0,3203.0,1831.5,1970.0,2324.5,36.67741935483871,22.590873259584125,11.0,104.0,24.0,29.0,42.0,6.032258064516129,10.511081313785734,0.0,44.0,0.5,2.0,4.5,84.87096774193549,13.19516513479249,48.0,116.0,79.5,85.0,89.5,0.0183500845969753,0.0108715168036614,0.0050045495905368,0.05,0.0126081863678723,0.0149625935162094,0.0197989025759137,0.0030903249400725,0.0055577608344708,0.0,0.027431421446384,0.0002167316861725,0.0010378827192527,0.0023932626268678,0.1845418800834591,0.056077351190644,0.0639566395663956,0.3038156947444204,0.1542990503876071,0.1753846153846154,0.2168936639897478,0.2578674019528313,0.0586274690185886,0.1504802561366061,0.3663857213683689,0.2088866120218579,0.2532433834976648,0.3030706232975716,1.3963937604951318,0.2020014007079445,1.0196011396011395,1.8707529411764707,1.2706394425681171,1.4005253283302064,1.4998521756558385,2.217741935483871,5.80000762495462,-2.5,15.0,0.0,0.0,0.0,0.2833767923312668,0.2143981803317879,0.0,0.72,0.025,0.3333333333333333,0.4444444444444444,1.8681604822005948,1.271567554376106,0.1177523921568627,4.945064,1.0783488053221288,1.5556662499999998,2.564735966666667,0.0,0.0,0.0,0.0,0.0,0.0,0.0,0.0,0.0,0.0,0.0,0.0,0.0,0.0,1053.7673258064517,308.80930456935243,610.5,1670.96,794.75,937.5,1290.7759999999998,181.9620324186451,43.97543123862867,111.81002305666388,267.4558856464011,149.16257581233373,179.5679960162033,219.4002043026602,2.562809982967775,0.3061615885052768,2.0165695167411157,3.1486676973130847,2.303922642714396,2.622446912279296,2.761200801241422,4.354838709677419,3.0112518787393454,0.0,12.0,2.5,4.0,6.0,0.3967578530099683,0.1647161348697228,0.1496149614961496,0.7691972076788831,0.2838224140110553,0.3537886872998932,0.5113755523796853,9.735146392233296e-05,0.0001998163761855,0.0,0.0005500550055005,0.0,0.0,0.0,1.046889024803785,0.0706283258039697,1.0,1.2532588454376163,1.0,1.0096153846153846,1.048665501003765,28.774193548387096,1.9127699458546572,22.0,33.0,29.0,29.0,29.0,31,64298.0,1137.0,187.0,23500.0,0.0176832871940029,0.0029083330741236,2074.1290322580644
36405416,1,870.4444444444445,354.44576802260707,10.0,1354.0,710.5,936.0,1155.5,23.444444444444443,15.367915912906762,1.0,52.0,12.0,20.0,37.5,3.111111111111111,2.096440251568134,0.0,8.0,2.0,2.0,4.0,104.03703703703704,36.28537250583928,4.0,158.0,96.5,109.0,129.0,0.0306239879327447,0.0213280685489113,0.0061099796334012,0.1,0.0179359941695961,0.0212591986917416,0.0400215791863377,0.0120382415045613,0.0372742928418352,0.0,0.2,0.0018382522980256,0.0036407766990291,0.0059253472701145,0.1822778374472259,0.0888050493224011,0.0,0.354,0.1180434359827533,0.1927570093457944,0.231217292335039,0.3273407645548721,0.0930800437674235,0.0,0.4136780650542118,0.318031333497383,0.3657086223984143,0.376660896921659,0.9798201782121478,0.2888048490110362,0.6902739726027398,1.9382835820895523,0.8577733990147783,0.8925827814569537,0.976457853618421,3.1481481481481484,6.603611266256509,0.0,17.0,0.0,0.0,0.0,0.6896485371321973,0.3604388491784437,0.0,1.0,0.651547619047619,0.8571428571428571,0.9642857142857144,0.619776771460242,1.5736798978232962,0.0,8.1588541875,0.0291004285714285,0.203703,0.3788874007936508,0.0,0.0,0.0,0.0,0.0,0.0,0.0,0.0,0.0,0.0,0.0,0.0,0.0,0.0,790.2533444444445,237.55063461566863,360.0,1077.463,568.9675,941.838,975.278,127.8054187505508,27.225554234140176,95.17213259200706,213.25889953901645,106.6126128917937,128.2154625637963,140.68722741364084,2.518272866574033,0.2438820350542639,2.10230192096599,2.9854400619527173,2.321417506348542,2.4583790344367142,2.748133111114982,14.22222222222222,8.986959001729419,0.0,34.0,9.5,13.0,19.5,0.0614951347103876,0.0464551027665881,0.0,0.1588594704684317,0.0269955392285489,0.0506863780359028,0.0901467129009129,0.0003040807638508,0.0015505137485838,0.0,0.0082101806239737,0.0,0.0,0.0,1.1080829792117866,0.2289327776050326,1.0,1.9,1.0,1.0,1.0398455471574104,3.185185185185185,1.4665918424609874,0.0,5.0,3.0,3.0,5.0,27,23502.0,633.0,84.0,20500.0,0.0269338779678325,0.0035741639009446,870.4444444444445
57922000,1,1555.5142857142855,435.02350487751625,581.0,2194.0,1359.0,1641.0,1911.0,46.8,33.98722449055569,14.0,159.0,22.5,32.0,64.5,5.742857142857143,5.189785886818492,0.0,21.0,2.0,4.0,8.0,99.68571428571428,19.182985658533713,50.0,130.0,91.5,105.0,109.5,0.0334951641708321,0.0283662202364643,0.0071538068472151,0.1297959183673469,0.0145307654018455,0.0230642504118616,0.0432609704218319,0.0040995493447811,0.0037927555793388,0.0,0.0151953690303907,0.0014888469477652,0.0023452157598499,0.0063068585346379,0.1397720570849372,0.0635302993115617,0.0105509964830011,0.2778581765557164,0.0948101918597688,0.1252313386798272,0.1868026278144551,0.1362989401029107,0.0724792495245099,0.0342396777442094,0.3304401735895846,0.0996972056146215,0.1087645195353748,0.1565704872735001,1.3037652371272062,0.5537649083981849,0.582266355140187,2.7808333333333333,0.814976896418945,1.3866049382716048,1.584410269192423,131.44011088856996,468.49410852925706,-210.0,2424.0,0.0,55.90909090909091,84.68181818181819,0.7598187326445194,0.2481374818396669,0.2222222222222222,1.0,0.5381593406593407,0.83,1.0,32.06026775247113,107.05319833924092,0.4501235,478.4130950714286,0.827334486013986,1.2555562,1.851854511627907,0.0011784332073144,0.0026655012004416,0.0,0.0115606936416184,0.0,0.0,0.0005622914364992,0.0007921735289118,0.0021923348319319,0.0,0.0122029543994861,0.0,0.0,0.0003046922608165,1361.0369142857144,400.55877311499825,709.789,2100.89,988.3015,1440.0,1569.89,237.0564430295582,86.59416508089272,125.85606621758672,480.1538706411324,169.63654271286066,213.91832442503932,294.23331329216876,2.5685626302773685,0.4305712549482447,1.5871955377327018,3.141260684791964,2.415819895315008,2.660022886805436,2.861370229096234,9.628571428571428,6.663700020197764,2.0,34.0,5.5,8.0,11.0,0.296812342290646,0.1315067039084546,0.0142405063291139,0.5885111371629543,0.2284548378450817,0.2574102964118565,0.3915657258841495,0.0003254735011412,0.0006528320334228,0.0,0.0027347310847766,0.0,0.0,0.0004819238520859,1.1474236754998317,0.2915088283060769,1.0,2.251877133105802,1.0,1.0141643059490084,1.1289619319134665,64.8,20.17891402996136,18.0,77.0,63.0,76.0,76.0,35,54443.0,1638.0,201.0,26500.0,0.0300865124993112,0.0036919346839814,1555.5142857142855
3745729,2,373.55555555555554,108.16288585528407,124.0,576.0,297.0,348.0,451.5,16.77777777777778,9.310819406727388,0.0,36.0,10.5,16.0,21.0,1.2592592592592593,1.5053630691038205,0.0,6.0,0.0,0.0,2.0,27.296296296296298,7.816482181261995,14.0,43.0,20.5,26.0,33.0,0.0443296956073648,0.0218659237059489,0.0,0.1049382716049382,0.0328112203112203,0.0462046204620462,0.0548396334478808,0.0030569292416391,0.0034454470486573,0.0,0.0105633802816901,0.0,0.0,0.0053482053482053,0.3153039614644576,0.1554075901795005,0.1136363636363636,0.7375415282392026,0.20079883805374,0.2598425196850393,0.4167464063390351,0.3648330254996344,0.0787590597826225,0.2258064516129032,0.4708029197080292,0.3124092229484386,0.3846153846153846,0.4319708581701201,0.0,0.0,0.0,0.0,0.0,0.0,0.0,0.0,0.0,0.0,0.0,0.0,0.0,0.0,0.0,0.0,0.0,0.0,0.0,0.0,0.0,0.3453690543630076,0.0887552318584485,0.0,0.4285714285714285,0.3054067368421053,0.375,0.3929432076023391,0.0,0.0,0.0,0.0,0.0,0.0,0.0,0.0,0.0,0.0,0.0,0.0,0.0,0.0,544.3055555555555,100.3016592061476,372.0,702.0,476.0,521.5,611.0,120.98025887750175,14.962423961242816,96.5121016578924,164.79085129710649,112.13499592685666,118.84849828008382,129.45961058687806,2.7077952365282942,0.211361175264623,2.1141493452416196,3.111943005982753,2.622852682331515,2.715173957471292,2.8254282559670107,16.40740740740741,9.145973650694843,0.0,36.0,10.5,16.0,20.0,0.0,0.0,0.0,0.0,0.0,0.0,0.0,0.0022691038830785,0.0044351233047569,0.0,0.0135135135135135,0.0,0.0,0.001082251082251,0.0,0.0,0.0,0.0,0.0,0.0,0.0,0.0,0.0,0.0,0.0,0.0,0.0,0.0,27,10086.0,453.0,34.0,20500.0,0.044913741820345,0.0033710093198492,373.55555555555554
75534380,2,1697.3125,764.4301978230255,168.0,3313.0,1034.0,1644.5,2184.75,77.09375,39.18893288847631,2.0,164.0,49.0,71.5,93.25,0.46875,0.7064159097160821,0.0,2.0,0.0,0.0,1.0,29.25,10.262187875886896,4.0,51.0,22.75,29.0,36.0,0.0488502005062579,0.0239152177778644,0.0119047619047619,0.1048648648648648,0.0293665826096575,0.0423402333939749,0.0690132629772688,0.0002737527849028,0.0004340537836622,0.0,0.0015267175572519,0.0,0.0,0.0004137085587402,0.1546167748109168,0.0980111841809259,0.0,0.3519786910197869,0.1076259882855541,0.1731911616844317,0.2057102364688208,0.1848704254559856,0.0675172813163686,0.0,0.3,0.1664198203908004,0.1922798772133678,0.2133864833344476,1.5180659182827505,0.3917683690633948,0.8738317757009346,2.246266666666666,1.133711858760826,1.6181000772109044,1.8933019585754376,81.62867482474952,63.85779493900214,0.0,155.0,0.0,120.22727272727272,131.9047619047619,0.5423244996968738,0.1090025426754094,0.4293865277777777,1.0,0.4628208931365575,0.53865,0.5674192127873563,7.115272361874891,30.15948821678605,0.0771774216216216,174.0394868811594,0.1949087903846154,0.4801366120218579,2.732971879411765,0.000464829085161,0.0020158181898819,0.0,0.0110650069156293,0.0,0.0,0.0,0.000464829085161,0.0020158181898819,0.0,0.0110650069156293,0.0,0.0,0.0,1217.813,329.0633459969182,396.79,1913.78,990.0,1110.0,1380.0,211.89315219311985,63.44812959656221,103.17647589860236,365.1122991686077,172.9454056806101,184.90835983005343,251.76082796099735,2.4372987432419504,0.3061520513648427,1.971626822406779,3.148910229066531,2.227100767455207,2.4102029780791145,2.5493100791609047,32.0625,21.7254710823494,0.0,60.0,9.0,39.5,52.0,0.4950530162091865,0.2841949680757295,0.0,0.8730769230769231,0.2660119047619048,0.6102329258102543,0.7362327212708892,0.0073201008986711,0.005934250471034,0.0,0.0189944134078212,0.0029204445783806,0.0049504606035961,0.0124440181280998,1.512346075143438,0.3873267537118014,1.0502958579881656,2.324230387288978,1.112734293432326,1.5080401422136716,1.8550772004819864,29.53125,5.937088801550807,11.0,34.0,29.0,33.0,33.0,32,54314.0,2467.0,15.0,24250.0,0.045421070074014,0.0002761718893839,1697.3125
60880958,1,284.7049180327869,942.866354319084,0.0,5158.0,0.0,0.0,0.0,101.8360655737705,360.2742207112666,0.0,1967.0,0.0,0.0,0.0,0.0327868852459016,0.2539661210627814,0.0,2.0,0.0,0.0,0.0,3.1475409836065573,8.149899055140258,0.0,33.0,0.0,0.0,0.0,0.1038776268384678,0.2470300398628547,0.0,1.0,0.0,0.0,0.0,1.2054001928640307e-05,9.3369897449552e-05,0.0,0.000735294117647,0.0,0.0,0.0,0.0156131683609087,0.0469037127116952,0.0,0.1952718676122931,0.0,0.0,0.0,0.003383420275971,0.0096203958929286,0.0,0.0432338115548662,0.0,0.0,0.0,0.1822849041274137,0.4418563487178779,0.0,1.42,0.0,0.0,0.0,0.0,0.0,0.0,0.0,0.0,0.0,0.0,0.1006614897900488,0.2731337361918872,0.0,1.0,0.0,0.0,0.0,4.516964391921641,32.83384848824705,0.0,258.7208994642857,0.0,0.0,0.0,0.0144503847562318,0.0716184027947914,0.0,0.5323529411764706,0.0,0.0,0.0,0.0241199373635029,0.0866336551867389,0.0,0.5375,0.0,0.0,0.0,279.67475409836067,697.8999992051249,0.0,2551.52,0.0,0.0,0.0,61.25890305820461,150.3561347205826,0.0,620.4502763925299,0.0,0.0,0.0,0.4982938748134897,1.076218026972057,0.0,3.1320786401234764,0.0,0.0,0.0,1.819672131147541,8.961681993621347,0.0,66.0,0.0,0.0,0.0,0.0266696658389403,0.0868091808414191,0.0,0.3783939919121895,0.0,0.0,0.0,0.0,0.0,0.0,0.0,0.0,0.0,0.0,0.3674144982389691,0.947898732225089,0.0,3.5201582982933464,0.0,0.0,0.0,2.5901639344262297,8.44534414207281,0.0,35.0,0.0,0.0,0.0,61,17367.0,6212.0,2.0,46000.0,0.3576898715955547,0.00011516093741,284.7049180327869
55660457,2,1756.40625,944.0993015625728,384.0,4378.0,920.5,1597.0,2471.0,124.15625,68.2166170074235,9.0,301.0,75.0,108.0,162.5,2.71875,3.58150086381394,0.0,15.0,0.0,1.5,3.0,37.0625,10.389109381944152,15.0,61.0,30.0,36.0,43.25,0.094523499978395,0.0802274668127064,0.0058900523560209,0.398406374501992,0.0518601907444469,0.0696235556834439,0.0980416154467784,0.0018847894311843,0.0024694843249676,0.0,0.0095846645367412,0.0,0.0008206861400861,0.0024911112555177,0.2075821400308963,0.1446691984072752,0.0189222542163718,0.5643382352941176,0.0898231755823203,0.1888212469895638,0.2871183374596145,0.2286198693296097,0.1202696216752641,0.0151898734177215,0.4303675048355899,0.1206150841851512,0.2393799550349071,0.3206373228480099,1.25837054851142,0.358626249068718,0.6282217194570135,2.004593152512228,0.9345083237474436,1.2010371740662438,1.5739740328877323,89.42864470598846,94.83035037631376,0.0,225.0,0.0,61.90909090909091,187.65873015873015,0.3977479504568499,0.3161522021346325,0.0,1.0,0.0,0.3958333333333333,0.7133522727272728,1.054094947990085,0.7253192109386604,0.0,3.209920818181818,0.6554570695187165,0.8307148055555555,1.1851428556912442,0.0006643685003922,0.0017295837445117,0.0,0.0075471698113207,0.0,0.0,0.0,0.0001853028377806,0.0010317225365261,0.0,0.0059296908089792,0.0,0.0,0.0,1315.875603125,206.37216910988823,750.0,1800.0,1238.331975,1365.0,1443.75,202.07701569048731,48.55084655852992,109.70548682272648,298.51063821891506,160.98767778178893,204.23830680015695,231.62507563646983,2.319727528782783,0.3133685236940633,1.7023063058345826,2.887488777705092,2.0781682503553327,2.3600122265681627,2.5259677231709845,26.0,22.77471185328148,2.0,72.0,4.75,14.5,48.25,0.2524559213232439,0.1808444581175013,0.0018867924528301,0.7715700141442716,0.0974079495356091,0.2333274289444136,0.3553594165991434,0.000111670679337,0.0002400807516311,0.0,0.0011025358324145,0.0,0.0,0.0,1.8314644676932392,0.5563572067918862,1.0758513931888545,3.0943548387096773,1.3879736871341928,1.682852477164266,2.286864843187051,8.84375,3.4379261099534992,3.0,19.0,5.5,10.0,11.0,32,56205.0,3973.0,87.0,24250.0,0.0706876612401032,0.0015479049906591,1756.40625
20029588,2,998.3333333333334,397.6529373534899,88.0,2250.0,836.0,970.0,1145.0,18.545454545454547,21.108795967975787,3.0,110.0,7.0,13.0,19.0,1.7272727272727273,1.28564869306645,0.0,6.0,1.0,2.0,2.0,36.93939393939394,13.24121067873898,9.0,63.0,29.0,37.0,48.0,0.0209094852383075,0.0230051829178244,0.0030181086519114,0.1134020618556701,0.0074418604651162,0.0166666666666666,0.0250569476082004,0.0024169449317325,0.0038829219545899,0.0,0.0227272727272727,0.0010030090270812,0.0015174506828528,0.0023923444976076,0.1090437745498461,0.0940897368193841,0.0023310023310023,0.4505494505494505,0.0360824742268041,0.0979437229437229,0.1413953488372093,0.1742076554682736,0.0854520290637697,0.0470588235294117,0.4285714285714285,0.1136363636363636,0.1627450980392157,0.2083720930232558,0.8300731537800656,0.3437505472918853,0.0,2.0,0.6864217252396166,0.8383333333333334,0.9737068965517242,0.0,0.0,0.0,0.0,0.0,0.0,0.0,0.7192890442890443,0.4093679787461416,0.0,1.0,0.4615384615384615,1.0,1.0,0.7694014227391275,1.2974820197035748,0.0754545454545454,6.856790666666666,0.2399999999999999,0.2785714285714286,0.555761875,0.0,0.0,0.0,0.0,0.0,0.0,0.0,0.0,0.0,0.0,0.0,0.0,0.0,0.0,896.7425484848484,378.0005622340416,510.0,1935.0,660.0,786.25,930.0,183.70491227444833,96.54697292066317,64.90603988126789,493.19646470468587,131.94283848573318,159.82859238099329,180.40460864562863,2.6687900258147756,0.4298205814229864,1.0378002664650483,3.2029344636611565,2.5973397571667807,2.803389337809166,2.9494735526014,4.878787878787879,3.226383431322706,0.0,12.0,3.0,4.0,7.0,0.0211149167915003,0.0823594277400513,0.0,0.4377289377289377,0.0,0.0,0.0,0.000343518436715,0.0013957280633483,0.0,0.0078431372549019,0.0,0.0,0.0,1.2952068303310125,0.4275813052593527,1.0,2.506198347107438,1.0,1.0,1.6420323325635104,8.636363636363637,3.264298911392783,1.0,15.0,7.0,9.0,9.0,33,32945.0,612.0,57.0,25000.0,0.018576415237517,0.0017301563211412,998.3333333333334
86293083,0,1072.9130434782608,664.3865371148281,360.0,2272.0,596.5,769.0,1728.0,141.47826086956522,99.99950850540844,14.0,361.0,51.0,144.0,188.5,0.6086956521739131,1.0103434816193262,0.0,4.0,0.0,0.0,1.0,40.869565217391305,10.36425440522286,22.0,64.0,35.0,38.0,46.0,0.1495856865554133,0.1080613342974409,0.0264932562620423,0.4402810304449648,0.0662098384461789,0.1122715404699739,0.2084429032413428,0.0008169531819117,0.0014801881255778,0.0,0.00557880055788,0.0,0.0,0.0006920052206477,0.2151735343052591,0.0884745145635799,0.018735362997658,0.3576218149307107,0.1657879818594104,0.2087067861715749,0.2673639491950589,0.1600241712704969,0.079244480657922,0.0023419203747072,0.4083333333333333,0.1221062251274017,0.1507064364207221,0.2106472009187269,1.9882507345160023,0.8184640086282341,1.0709079754601227,4.394735294117647,1.380767988507163,1.8659627906976743,2.382830736787743,48.21948600128377,109.39317960954818,-120.0,270.0,0.0,0.0,106.78571428571428,0.3660917343526039,0.288297264262732,0.0,0.9166666666666666,0.0557692307692307,0.35,0.5604166666666667,1.075010821819295,0.7699419501568827,0.1072282003225806,3.681644874264706,0.5779028557668133,0.8000000000000002,1.3189352125,0.0040036489898048,0.0107072381187713,0.0,0.0418410041841004,0.0,0.0,0.0,0.0040036489898048,0.0107072381187713,0.0,0.0418410041841004,0.0,0.0,0.0,1760.7201739130437,349.96386242490956,1184.16,2475.0,1528.3,1800.0,1977.405,304.00596925735334,98.84834600974044,153.61633902614503,498.7879032090263,210.25856799097295,288.0555487735204,377.8541459967882,2.3020975260750403,0.3807499741088511,1.285015061016793,2.9953719392410108,2.196050578204201,2.3138785594748397,2.491075744697122,43.47826086956522,46.98923980918387,1.0,189.0,11.0,29.0,48.0,0.5780484773999973,0.1479541250087695,0.2343096234309623,0.8424855491329479,0.4953938710283888,0.6081946222791293,0.6911312144609033,6.063913649869626e-05,0.0002844227614955,0.0,0.00139470013947,0.0,0.0,0.0,2.191920267192954,0.8064795376534846,1.0942492012779552,4.373376623376624,1.6034245811302237,2.0643086816720255,2.478464144764861,29.08695652173913,25.44544555382932,3.0,79.0,9.0,28.0,35.5,23,24677.0,3254.0,14.0,17500.0,0.131863678729181,0.0005673299023382,1072.9130434782608
1544084,1,258.1707317073171,115.453063515328,3.0,586.0,193.0,233.0,282.0,3.097560975609756,5.025810833981408,0.0,18.0,0.0,1.0,3.0,0.5365853658536586,0.7681958901474937,0.0,3.0,0.0,0.0,1.0,17.902439024390244,4.797381796348974,2.0,29.0,15.0,18.0,21.0,0.009303732284714,0.0107758974607526,0.0,0.0354906054279749,0.0,0.0043668122270742,0.015267175572519,0.0024650304769375,0.0035146049654333,0.0,0.0137614678899082,0.0,0.0,0.004524886877828,0.0167763686274945,0.0299218674942587,0.0,0.1052631578947368,0.0,0.0,0.0168776371308016,0.0574387140627287,0.0739818690108672,0.0,0.222707423580786,0.0,0.0166666666666666,0.0904761904761904,0.0,0.0,0.0,0.0,0.0,0.0,0.0,0.0,0.0,0.0,0.0,0.0,0.0,0.0,0.0,0.0,0.0,0.0,0.0,0.0,0.0,0.3314767370362779,0.4671405025816704,0.0,2.6,0.0,0.2,0.5,0.0,0.0,0.0,0.0,0.0,0.0,0.0,0.0,0.0,0.0,0.0,0.0,0.0,0.0,414.1219512195122,91.0598021463063,60.0,551.0,371.0,433.0,461.0,118.650204579554,22.68541048693285,24.49489742783178,157.39888579748063,107.87497965330488,117.84668882133296,131.87388587605355,2.6943264905377196,0.3222674295048941,1.584962500721156,3.1197948907651116,2.552185379223562,2.738535520704614,2.946364746640774,3.097560975609756,5.025810833981408,0.0,18.0,0.0,1.0,3.0,0.0,0.0,0.0,0.0,0.0,0.0,0.0,0.009303732284714,0.0107758974607526,0.0,0.0354906054279749,0.0,0.0043668122270742,0.015267175572519,0.0,0.0,0.0,0.0,0.0,0.0,0.0,0.0,0.0,0.0,0.0,0.0,0.0,0.0,41,10585.0,127.0,22.0,31000.0,0.0119981105337742,0.0020784128483703,258.1707317073171
5298301,1,616.2325581395348,282.2864978119646,5.0,1146.0,405.0,611.0,881.5,59.93023255813954,41.6320512423252,0.0,134.0,29.0,55.0,101.5,0.6744186046511628,1.2523639086359313,0.0,4.0,0.0,0.0,1.0,22.79069767441861,9.79691014302263,1.0,48.0,16.0,20.0,29.5,0.1062112809643557,0.0930304048627831,0.0,0.3427109974424552,0.0489401620693784,0.067027027027027,0.1093073593073593,0.0014788499805864,0.0033714676112426,0.0,0.0175438596491228,0.0,0.0,0.0010716811410481,0.0443774968975662,0.0410104006471409,0.0,0.145679012345679,0.0075831087151841,0.0316122233930453,0.075245674473668,0.0770029159493539,0.0481627716618301,0.0,0.1893542757417103,0.0438486642380085,0.0583333333333333,0.1122367616485263,0.0,0.0,0.0,0.0,0.0,0.0,0.0,0.0,0.0,0.0,0.0,0.0,0.0,0.0,0.0,0.0,0.0,0.0,0.0,0.0,0.0,0.1784226902035363,0.2453611992365035,0.0,1.4626529166666666,0.053030303030303,0.0975159056603773,0.2410967916666667,0.0,0.0,0.0,0.0,0.0,0.0,0.0,0.0,0.0,0.0,0.0,0.0,0.0,0.0,618.4302325581396,127.7560393782632,60.0,764.0,570.0,612.5,704.0,145.52652805720845,53.429672064458096,21.213203435596427,267.2873204423437,114.87416063339283,134.21984121753232,149.8678644774447,2.444607622239968,0.2371052403902286,1.909733856214931,2.821319566683693,2.276807218583911,2.5469863131240253,2.5835757654361444,59.69767441860465,41.74035740685669,0.0,134.0,29.0,55.0,101.5,0.0,0.0,0.0,0.0,0.0,0.0,0.0,0.0788437342209009,0.0772995164902279,0.0,0.2659846547314578,0.0259377171939107,0.0444444444444444,0.0987940630797773,0.0,0.0,0.0,0.0,0.0,0.0,0.0,3.2790697674418605,1.483640735603403,0.0,5.0,2.5,4.0,4.0,43,26498.0,2577.0,29.0,32500.0,0.0972526228394595,0.0010944222205449,616.2325581395348
11965988,0,832.3,338.2703208973557,97.0,1674.0,677.5,778.5,997.25,4.775,9.634540725950565,0.0,45.0,0.0,1.5,4.0,0.6,1.0198039027185568,0.0,4.0,0.0,0.0,1.0,21.7,8.9,3.0,42.0,18.0,23.5,26.25,0.0196592101783512,0.0622324424753949,0.0,0.3298969072164948,0.0,0.0016752944212485,0.0044601602233819,0.000825372829412,0.0015623162454171,0.0,0.0082135523613963,0.0,0.0,0.0014235544964254,0.1906937392479693,0.1229109399741599,0.0,0.4757412398921833,0.0732969424587727,0.1997196825944454,0.2812589314067958,0.2590346801672487,0.1819703332718584,0.0,0.5883361921097771,0.0929950105042016,0.2526306240928883,0.4229341835297904,0.7093582016683276,0.3311026667856988,0.0,1.371190476190476,0.6671626733921816,0.742018018018018,0.8003205128205129,0.0,0.0,0.0,0.0,0.0,0.0,0.0,0.28125,0.3980191840016425,0.0,1.0,0.0,0.0,0.6666666666666666,0.4251555908494354,1.0211392310885854,0.0,5.2825625,0.0,0.0,0.3083333333333333,0.0,0.0,0.0,0.0,0.0,0.0,0.0,0.0,0.0,0.0,0.0,0.0,0.0,0.0,479.51325,169.59163669514336,284.0,869.0,347.0,408.0,573.8025,116.78551189376093,38.43524077376973,51.24935511789392,236.30101618865388,96.34610088479798,104.37654480586298,127.06208886044018,2.7543060597849225,0.3292776155069551,1.682295125667221,3.2317460043236745,2.619256541616509,2.830020922947498,2.9774826945206385,0.8,1.5362291495737217,0.0,5.0,0.0,0.0,1.0,0.0,0.0,0.0,0.0,0.0,0.0,0.0,0.0002963964942869,0.0006901578108851,0.0,0.0028011204481792,0.0,0.0,0.0,1.0926492014130356,0.4833887508770003,0.0,2.0,1.0,1.0,1.1676034020804251,1.9,1.2206555615733703,0.0,5.0,1.0,2.0,2.0,40,33292.0,191.0,24.0,30250.0,0.0057371140213865,0.0007208939084464,832.3
6511152,2,980.1923076923076,164.5999858002539,521.0,1401.0,888.5,961.0,1049.75,42.84615384615385,19.417859162067018,5.0,84.0,26.0,38.5,55.5,1.3846153846153846,1.5210553794834758,0.0,6.0,0.0,1.0,2.0,54.61538461538461,11.163391141366851,29.0,74.0,49.25,54.0,65.0,0.0425547070516307,0.0173079978793299,0.0095969289827255,0.0895522388059701,0.0296889144382553,0.0413126933886568,0.0533194668564615,0.0014270301631975,0.0016317318844376,0.0,0.0059701492537313,0.0,0.0009324329373896,0.0020716038029814,0.1199990888195892,0.0897720888349329,0.0032930845225027,0.3447537473233404,0.0509514950829153,0.0980059523809523,0.1647686583969323,0.094382891768137,0.0862367778257739,0.0,0.3304782298358315,0.025923366788564,0.0729498654554476,0.1424860333172255,0.0,0.0,0.0,0.0,0.0,0.0,0.0,0.0,0.0,0.0,0.0,0.0,0.0,0.0,0.0,0.0,0.0,0.0,0.0,0.0,0.0,0.1497045630834355,0.0738317589860989,0.0878904,0.5,0.1300793776170536,0.1394110815384615,0.149034993315508,0.0,0.0,0.0,0.0,0.0,0.0,0.0,0.0,0.0,0.0,0.0,0.0,0.0,0.0,879.6346153846154,151.19253884294406,548.0,1274.0,812.375,867.5,961.0,161.11085600294325,26.48485230608689,109.40286781117706,206.75886373178423,138.4495348490404,159.64413552651166,179.50198267824692,2.508930616602719,0.1623491125358067,2.1436422838754043,2.90536482751105,2.3792021153539147,2.5210829447043555,2.607215157895249,40.84615384615385,18.12709893988366,5.0,71.0,24.0,38.5,55.5,0.0,0.0,0.0,0.0,0.0,0.0,0.0,0.0165536169004083,0.0088185295210852,0.0,0.0285510349750178,0.0123773907672846,0.0178541393718352,0.022979339724919,0.0,0.0,0.0,0.0,0.0,0.0,0.0,1.6538461538461535,1.5918616989672982,0.0,4.0,0.0,1.5,3.0,26,25485.0,1114.0,36.0,19750.0,0.0437119874435942,0.0014125956444967,980.1923076923076
13146729,0,1552.5238095238096,892.0245362335222,42.0,3488.0,911.0,1418.0,2170.0,34.42857142857143,29.28931452899216,1.0,74.0,10.0,12.0,67.0,0.0476190476190476,0.2129588549999799,0.0,1.0,0.0,0.0,0.0,18.761904761904763,7.98155469939918,4.0,30.0,12.0,20.0,25.0,0.0343728205313914,0.0401668639883684,0.0007112375533428,0.1666666666666666,0.0065940366972477,0.0115681233933161,0.0522213561964146,5.002000800320128e-05,0.0002236962762604,0.0,0.0010504201680672,0.0,0.0,0.0,0.2171742104232295,0.1777537715349988,0.0,0.5542891421715657,0.061877667140825,0.2002749770852429,0.3353494623655914,0.143198853087289,0.1210903435787949,0.0,0.3317336532693461,0.0307354555433589,0.1049495875343721,0.2487698195735374,1.124757015730667,0.5487579405991373,0.0,1.9426600985221671,0.7808,0.8393891402714931,1.6237374860956622,0.0,0.0,0.0,0.0,0.0,0.0,0.0,0.5240165561173965,0.3278234516024532,0.0,1.0,0.4680392156862745,0.5,0.7090909090909091,1.1416096828698354,1.6082092061371378,0.0,7.55050509090909,0.2633172463768116,0.622223,1.1181081486486486,0.0,0.0,0.0,0.0,0.0,0.0,0.0,0.0,0.0,0.0,0.0,0.0,0.0,0.0,1187.3732952380951,416.3232971058824,481.116,1870.79,969.2577,1096.188,1552.07,290.52041388474527,156.66862750541569,75.1858920765521,606.4048333106767,169.89682740629414,242.8292271177203,367.45404834691794,2.530357402849283,0.472603585259001,1.125177102755131,3.0104422955639127,2.3550618855247474,2.707367368059471,2.857918766033694,2.952380952380953,5.103464653930985,0.0,17.0,0.0,0.0,3.0,0.0,0.0,0.0,0.0,0.0,0.0,0.0,0.0,0.0,0.0,0.0,0.0,0.0,0.0,1.3656256065619083,0.551447975180057,1.0,3.0245098039215685,1.0,1.0637651821862348,1.392814371257485,14.19047619047619,2.014685314410112,10.0,20.0,14.0,14.0,14.0,21,32603.0,723.0,1.0,16000.0,0.0221758733858847,3.0672024046866854e-05,1552.5238095238096
7738832,0,1146.428571428571,383.94813903623464,224.0,1691.0,967.0,1230.0,1268.25,31.892857142857142,16.257612031894226,4.0,54.0,18.0,29.0,46.75,0.5357142857142857,1.0850326807830937,0.0,5.0,0.0,0.0,1.0,17.035714285714285,8.449353918061018,7.0,40.0,10.0,15.5,21.5,0.0283413935283197,0.0119051936074155,0.0059121621621621,0.0510204081632653,0.0177491010925183,0.0313186813186813,0.0384689703276401,0.0004634247679352,0.000911395950797,0.0,0.0041254125412541,0.0,0.0,0.0008169644806357,0.0966455079429797,0.0696838353023533,0.0053222945002956,0.2288851351351351,0.0260403167107529,0.0952516763304237,0.1383956261989929,0.1288825906628676,0.0810260011030345,0.0,0.2692640692640692,0.0775203166482791,0.1103222898354744,0.2093210875247856,0.1071428571428571,0.3863090652282845,0.0,2.0,0.0,0.0,0.0,0.0,0.0,0.0,0.0,0.0,0.0,0.0,1.0,0.0,1.0,1.0,1.0,1.0,1.0,0.338650589553608,0.7089222738496231,0.1227513785714285,3.75463,0.1452839730818414,0.1527675577395577,0.19175,0.0,0.0,0.0,0.0,0.0,0.0,0.0,0.0,0.0,0.0,0.0,0.0,0.0,0.0,462.125,136.53450800072486,284.0,824.0,367.5,454.0,467.0,103.2305660128077,41.21572001753398,69.8973249380328,250.69834479311876,83.90038562240663,93.69191730102308,106.98322290271436,2.869062122988051,0.2149358527396276,2.3270095489520033,3.18298121018889,2.831509210301962,2.8950220148549253,3.0191865358443812,31.857142857142858,16.23205445520482,4.0,54.0,18.0,29.0,46.75,0.0,0.0,0.0,0.0,0.0,0.0,0.0,0.0099430802791981,0.0060980283160175,0.0,0.0197628458498023,0.0037224932386721,0.0124852073515751,0.0143010732465708,0.0357142857142857,0.1855768722395225,0.0,1.0,0.0,0.0,0.0,1.7142857142857142,1.0301575072754254,1.0,4.0,1.0,1.0,2.0,28,32100.0,893.0,15.0,21250.0,0.0278193146417445,0.0004672897196261,1146.428571428571
27612553,1,458.06060606060606,304.21313694602634,6.0,1148.0,237.0,360.0,629.0,49.06060606060606,46.34059637466875,0.0,173.0,18.0,27.0,50.0,1.9090909090909092,2.5149689601510823,0.0,11.0,0.0,1.0,3.0,26.818181818181817,13.780650786089684,4.0,57.0,19.0,21.0,36.0,0.1161413598463885,0.0814148758497056,0.0,0.3270321361058601,0.0675675675675675,0.0992063492063492,0.1333333333333333,0.0090999772550217,0.0138502880785281,0.0,0.0459770114942528,0.0,0.0027777777777777,0.00625,0.1697007705345308,0.1470297716758066,0.0,0.5238095238095238,0.0547112462006079,0.136094674556213,0.2413793103448276,0.2660011522115633,0.1489648070499064,0.0,0.4777777777777778,0.1570945945945946,0.2871287128712871,0.3811881188118812,1.3668184782265909,0.5429265926412064,0.0,2.119736842105263,1.1325,1.4489285714285711,1.740566037735849,0.0,0.0,0.0,0.0,0.0,0.0,0.0,0.5593063373805001,0.4241333655064307,0.0,1.0,0.0,0.7058333333333334,1.0,1.9893928312243567,1.3587235549422605,0.0,5.81738,1.08594,1.4829784285714285,2.9037106666666666,0.0,0.0,0.0,0.0,0.0,0.0,0.0,0.0,0.0,0.0,0.0,0.0,0.0,0.0,1054.934972727273,337.12160689908256,330.0,1740.0,870.0,1050.0,1130.7,205.06379971005703,60.942599314141816,116.3180695922454,348.0831883841334,178.86768731477014,194.1601495043426,219.16341697382575,2.51245961766225,0.3217146079333331,1.2516291673878228,3.0460557338906185,2.3383962930799265,2.5531890252778786,2.7072072166199055,18.272727272727273,16.73550522052519,0.0,56.0,7.0,13.0,22.0,0.123111399161347,0.1429505699226321,0.0,0.621031746031746,0.0110987791342952,0.0926275992438563,0.18125,0.0068558119869059,0.0081580136586544,0.0,0.0317460317460317,0.0,0.0036697247706422,0.011070110701107,1.3901440882517968,0.4193844738710282,1.0,3.1481481481481484,1.0772058823529411,1.261904761904762,1.578125,8.484848484848484,4.566818480917456,0.0,16.0,3.0,9.0,12.0,33,15116.0,1619.0,63.0,25000.0,0.1071050542471553,0.0041677692511246,458.06060606060606
33932022,0,610.047619047619,166.04172630782733,136.0,926.0,526.0,613.0,658.0,15.19047619047619,7.78043362495242,0.0,31.0,9.0,15.0,21.0,0.4285714285714285,0.5832118435198043,0.0,2.0,0.0,0.0,1.0,38.38095238095238,10.820950536877154,13.0,56.0,32.0,39.0,42.0,0.0250055773225967,0.01366308074661,0.0,0.0476190476190476,0.0132890365448504,0.024390243902439,0.0347533632286995,0.0006793189427395,0.0009331953797082,0.0,0.0031201248049922,0.0,0.0,0.0015337423312883,0.0355488507848147,0.0473064333720145,0.0,0.1911764705882352,0.002127659574468,0.0170648464163822,0.0502152080344332,0.260656325736788,0.1821364482908552,0.0156950672645739,0.5717592592592593,0.1138888888888888,0.181063122923588,0.4380069524913094,2.3639119131128283,1.208744759142608,0.9187333333333334,4.319780564263323,1.3303389830508474,1.7166804979253114,3.775945205479452,44.5,59.723457942180715,-30.6,120.0,0.0,0.0,120.0,0.2954427736006683,0.3564753474941386,0.0,1.0,0.0,0.0,0.5137499999999999,2.922732633466996,3.529375704421179,0.0,15.2280515,0.7548695000000001,2.02291,2.802466666666667,0.0,0.0,0.0,0.0,0.0,0.0,0.0,0.0,0.0,0.0,0.0,0.0,0.0,0.0,825.0484261904762,231.72598963379428,301.5,1275.0,711.65,840.0,893.49,164.17663761860626,49.64570240004582,65.08593137099002,267.4774786111893,129.85076277731216,147.05116272537174,201.80522639582813,2.691365585328537,0.2757443310491082,2.209813476334968,3.1376765646755995,2.4455747160357335,2.583925400147982,2.9455432912405155,5.857142857142857,2.252738318574261,0.0,10.0,5.0,6.0,6.0,0.238405937242092,0.2050977011240909,0.0060790273556231,0.6164383561643836,0.0631399317406143,0.2026578073089701,0.4116693679092382,0.0004873404681259,0.0009581423155157,0.0,0.0032414910858995,0.0,0.0,0.0,1.147150582289964,0.2078556458176066,1.0,1.6769759450171822,1.0,1.0,1.2903225806451613,9.80952380952381,2.770921243043077,5.0,14.0,9.0,9.0,12.0,21,12811.0,319.0,9.0,16000.0,0.0249004761533057,0.0007025212707829,610.047619047619
27658360,1,445.04,217.9164023197887,3.0,832.0,241.0,469.0,571.0,17.04,9.391400321570794,2.0,36.0,10.0,16.0,25.0,1.44,1.2986146464598345,0.0,4.0,0.0,1.0,2.0,42.56,18.139636159526464,2.0,64.0,30.0,45.0,57.0,0.0720336490307362,0.1247367390643723,0.0066137566137566,0.6666666666666666,0.017799352750809,0.0411311053984575,0.077720207253886,0.0033402371672487,0.0028436786516396,0.0,0.0114942528735632,0.0,0.0037783375314861,0.0047393364928909,0.196104710068884,0.1295706912445648,0.0,0.4520255863539446,0.1053984575835475,0.1516966067864271,0.3064876957494407,0.263215063501893,0.1110031028531388,0.0,0.4956140350877193,0.208955223880597,0.2550091074681239,0.3268608414239482,1.252683817482286,0.4210505394575615,0.0,2.0,1.0719512195121952,1.22775,1.5519565217391305,0.0,0.0,0.0,0.0,0.0,0.0,0.0,0.3936697737556561,0.2895558573406576,0.0,0.8116666666666666,0.0,0.5,0.6166666666666667,2.621608022214565,2.262907771765238,0.0,8.455495833333334,0.834248,1.5445049999999998,4.417365043478261,0.0,0.0,0.0,0.0,0.0,0.0,0.0,0.0,0.0,0.0,0.0,0.0,0.0,0.0,650.30992,203.21564256442855,150.0,1047.39,510.0,629.951,780.0,151.59505115528225,82.9324654419161,61.644140029689765,411.2347645015758,102.26757264943748,121.3089642193455,211.357608885632,2.571515142513241,0.2707565624961617,1.584962500721156,2.9202213084013393,2.4550583461091797,2.626893915992799,2.7345085610938944,3.0,2.9933259094191533,0.0,9.0,0.0,2.0,5.0,0.1725983488765467,0.158627699266386,0.0,0.4992700729927007,0.0113421550094517,0.1349693251533742,0.2894736842105263,0.0021085939143494,0.0051584171125224,0.0,0.0229885057471264,0.0,0.0,0.0014598540145985,1.1676902521541224,0.4002224442393745,0.0,1.950920245398773,1.0,1.0,1.4642857142857142,4.92,1.9579581200832668,0.0,8.0,4.0,5.0,6.0,25,11126.0,426.0,36.0,19000.0,0.0382886931511774,0.0032356642099586,445.04
2406624,0,227.07894736842104,148.39321547460304,36.0,769.0,127.0,205.5,296.5,10.842105263157896,8.8779037230213,0.0,45.0,4.5,10.0,13.0,0.9210526315789472,1.4212962754095553,0.0,4.0,0.0,0.0,2.0,15.526315789473683,5.580684932992512,4.0,26.0,12.0,16.0,19.75,0.0560487951027938,0.038453199173425,0.0,0.1388888888888889,0.0299478052537006,0.0432973459289248,0.086504227859368,0.0045927039083109,0.0067789922570567,0.0,0.019047619047619,0.0,0.0,0.0106030623272002,0.076069117394738,0.1108772578801078,0.0,0.4722222222222222,0.0,0.0245235688344752,0.117063492063492,0.0832026785270026,0.1681220489036064,0.0,0.7597597597597597,0.0,0.0,0.076396030440148,0.0,0.0,0.0,0.0,0.0,0.0,0.0,0.0,0.0,0.0,0.0,0.0,0.0,0.0,0.0,0.0,0.0,0.0,0.0,0.0,0.0,0.1491907359945915,0.1441590045088529,0.0,0.5333333333333333,0.0402097902097902,0.1031468531468531,0.2430555555555555,0.0,0.0,0.0,0.0,0.0,0.0,0.0,0.0,0.0,0.0,0.0,0.0,0.0,0.0,465.4315789473685,93.33412278719018,248.49999999999997,609.0,420.0,484.0,510.0,110.9312933648756,16.76150123520365,84.43783390235903,153.85550716616757,95.51926880289648,112.58527043569148,120.72281172755592,2.722528947401039,0.2169227073953087,2.1656097040905147,3.2082916834335236,2.5909084593368097,2.7321156442012793,2.876792851940209,9.657894736842104,8.433255960433243,0.0,43.0,4.0,8.5,12.0,0.0,0.0,0.0,0.0,0.0,0.0,0.0,0.049356409441529,0.0345217166736126,0.0,0.132716049382716,0.025381299734748,0.0403035661656351,0.0703781512605042,0.0,0.0,0.0,0.0,0.0,0.0,0.0,0.0,0.0,0.0,0.0,0.0,0.0,0.0,38,8629.0,412.0,35.0,28750.0,0.0477459728821416,0.0040560899293081,227.07894736842104
9009316,0,817.2,412.64396275724187,281.0,2529.0,588.0,804.0,919.0,13.24,18.35490125279894,0.0,67.0,0.0,4.0,33.0,1.72,1.5879546593023366,0.0,5.0,0.0,1.0,3.0,30.28,14.152088185140736,3.0,62.0,19.0,29.0,35.0,0.0189162116483409,0.0261084578768807,0.0,0.0870712401055409,0.0,0.0046296296296296,0.0345911949685534,0.0024849017173329,0.0025226684696291,0.0,0.0105042016806722,0.0,0.0016420361247947,0.0038535645472061,0.3392605137666699,0.1239787856192244,0.0816326530612244,0.573921028466483,0.2557127312295973,0.337730870712401,0.4448441247002398,0.3666382438541184,0.0926240186471575,0.1969924812030075,0.5709766706207987,0.3184079601990049,0.387862796833773,0.4293478260869565,0.3161677419354838,0.5546937118863378,0.0,2.0,0.0,0.0,0.5241935483870968,0.0,0.0,0.0,0.0,0.0,0.0,0.0,0.4586666666666666,0.4881966816765554,0.0,1.0,0.0,0.0,1.0,0.0448242533333333,0.1670404910389502,0.0,0.8420133333333334,0.0,0.0,0.0,0.0,0.0,0.0,0.0,0.0,0.0,0.0,0.0,0.0,0.0,0.0,0.0,0.0,0.0,467.4746,199.53037823770097,160.0,1035.5,347.038,407.0,482.0,106.45177849491816,60.85020301142206,46.84839926469624,382.33320244495167,85.40898577232711,95.31009587409424,100.40066943668964,2.929100555257774,0.293294423696029,2.103365505389549,3.273827074404123,2.8201859112089136,3.0020880208097966,3.127950285310737,1.8,3.0199337741082997,0.0,14.0,0.0,0.0,3.0,0.0,0.0,0.0,0.0,0.0,0.0,0.0,0.0002036241043353,0.0004916415777655,0.0,0.001926782273603,0.0,0.0,0.0,0.28,0.4489988864128729,0.0,1.0,0.0,0.0,1.0,1.4,1.4142135623730951,0.0,4.0,0.0,2.0,2.0,25,20430.0,331.0,43.0,19000.0,0.0162016642192853,0.0021047479197258,817.2
62769512,2,2807.535714285714,1209.4694079324577,681.0,5145.0,1992.75,2768.0,3487.0,223.67857142857144,135.62949889086724,68.0,544.0,133.75,158.5,303.5,1.5,1.742330131092924,0.0,8.0,0.0,1.0,2.0,33.07142857142857,11.442179398512993,15.0,55.0,22.0,32.5,40.0,0.0867662008583018,0.0441565027873612,0.0271457085828343,0.2037267080745341,0.0521109456140886,0.0806352011959061,0.1096933514038794,0.0006173339810899,0.0007653474371325,0.0,0.0036630036630036,0.0,0.0004626012056733,0.0008977453427153,0.1053191034890356,0.0437143742230397,0.02672147995889,0.2016448370392933,0.0730393369820375,0.1051041778129188,0.1301476198182785,0.1167769640426946,0.0851501057572042,0.0409937888198757,0.3659616330545991,0.0624578220858895,0.0917582376489657,0.1283081951614892,1.1177177170309849,0.3739179220967545,0.5741463414634146,1.9222787193973632,0.8444420138888891,1.0244937399284264,1.2230294491525424,0.0,0.0,0.0,0.0,0.0,0.0,0.0,0.3422494273192332,0.2141738166215043,0.0,0.6197183098591549,0.14375,0.4547371284771815,0.5,5.51020786360761,9.459615966293008,0.2894468888888888,39.83196146938776,0.9255519364000908,1.295490766889632,4.740509696843854,0.0049705687882049,0.0065057010353997,0.0,0.0234948604992657,0.0,0.0027321943044916,0.0081543753884805,0.0047209107260211,0.0058787581706958,0.0,0.0223602484472049,0.0002466293982242,0.0024586249833774,0.0084029667043572,1958.12,483.4818739751264,821.0,2527.61,1642.5,1992.4325,2393.11125,237.95653846405204,66.30713399152845,111.85819279456364,376.8412955448636,195.0191219537267,240.204731170862,266.35758133469994,1.706680765476973,0.2598679802260341,1.195926353502185,2.1787657908129803,1.582131759211442,1.683593350075265,1.834437669739995,29.714285714285715,20.708619914796596,4.0,60.0,10.0,21.5,57.0,0.2593606290254544,0.1370298990976736,0.0146842878120411,0.5751552795031056,0.1688110844971021,0.2095362744239025,0.2869421040046137,0.0,0.0,0.0,0.0,0.0,0.0,0.0,1.7282038471101906,0.3574411806998949,1.2666666666666666,2.468569595894804,1.3810521318304338,1.7045012346999977,2.016644818559481,26.571428571428573,11.318217210158434,4.0,44.0,15.0,30.5,32.25,28,78611.0,6263.0,42.0,21250.0,0.0796707839869738,0.0005342763735355,2807.535714285714
61493838,2,2886.75,941.8562077469302,1482.0,4687.0,1973.75,2900.0,3607.5,44.32142857142857,22.82863735910379,10.0,100.0,26.0,44.5,58.75,2.642857142857143,2.5101833415436543,0.0,9.0,1.0,2.0,4.0,72.82142857142857,23.925559511935845,34.0,135.0,56.25,67.0,85.25,0.015483441231633,0.0070365797390173,0.0052697616060225,0.0348310693138279,0.0091432723166183,0.0159119835410759,0.0197254364362406,0.0010751283528829,0.0012746073057846,0.0,0.0047493403693931,0.000246240257397,0.0005281028913859,0.0013235964339434,0.1586861733167897,0.1005319906890356,0.0322255790533736,0.379133409350057,0.0755930831380677,0.1292863282645896,0.241325542325431,0.2586069581037549,0.1073412897743506,0.0605745932848736,0.4629418472063854,0.195058456282946,0.2325230286670791,0.3592720402236032,1.5969272680373636,0.4330168692412028,0.9562566489361702,2.4071694599627564,1.1932228356537045,1.4726051587301587,2.0042593596850646,41.55625757002521,35.743106163383786,-19.77777777777778,159.75,17.11111111111111,34.785714285714285,56.55306905370844,0.4011128948753761,0.2546937883567017,0.0,1.0,0.25,0.3836352657004831,0.5308035714285715,4.017796968372311,5.788367584196602,0.3490104031936842,32.037707727272725,1.5210594123355263,2.260988068518518,4.706336136499565,0.0,0.0,0.0,0.0,0.0,0.0,0.0,0.0,0.0,0.0,0.0,0.0,0.0,0.0,1374.5710892857144,322.625452193574,588.8685,2055.0,1208.5784999999998,1311.265,1590.0,230.6949569923841,83.69950603487878,125.65946754724582,525.7836393428815,174.8368486364472,235.405013215611,268.0614253177825,2.446284590402359,0.4789814335061065,1.5669276070628226,3.126766210204197,2.048638377568357,2.582106118388652,2.863182853748228,8.464285714285714,6.038460913517751,1.0,27.0,3.0,8.0,11.25,0.2119126084987708,0.1139131131560419,0.0218352681039248,0.4351769911504425,0.1466129089434834,0.2165801749271137,0.2809603138044825,0.000240376504537,0.0005330665554151,0.0,0.0017307026652821,0.0,0.0,0.0,1.3068127772644222,0.2782408958327966,1.0020470829068575,2.17018989609459,1.124768617897176,1.2053959003551111,1.4418955142150691,31.071428571428573,4.3336603748907185,19.0,36.0,29.0,31.5,35.0,28,80829.0,1241.0,74.0,21250.0,0.0153534003884744,0.000915512996573,2886.75
35418014,2,1130.0697674418604,430.3719805518616,133.0,2420.0,837.5,1061.0,1317.75,43.96511627906977,16.157975692358598,13.0,84.0,32.0,39.0,55.75,2.755813953488372,4.737127101386347,0.0,26.0,0.0,1.0,2.0,67.40697674418605,14.502909016114378,7.0,92.0,57.0,69.0,78.75,0.0466057937065636,0.0525583504319868,0.0134854771784232,0.5037593984962406,0.0287472867214977,0.039853447657315,0.0497872092929973,0.0021701442526935,0.0033122483022613,0.0,0.0179558011049723,0.0,0.0010122950819672,0.0021571743305,0.0434029394821324,0.0495521288110768,0.0,0.2413479052823315,0.0087443091309166,0.0287647075322198,0.0538611082320446,0.0847618762529633,0.0704043496237815,0.0,0.2573789846517119,0.0329297956293555,0.0643662499156063,0.1169471828788918,1.218104459173869,0.2551466383368013,0.8339583333333334,2.0,1.0525414421881474,1.157,1.3096356275303644,10.569767441860463,30.916444295114104,0.0,101.0,0.0,0.0,0.0,0.5798320582821258,0.3504293834061482,0.0,0.9466666666666668,0.2735109717868338,0.7425652173913042,0.8726923076923077,0.992139350868018,2.3276590676054196,0.0912985555555555,21.163454190476187,0.29169805625,0.4487234155538099,0.901792873873874,2.25883700624949e-05,0.0001217290523575,0.0,0.0008264462809917,0.0,0.0,0.0,1.518677427844386e-05,0.0001019125468429,0.0,0.0008264462809917,0.0,0.0,0.0,1051.919006,480.41936085484053,492.8499999999999,2400.0,751.99,859.1764000000001,1219.5,199.4218790373241,128.8002758009603,99.668268396798,858.3410353832462,123.87017306249524,167.20808911187987,200.68562810271288,2.5553555760246884,0.2678372509901752,1.4610993190277377,3.1848168514630806,2.403735276681938,2.5827605168907937,2.7172514496515383,17.72093023255814,8.510801840712583,0.0,35.0,14.0,20.0,24.0,0.0703336773303047,0.0777866739193608,0.0,0.3971734892787524,0.0276119357076176,0.040391302450786,0.0816806032018296,0.0040898885823819,0.0038932761591509,0.0,0.0172711571675302,0.0,0.0042700888154162,0.006928455587164,1.2928909517930738,0.332157846205391,1.0,2.773027989821883,1.0,1.251380891719745,1.4860423103105205,8.174418604651162,5.263281893446941,2.0,24.0,4.0,7.5,9.0,86,97186.0,3781.0,237.0,64750.0,0.0389047805239437,0.0024386228469121,1130.0697674418604
517226,0,228.02631578947367,104.39713820490464,71.0,508.0,154.25,197.0,322.75,7.631578947368421,7.128227995023059,0.0,30.0,2.0,6.0,11.0,11.473684210526317,16.195738299261684,0.0,97.0,3.0,8.0,14.25,23.026315789473685,7.693082477494971,5.0,42.0,20.0,22.5,26.5,0.0387481107981972,0.037748172060298,0.0,0.14,0.0074611650485436,0.0261897976631518,0.0650955149501661,0.0577744265531138,0.0606670500608264,0.0,0.2984615384615384,0.0136854195561719,0.0376388077147866,0.0890625,0.0034380609623601,0.0089188788195971,0.0,0.052,0.0,0.0,0.0038517441860465,0.0002645843912613,0.0009187117348249,0.0,0.0041666666666666,0.0,0.0,0.0,0.0,0.0,0.0,0.0,0.0,0.0,0.0,0.0,0.0,0.0,0.0,0.0,0.0,0.0,0.0,0.0,0.0,0.0,0.0,0.0,0.0,0.4367343694317379,1.0928579871006945,0.0,6.7,0.0,0.1166666666666666,0.3866666666666667,0.0,0.0,0.0,0.0,0.0,0.0,0.0,0.0,0.0,0.0,0.0,0.0,0.0,0.0,594.578947368421,285.33098339139843,270.0,1170.0,378.0,510.0,738.75,156.83902581249586,73.72501410579252,79.53592665574874,352.94920631906604,105.58974303903524,132.57861496929436,199.94164380148624,3.074791618080556,0.1487276429253452,2.775292660520784,3.2833220611394536,2.9384732984788893,3.12490452658564,3.184844776969031,7.526315789473684,7.202838775551816,0.0,30.0,2.0,6.0,11.0,0.0,0.0,0.0,0.0,0.0,0.0,0.0,0.0,0.0,0.0,0.0,0.0,0.0,0.0,0.0,0.0,0.0,0.0,0.0,0.0,0.0,0.0,0.0,0.0,0.0,0.0,0.0,0.0,38,8665.0,290.0,436.0,28750.0,0.033467974610502,0.0503173687247547,228.02631578947367
33239668,1,673.0769230769231,492.9730779883439,1.0,1732.0,283.5,534.5,1176.25,87.84615384615384,100.12326722122712,1.0,318.0,21.0,45.0,86.5,0.9230769230769232,1.6853001769389726,0.0,7.0,0.0,0.0,1.75,21.692307692307693,12.443006162775292,1.0,43.0,13.75,22.5,31.75,0.2995796510956084,0.3772793519993241,0.0160295930949445,1.0,0.0299965774715992,0.0943141637878479,0.3742511320097527,0.0010454225749147,0.00217188443085,0.0,0.0086313193588162,0.0,0.0,0.0011292087030509,0.1659747152508546,0.1539279998921844,0.0,0.4345549738219895,0.0119933829611248,0.1181712979296913,0.276932158635048,0.1565674657041875,0.1550958205426788,0.0,0.4160899653979238,0.0,0.1181784247853676,0.2777979883985499,1.173539390744011,0.5638799624669214,0.0,1.9459793814432989,0.7701463700234192,1.1982939470341796,1.7064767387218045,5.890959040959041,36.48629923476442,-83.0,144.0,0.0,0.0,4.5,0.2834385822905746,0.3193571788281458,0.0,1.0,0.0,0.1383333333333333,0.5476539589442815,1.3864650004473833,2.165731799330399,0.0,8.41716125,0.2704825222901991,0.4263771186440678,1.5609813945904956,0.0002476364855368,0.0009600247974868,0.0,0.0047732696897374,0.0,0.0,0.0,0.0002476364855368,0.0009600247974868,0.0,0.0047732696897374,0.0,0.0,0.0,1234.7177,624.9301798679494,0.0,2310.0,753.75,1170.0,1575.0,298.84070774336266,196.90919992728377,0.0,721.6267891073129,129.57093586174545,240.00081909224917,441.3601980619173,2.345757627428095,0.6833319382018668,0.0,3.240007677174117,2.1576934147646543,2.4990286696817003,2.7918984240685214,6.115384615384615,4.06984145483035,0.0,12.0,3.25,6.0,10.0,0.1974036041295087,0.227829392653958,0.0,0.5904255319148937,0.0,0.0218048844194854,0.4564285509202102,0.0,0.0,0.0,0.0,0.0,0.0,0.0,1.172705604919973,0.5981458817752403,0.0,2.0,1.241057766832513,1.368935831252585,1.5038109963300257,3.423076923076923,2.4678404904674314,0.0,6.0,1.0,5.0,6.0,26,17500.0,2284.0,24.0,19750.0,0.1305142857142857,0.0013714285714285,673.0769230769231
55342727,1,2229.7567567567567,1302.47387078435,460.0,5500.0,971.0,2117.0,2824.0,51.51351351351352,33.33987274544175,8.0,124.0,28.0,39.0,73.0,0.4054054054054054,0.7870389069492453,0.0,3.0,0.0,0.0,1.0,35.32432432432432,8.164041308653964,18.0,52.0,30.0,36.0,40.0,0.0257372822993648,0.0138174048266544,0.0066132962060563,0.0580524344569288,0.0149659863945578,0.0231459612659423,0.035015447991761,0.0001384717850913,0.0002836086884245,0.0,0.0014150943396226,0.0,0.0,0.0001818181818181,0.2683221576848275,0.1435957928175593,0.0538497874350496,0.5194751947519475,0.1335676625659051,0.2362689393939394,0.3967977723633832,0.3624393036032133,0.1265327491511642,0.0963693411026445,0.5325520833333334,0.2847503373819163,0.4109165808444902,0.4590909090909091,0.9542309134335832,0.3462657132101797,0.550186567164179,2.6286567164179107,0.7553780353200884,0.8950703234880449,1.0571724137931031,42.7027027027027,108.03024222845492,0.0,316.0,0.0,0.0,0.0,0.632790779895824,0.2008840720889431,0.16,1.0,0.5052631578947369,0.5643865714285715,0.75,0.9006553175854212,1.1118296435903117,-0.12397975,5.2974676,0.3142609285714285,0.5,0.9819735483870968,0.0010330145583218,0.0028657990452457,0.0,0.0155880963627775,0.0,0.0,0.0,0.0009539571110958,0.0030692496293403,0.0,0.0165328294756731,0.0,0.0,0.0,1248.797027027027,367.8671885772119,595.96,1917.5,958.55,1135.31,1513.5,166.35582193140243,56.143308564748494,95.32938917435315,341.7224400512285,126.6944394700084,147.554146303081,204.99126036550916,2.1643934750630907,0.3608342864030936,1.478342903796129,2.9161855648424275,1.8963826042963727,2.0819651469581912,2.510147455146037,13.18918918918919,9.354397254298885,2.0,45.0,8.0,9.0,14.0,0.4376633771792457,0.1360022880108255,0.1584578118691966,0.8179603202227637,0.3787116255661801,0.41796875,0.4851157662624035,5.9217850628893575e-06,3.5530710377336145e-05,0.0,0.0002191060473269,0.0,0.0,0.0,1.2933991244908705,0.2923029783892236,1.0,1.927536231884058,1.0528301886792453,1.223728813559322,1.5442598561864618,39.24324324324324,11.871850433888412,12.0,63.0,31.0,41.0,46.0,37,82501.0,1906.0,15.0,28000.0,0.0231027502696937,0.0001818159779881,2229.7567567567567
7732747,2,525.6944444444445,114.33863433883202,267.0,685.0,430.0,541.0,619.5,11.72222222222222,4.337248943173741,5.0,23.0,9.0,11.0,14.0,0.9444444444444444,1.3111581912451051,0.0,5.0,0.0,0.0,2.0,44.916666666666664,11.993922071894024,27.0,79.0,35.0,41.5,54.25,0.0232571965047155,0.0093774549447075,0.0087412587412587,0.0522565320665083,0.017607206292819,0.0228898315280456,0.0292021759850178,0.0017617397835754,0.0026537846568548,0.0,0.01187648456057,0.0,0.0,0.0029293310949193,0.1030203673871212,0.0672780562294036,0.0,0.3241167434715822,0.0749964555677434,0.0833640790413986,0.1265633086079006,0.2093351329195019,0.1446477596445261,0.0,0.4408602150537634,0.044977378764315,0.2450404357729467,0.3010510886722958,0.0,0.0,0.0,0.0,0.0,0.0,0.0,0.0,0.0,0.0,0.0,0.0,0.0,0.0,0.0,0.0,0.0,0.0,0.0,0.0,0.0,0.2897964081889472,0.1386726823096823,0.0624997142857142,0.9711925,0.2360312857142857,0.2520911111111111,0.3375311235795454,0.0,0.0,0.0,0.0,0.0,0.0,0.0,0.0,0.0,0.0,0.0,0.0,0.0,0.0,517.8787222222222,93.40276717457188,374.0,717.833,435.33,506.4825,581.0,120.34688621598382,15.715783354497605,88.59880631079389,148.6912669348684,108.35756922468396,115.80400922096725,133.54864071916774,2.826014340516908,0.204252169152606,2.3130661293453287,3.1432456981146206,2.7401329286745355,2.8446529158087457,3.001100482049048,11.63888888888889,4.210784947790994,5.0,22.0,9.0,11.0,14.0,0.0,0.0,0.0,0.0,0.0,0.0,0.0,0.0007389448913028,0.0014272289784702,0.0,0.0062305295950155,0.0,0.0,0.0014646655474596,0.0,0.0,0.0,0.0,0.0,0.0,0.0,0.3888888888888889,0.4874980215217846,0.0,1.0,0.0,0.0,1.0,36,18925.0,422.0,34.0,27250.0,0.0222985468956406,0.0017965653896961,525.6944444444445
89919628,1,1689.0,1111.688147182188,185.0,5942.0,988.0,1366.0,1917.0,165.65853658536585,111.9674625551064,66.0,633.0,102.0,143.0,188.0,6.365853658536586,6.838756475041762,0.0,24.0,1.0,3.0,9.0,55.073170731707314,15.24817501099632,8.0,92.0,48.0,56.0,64.0,0.1314952035769243,0.1219278986072666,0.0379620379620379,0.7243243243243244,0.0636435958631662,0.0940760686637495,0.1515463917525773,0.0043451379057066,0.0051457035317908,0.0,0.0252764612954186,0.0007902015013828,0.0023980815347721,0.0056044835868694,0.0994279395510244,0.065986729990437,0.0,0.2465972778222578,0.0486111111111111,0.0855810855810855,0.1384758364312267,0.0645918063382443,0.0429637964998333,0.0,0.1956181533646322,0.0379146919431279,0.0518095238095238,0.082723279648609,1.4669021671651978,0.2474767386395296,0.8986854460093896,2.0625345622119817,1.3003118279569894,1.4291497005988023,1.6296468699839486,29.57883275261324,33.12588010223184,0.0,100.0,0.0,13.0,75.0,0.6045219130407098,0.1402058245910312,0.1818181818181818,0.8717834444444443,0.5087319090909092,0.6210526315789474,0.6988628842105262,1.3303166818419745,1.2024427039203451,0.0968992248062015,4.571690626760564,0.5436781609195402,0.8290771481481483,1.6235032202898552,0.0051809665141682,0.0111866366487562,0.0,0.0521327014218009,0.0,0.0,0.002680965147453,0.0051809665141682,0.0111866366487562,0.0,0.0521327014218009,0.0,0.0,0.002680965147453,2142.4024365853656,279.31670433034566,1087.5,2520.0,1980.0,2190.0,2310.0,308.0515071074985,114.8743802969642,163.01355116549598,589.4943382560198,205.9159805133344,282.9354407581277,369.38683033230114,2.009815343775428,0.3761677105162574,1.4460814159534374,3.048628290113663,1.7752996200669928,1.8988930845631184,2.2505018223240683,48.24390243902439,55.70119781862421,11.0,280.0,21.0,33.0,56.0,0.4383387857960957,0.1498927312879907,0.0,0.702075702075702,0.3708333333333333,0.4232299124900557,0.5783704786262331,0.0101145810389342,0.0182445049601729,0.0,0.1081081081081081,0.0016713091922005,0.0036710719530102,0.0107913669064748,1.6681569385279518,0.4575641346427022,1.0,2.6227180527383367,1.3209876543209875,1.5401023890784984,2.026344676180022,38.09756097560975,20.18669554379788,5.0,65.0,27.0,45.0,54.0,41,69249.0,6792.0,261.0,31000.0,0.0980808387124723,0.003769007494693,1689.0
49899508,0,1925.7407407407409,869.7505215989661,232.0,3758.0,1538.0,1769.0,2151.5,107.0,41.210390635084934,7.0,165.0,88.0,115.0,140.5,1.2222222222222223,2.298684540619689,0.0,11.0,0.0,0.0,2.0,79.29629629629629,26.745459725198376,10.0,129.0,71.0,83.0,87.5,0.060148254450482,0.025652073067885,0.0126126126126126,0.1422413793103448,0.0435985550989733,0.0573065902578796,0.0771742847848028,0.0012084322662829,0.0033210702161652,0.0,0.0172413793103448,0.0,0.0,0.0006976695053604,0.1602576471957246,0.0562957527341945,0.0,0.2980022197558268,0.1330881576941568,0.169475204622051,0.1941639374240941,0.3014569019779476,0.0799464120005313,0.0459518599562363,0.3810835629017447,0.3035959032818844,0.3273638968481375,0.3386385809597744,0.8870882044726807,0.2051147637768676,0.53,1.450909780136467,0.75244125083167,0.8693792172739542,0.947420089402611,46.44620811287478,66.33670314351103,0.0,160.0,0.0,0.0,125.0,0.5700148133802656,0.1644006918734544,0.3695652173913043,1.0,0.4271969696969697,0.5671875,0.6566917293233083,14.581075151452634,39.8709699309569,0.1832539857142857,171.31836922330098,0.4617364924107142,0.6726407905511811,1.0729423589241294,0.0,0.0,0.0,0.0,0.0,0.0,0.0,0.0,0.0,0.0,0.0,0.0,0.0,0.0,1655.325740740741,316.4751884976712,900.0,2400.0,1590.0,1650.0,1695.0,235.12556837872324,58.65566411936353,160.31878794386347,479.9405245939459,218.0175183805834,241.63649458396068,249.46156787224444,2.0208633986954454,0.273649798097328,1.613725692936222,2.6982018036950315,1.8385058638910536,1.9200837827748165,2.147784378759483,31.814814814814813,21.42002703777565,0.0,71.0,20.5,27.0,36.0,0.3420262306514533,0.1426849950936694,0.0,0.5298066595059077,0.320066693084579,0.3497622135754431,0.4292005564177646,0.0013911376931909,0.0014912102608787,0.0,0.0039867109634551,0.0,0.0009182736455463,0.0027414078097025,1.370586860454895,0.6081847417480276,1.0,2.8586810228802153,1.0,1.0372526193247962,1.3940940147856145,22.77777777777778,8.134668985654724,2.0,31.0,22.0,25.0,29.0,27,51995.0,2889.0,33.0,20500.0,0.0555630349072026,0.0006346764111933,1925.7407407407409
16618340,0,788.3448275862069,347.3135595972934,231.0,1721.0,667.0,824.0,918.0,24.551724137931036,12.973676816184248,1.0,45.0,17.0,25.0,34.0,1.5517241379310345,2.060903834135715,0.0,8.0,0.0,0.0,3.0,35.48275862068966,7.779817787313852,22.0,50.0,29.0,35.0,40.0,0.0453058517822068,0.0376734054351098,0.0014367816091954,0.1370716510903426,0.0184983677910772,0.0351941747572815,0.0576407506702412,0.0020168469499542,0.0027219432693657,0.0,0.0100376411543287,0.0,0.0,0.0035545023696682,0.3311692719775157,0.0903844645264271,0.1401869158878504,0.5301724137931034,0.2523364485981308,0.3507625272331154,0.3774069319640565,0.3296741908066957,0.1419330795456583,0.0692640692640692,0.4946380697050938,0.3143203883495146,0.3658170914542729,0.4484240687679083,1.3412147668389418,0.2334608839773272,0.9099586776859504,1.7114572864321604,1.1833333333333331,1.3053658536585366,1.538679245283019,0.0,0.0,0.0,0.0,0.0,0.0,0.0,0.7267237647410062,0.365878643925386,0.0,1.0,0.5933333333333334,0.9285714285714286,1.0,0.9490227513961956,0.327885781112794,0.4239592857142857,2.0363636363636366,0.6894736842105263,0.9534883720930232,1.0714285714285714,0.0,0.0,0.0,0.0,0.0,0.0,0.0,0.0,0.0,0.0,0.0,0.0,0.0,0.0,925.235148275862,228.4797297547612,385.455,1342.5,870.0,961.0,976.0,131.84207972484933,23.2828375675637,97.00193586394168,176.50691801520398,113.74048166386656,122.67804737972052,148.87940266181437,2.1030328831112803,0.3100848521769183,1.1952490538434566,2.770178551122486,1.8939417446480804,2.1495350663513,2.262952368998409,9.724137931034482,11.076214191164832,0.0,36.0,3.0,6.0,12.0,0.4908191308008736,0.23111363782969,0.2037617554858934,0.8433908045977011,0.2670454545454545,0.6090425531914894,0.6498237367802585,0.0117748469164801,0.0137030597590187,0.0,0.0469168900804289,0.0023529411764705,0.0071090047393364,0.0145985401459854,1.0026962987436816,0.0099953383848538,1.0,1.044150110375276,1.0,1.0,1.0,19.24137931034483,7.762221386698763,9.0,29.0,13.0,20.0,28.0,29,22862.0,712.0,45.0,22000.0,0.0311433820313183,0.0019683317295074,788.3448275862069
15087988,0,537.64,519.228726478033,37.0,1763.0,80.0,363.0,791.0,18.4,29.729446681699276,0.0,144.0,4.0,5.0,19.0,2.56,5.9604026709610824,0.0,22.0,0.0,0.0,1.0,13.6,11.303096920755834,2.0,35.0,3.0,12.0,24.0,0.0806881441365728,0.1504150927143005,0.0,0.75,0.0073737946681792,0.0328282828282828,0.0819209039548022,0.0051361518841042,0.0138197345017171,0.0,0.0621468926553672,0.0,0.0,0.0025284450063211,0.0971205012048607,0.1242096087891186,0.0,0.4560669456066946,0.0,0.0544526375496313,0.1638954869358669,0.2859197732018073,0.1699380893608277,0.0,0.5154394299287411,0.1907459867799811,0.2615384615384615,0.4324324324324324,1.3275916821846905,0.5843778654049289,0.0,2.0,0.9272715736040608,1.2856057007125892,2.0,0.0,0.0,0.0,0.0,0.0,0.0,0.0,0.2208690476190476,0.3571835579982768,0.0,1.0,0.0,0.0,0.35,1.4944679983977809,1.796860929410445,0.0,7.171066499999999,0.2054175,1.238264225,1.5,0.0,0.0,0.0,0.0,0.0,0.0,0.0,0.0,0.0,0.0,0.0,0.0,0.0,0.0,609.752004,165.0100993791119,360.0,960.0,498.0,564.53,690.0,149.97472187004513,44.27236968056271,64.08841917424185,241.28466769187227,114.27357647292692,160.05522734339115,177.21274439415353,2.500652032210279,0.4636250349682678,1.5487708315628892,3.152503403544194,2.4683951326673035,2.618906063092708,2.7553886939171077,6.56,17.255909132815923,0.0,82.0,0.0,0.0,4.0,0.1001064123216261,0.160042004775844,0.0,0.5209205020920502,0.0,0.0,0.1794145420207743,6.806579693703914e-05,0.0003334529428632,0.0,0.0017016449234259,0.0,0.0,0.0,1.5448989503644477,0.6447561350996874,1.0,3.0,1.0,1.3461538461538465,1.8719424460431655,2.6,2.4331050121192876,0.0,7.0,0.0,2.0,4.0,25,13441.0,460.0,64.0,19000.0,0.0342236440741016,0.004761550479875,537.64
27078234,0,400.71875,261.19775008303094,113.0,1720.0,290.75,375.0,437.5,30.71875,35.281222320626874,3.0,174.0,10.0,19.0,38.25,1.625,1.79843682124227,0.0,6.0,0.0,1.0,3.0,18.5,7.6892782496148495,4.0,33.0,12.75,20.0,24.25,0.0808550771653887,0.0919300527736226,0.0097276264591439,0.4930875576036866,0.0311894379844961,0.0600923015550955,0.0967196588946876,0.0043303215240624,0.0044544920844943,0.0,0.0124688279301745,0.0,0.0032901478948447,0.0082488228902571,0.1062189546652329,0.0917743059751308,0.0,0.3250773993808049,0.033126341262956,0.0770959142592894,0.1825706277404673,0.213692504125858,0.1096474643836565,0.0552325581395348,0.4424778761061947,0.1264567967567039,0.1844884505798366,0.2826126453488372,1.5406018198799998,0.3112458373708671,0.8693396226415094,2.0,1.4596997253007484,1.5967348350128432,1.76,0.0,0.0,0.0,0.0,0.0,0.0,0.0,0.4219042849511599,0.2306209082599604,0.0,1.0,0.3833333333333333,0.4962896825396825,0.5,1.638130434266697,2.3680132458171648,0.0,10.140136666666663,0.3267105411437246,0.5784080074418605,1.847741700625,0.0,0.0,0.0,0.0,0.0,0.0,0.0,0.0,0.0,0.0,0.0,0.0,0.0,0.0,774.3049687500001,166.17040596186274,480.0,1133.5,659.2750000000001,771.488,857.7402500000001,151.9902488531619,39.52884733139087,78.81764141862405,240.26645671105572,126.31204570401536,146.74271133765546,180.46291218730804,2.6693151233467813,0.3975597280081988,1.2386923871815176,3.1453656928927307,2.5348934347221346,2.7431945622431773,2.9618355758728647,2.75,3.799671038392666,0.0,12.0,0.0,1.0,5.0,0.0,0.0,0.0,0.0,0.0,0.0,0.0,0.0009517766497461,0.0052992681118306,0.0,0.0304568527918781,0.0,0.0,0.0,1.4546710933191154,0.4385708162571735,0.0,2.678756476683938,1.314523415148321,1.46983016983017,1.633704786262331,7.34375,1.7249886774990728,3.0,10.0,7.0,7.5,8.0,32,12823.0,983.0,52.0,24250.0,0.0766591281291429,0.004055213288622,400.71875
548427,0,102.53571428571428,50.93727385075627,2.0,221.0,66.75,108.0,128.25,2.5357142857142856,3.190187442512955,0.0,12.0,0.0,1.5,4.0,1.6785714285714286,2.0363407557354902,0.0,8.0,0.0,1.0,3.0,14.571428571428571,6.950994643258779,1.0,27.0,10.0,15.0,19.25,0.061301029728076,0.1837343805237229,0.0,1.0,0.0,0.0142676767676767,0.0446455505279034,0.0185725959003298,0.0233953135406226,0.0,0.088235294117647,0.0,0.0099487785657998,0.0269832189168573,0.0014184580473619,0.0043665739435897,0.0,0.0181818181818181,0.0,0.0,0.0,0.0065812694027188,0.0226051956757031,0.0,0.0909090909090909,0.0,0.0,0.0,0.0,0.0,0.0,0.0,0.0,0.0,0.0,0.0,0.0,0.0,0.0,0.0,0.0,0.0,0.0,0.0,0.0,0.0,0.0,0.0,0.0,0.2419642857142857,0.2389573306415748,0.0,0.5,0.0,0.1875,0.5,0.0,0.0,0.0,0.0,0.0,0.0,0.0,0.0,0.0,0.0,0.0,0.0,0.0,0.0,394.67857142857144,332.1571598302987,0.0,1182.0,240.75,281.0,357.375,99.09797495974075,66.80285643073724,0.0,307.4770551071417,63.00373315221505,84.92447931136414,97.58783728211236,2.6263769002442734,0.6058394616324316,0.0,3.213698631760297,2.496540921446753,2.699457321447678,2.987354164440998,2.5,3.1679195516480982,0.0,12.0,0.0,1.5,4.0,0.0,0.0,0.0,0.0,0.0,0.0,0.0,0.0,0.0,0.0,0.0,0.0,0.0,0.0,0.0,0.0,0.0,0.0,0.0,0.0,0.0,0.0,0.0,0.0,0.0,0.0,0.0,0.0,28,2871.0,71.0,47.0,21250.0,0.0247300592128178,0.0163706025774991,102.53571428571428
71065128,2,2940.6451612903224,1198.2340648176755,984.0,6201.0,2156.5,2958.0,3334.5,307.8709677419355,171.03248926135188,40.0,706.0,180.5,272.0,444.5,2.096774193548387,1.444786817842496,0.0,7.0,1.0,2.0,3.0,44.225806451612904,7.572061028584195,24.0,60.0,39.0,42.0,50.0,0.1122080963054828,0.0706179040098519,0.0404107320304736,0.3053359683794466,0.0611452025469033,0.0993086109365179,0.1338144607661198,0.000778391488651,0.00058646850761,0.0,0.0026881720430107,0.0004261247606168,0.0006640106241699,0.0008576720991597,0.2794819147816121,0.0935570962771449,0.1169786096256684,0.4527211918516266,0.2001626736639459,0.2731457800511509,0.3540377999935398,0.3111753240096682,0.0724760491545913,0.1495895408938887,0.4532520325203252,0.2648477895046596,0.301460823373174,0.3677347695674526,2.0114870526219564,0.4692841226040021,1.061784741144414,3.349466666666667,1.7293053323959175,1.9736115962277332,2.3343001635079896,2.3839064161644807,14.41833484893758,-40.0,59.285714285714285,0.0,0.0,0.0,0.56075196790033,0.1983466548518076,0.034090909090909,0.9197058823529412,0.4511145833333333,0.5702574257425742,0.6772408397130338,112.67670784818982,230.95161329963253,0.049303775510204,843.7216001698795,0.2270714711078395,1.3161608979591837,78.82110136756177,0.0,0.0,0.0,0.0,0.0,0.0,0.0,0.0002452098916156,0.0009340217458943,0.0,0.0038924274593064,0.0,0.0,0.0,1869.7992870967744,311.3805154084637,1260.0,2564.25,1671.2395,1882.03,2062.0,319.0571216495053,89.73971918337985,168.88397018935734,508.83202880389734,252.46279659868657,305.6292631672702,355.8690210418978,2.4186987595838407,0.2324576519610333,1.882785500539002,2.95823288361889,2.292729516466288,2.4134051140500983,2.58816158016577,90.93548387096774,60.66509624310526,1.0,180.0,18.0,114.0,147.0,0.6393346162027376,0.1552372467000451,0.1594674556213017,0.8769642260113675,0.5933021341500632,0.6737330241801921,0.7213420134122907,0.0102632276632668,0.0104645730239724,0.0,0.0312020460358056,0.0,0.0088464260438782,0.0179975888422255,1.7207948417503314,0.4314424678440681,1.011319419879731,3.2108050847457625,1.4424721830925673,1.7142857142857142,1.9432831477443924,48.16129032258065,15.219038955274554,10.0,74.0,41.0,41.0,62.0,31,91160.0,9544.0,65.0,23500.0,0.1046950416849495,0.0007130320315928,2940.6451612903224
28255647,0,856.3461538461538,239.78675499247765,216.0,1413.0,757.5,888.0,981.5,40.92307692307692,21.354017955416182,7.0,67.0,19.5,52.5,59.0,0.6153846153846154,1.0405960968052832,0.0,4.0,0.0,0.0,1.0,49.46153846153846,18.13460518802226,8.0,77.0,46.25,53.0,62.75,0.0481785338416714,0.0228240406925883,0.0114754098360655,0.0744047619047619,0.0226628604288178,0.0626573368508852,0.0664069812255684,0.0007171790983381,0.0013231644317324,0.0,0.0059523809523809,0.0,0.0,0.001119725172384,0.2274852639089098,0.0913775390438111,0.0911854103343465,0.4727530077848549,0.153451038075251,0.2116756842366598,0.275603342795341,0.2628830740230261,0.0921746791159826,0.0509259259259259,0.4537521815008726,0.2113861865493644,0.2585333622968031,0.2778630122737674,1.253968965105108,0.3759774123413647,0.6187684729064039,2.3214285714285716,0.9823345588235296,1.2953288942695722,1.4036620762711864,0.0,0.0,0.0,0.0,0.0,0.0,0.0,0.0982781065088757,0.1998789014975322,0.0,0.7692307692307693,0.0,0.0,0.0,1.4027369718346097,1.5121144454764246,0.0,6.38542,0.53645675,0.8401000090744102,1.5140810863636365,0.0,0.0,0.0,0.0,0.0,0.0,0.0,0.0,0.0,0.0,0.0,0.0,0.0,0.0,937.9967465384616,230.0173830345512,509.355,1346.55,808.857,913.8103,1166.85,169.6082362974732,36.12212225305263,112.83660537220014,231.49075693671617,139.9405951753786,163.0601992075401,205.2039199027556,2.2570804872306245,0.400126716203359,1.7268448068925475,3.0159116216488737,1.864273510796833,2.235621791489784,2.501940419903341,8.5,3.885376924592239,0.0,17.0,7.0,7.0,11.0,0.0462833816666768,0.1820079322728392,0.0,0.9166666666666666,0.0,0.0,0.0,0.0002861721611721,0.0014308608058608,0.0,0.0074404761904761,0.0,0.0,0.0,1.6857773436227244,0.3667939305703346,1.0,2.151015228426396,1.532535625774473,1.822549486159738,1.9954304151567168,4.384615384615385,1.923076923076923,0.0,9.0,3.25,4.0,5.0,26,22265.0,1064.0,16.0,19750.0,0.0477880080844374,0.0007186166629238,856.3461538461538
71274347,1,1102.0,671.3672043501404,34.0,3697.0,759.5,944.0,1374.25,57.69230769230769,24.268956477786805,5.0,119.0,49.0,52.5,58.75,1.8076923076923077,1.9615384615384617,0.0,7.0,0.0,1.0,3.0,36.84615384615385,12.29037242877,5.0,65.0,31.25,37.0,44.75,0.067007271299453,0.0352952161294037,0.0132539897213957,0.1470588235294117,0.0366189290161892,0.0585431950023095,0.0801522890358161,0.0015599662260316,0.0016490810099147,0.0,0.0047074646940147,0.0,0.0008473389355742,0.0027332205721083,0.0724909018101507,0.0877719433212096,0.0,0.3321256038647343,0.0191390773399958,0.0372021363320708,0.1037460497528563,0.0940347192887168,0.0612530494282506,0.0,0.2259583053127101,0.0375110528991754,0.1047044179838637,0.1386916878511861,1.0642756321619904,0.4806235609338196,0.5,2.0,0.6509652163519005,0.9948792658688206,1.452561524111318,39.39573108051369,42.79549740377348,-10.0,118.1818181818182,0.0,28.71376811594203,68.75,0.4921981635381344,0.1719409596550245,0.0,1.0,0.4429489795918367,0.4772256728778468,0.5184340659340659,21.437895730368897,38.88326605910022,0.0,182.1909090909091,0.715961722368421,0.90474076510989,23.281965478219693,0.0004889178617992,0.002444589308996,0.0,0.0127118644067796,0.0,0.0,0.0,0.0006518904823989,0.0032594524119947,0.0,0.0169491525423728,0.0,0.0,0.0,938.7771923076924,258.7910400098622,510.0,1665.0,805.65525,870.0,954.5,174.30688705251112,64.03867396474388,100.34147444745552,415.3561392002816,145.75752052382995,155.30884147773924,188.2033222186547,2.559942123822678,0.2897210392273032,1.6562506252180542,3.1916308459155944,2.382383373609861,2.599572128068729,2.7340166806591606,9.846153846153848,4.138861862250648,1.0,18.0,8.0,10.5,12.0,0.3215928056958513,0.1575451502116804,0.0,0.5743944636678201,0.2136244985167858,0.3455844155844155,0.4494282248982067,0.0,0.0,0.0,0.0,0.0,0.0,0.0,1.0988271731133548,0.2160371760743955,1.0,1.679245283018868,1.0,1.0,1.019447270744498,11.576923076923077,1.57316625663212,7.0,15.0,11.0,12.0,12.0,26,28652.0,1500.0,47.0,19750.0,0.0523523663269579,0.0016403741449113,1102.0
36719922,2,2545.425,677.0616621660098,1391.0,4366.0,2010.75,2543.0,2947.25,24.075,14.943874163014089,4.0,70.0,14.0,20.5,28.0,1.5,1.118033988749895,0.0,5.0,1.0,1.0,2.0,63.525,15.836646583162738,39.0,91.0,48.75,63.5,75.5,0.0104740987960642,0.0075023691222793,0.0009161704076958,0.0391280044717719,0.0051406530053385,0.0090605631268966,0.0125518528606704,0.0006211855774459,0.0005175691127955,0.0,0.0021352313167259,0.0003333085283108,0.000477551548246,0.0008495761074275,0.1995265495929932,0.0804699521077525,0.0872518286311389,0.363667232597623,0.1374084665713419,0.1724286332133855,0.2574427354896441,0.3057892270678063,0.0684216072897342,0.1613588110403397,0.4498117942283563,0.2389801642957323,0.3154098580638865,0.3658493322125291,2.330551833578335,0.8731972489006852,0.9962513089005236,4.623239436619718,1.6990860724143677,2.2562048480863215,2.707148517382413,0.0,0.0,0.0,0.0,0.0,0.0,0.0,0.3593889069264069,0.3805366057356199,0.0,1.0,0.0,0.2916666666666666,0.6609375000000001,0.8078863573667945,0.610773707081669,0.1111111111111111,2.6,0.4374779615384616,0.6710935164835166,1.0105263157894735,5.586592178770949e-05,0.0003488825697429,0.0,0.0022346368715083,0.0,0.0,0.0,0.0,0.0,0.0,0.0,0.0,0.0,0.0,1063.7729975,442.64598789772987,701.7915,2404.08,756.379775,874.9929999999999,1167.725075,200.7283927739485,115.96288591230518,112.41296019972852,688.914043528413,125.30145031545328,161.43902261882357,222.7744284358357,2.6506261451513415,0.2858278440845497,1.41205178846158,3.115977137350171,2.527713081702739,2.6523260281894645,2.822515782934864,6.425,6.1761132599718405,2.0,35.0,4.0,4.0,6.0,0.02718739211214,0.0363803637175923,0.0,0.144853875476493,0.0,0.008060626188584,0.0486144483332457,0.0001414897364863,0.0004347812004048,0.0,0.0022346368715083,0.0,0.0,0.0,1.2708024385258685,0.3863605409824059,1.0,2.268686868686869,1.0,1.0611385128735664,1.4635771795781882,11.575,5.054144339054831,6.0,19.0,8.0,9.0,19.0,40,101817.0,963.0,60.0,30250.0,0.0094581454963316,0.0005892925542885,2545.425
68080965,1,3553.0,1176.5394725357849,954.0,6132.0,2822.5,3531.0,4196.0,70.26086956521739,20.035224179916444,23.0,115.0,58.5,68.0,81.0,3.608695652173913,3.2132758638090224,0.0,11.0,1.0,4.0,5.0,113.17391304347828,22.464759211423143,76.0,171.0,100.0,106.0,122.5,0.0209716862329491,0.0061382708849715,0.0120183810533757,0.0365767045454545,0.0170124423807595,0.0189888440541182,0.0261030728226568,0.0012454119012088,0.0013189512413352,0.0,0.0050301810865191,0.0002283934331038,0.0010238034297414,0.0016233028532766,0.3674859806732959,0.1158994527150141,0.1651278409090909,0.5548289738430584,0.2899226913500645,0.3863450531479967,0.426658286916647,0.1215249115658253,0.044286861628117,0.0411931818181818,0.2089077412513255,0.0840715641596875,0.1254743833017078,0.1530593767317969,1.129801852972402,0.4404256706689343,0.5959375668163353,2.09229746835443,0.764619566996625,1.070661921708185,1.294238415297183,-0.4829286655373612,13.346234517989334,-35.333333333333336,26.0,0.0,0.0,2.227272727272727,0.3814198658619041,0.2259696997861995,0.0,0.8990471111111111,0.2928571428571428,0.3606666666666667,0.4553333333333333,130.22472070248747,259.4353527600257,0.3037934666666667,1001.0710802,1.8887884304105964,3.806990876340111,21.15152269565619,0.0,0.0,0.0,0.0,0.0,0.0,0.0,0.0,0.0,0.0,0.0,0.0,0.0,0.0,1646.2045026086955,345.3309730001885,1138.2910000000002,2268.64,1328.129,1675.74,1863.9761,234.91018474651415,94.39862070874452,127.3213855284899,556.6658384136546,158.29665371201418,230.840669452602,262.1757664253104,1.927078292834744,0.2663334537554691,1.3332051817950912,2.507573367853668,1.830893998793209,1.941413660411076,2.0804115588018655,4.695652173913044,8.804320987613414,0.0,42.0,0.0,2.0,4.0,0.1951459314260791,0.0644486272923634,0.0900649953574744,0.3480083857442348,0.1454986817786475,0.2039576462419718,0.228735035282293,0.0006034229089954,0.0023506074153238,0.0,0.0113636363636363,0.0,0.0,0.0,1.4548492989127677,0.2729619816974805,1.0018181818181815,2.1139380530973453,1.2597889418571486,1.4827586206896552,1.5909184013078872,23.956521739130434,8.670180083730097,9.0,35.0,19.0,22.0,30.0,23,81719.0,1616.0,83.0,17500.0,0.0197750829060561,0.001015675669061,3553.0
77127254,0,4437.828571428571,3686.323964413904,1.0,16291.0,950.25,4067.5,6831.75,63.42857142857143,57.87685731140641,1.0,302.0,24.25,44.0,89.75,0.0142857142857142,0.1186660551845439,0.0,1.0,0.0,0.0,0.0,24.314285714285713,14.241331054507569,1.0,56.0,15.0,21.5,34.75,0.1641335686613268,0.3395717038933498,0.0003347840642785,1.0,0.006213174794592,0.0143081463221383,0.0598699620655881,1.7290866964069575e-06,1.4362872813428216e-05,0.0,0.0001210360687484,0.0,0.0,0.0,0.2384675971331541,0.1523164555639854,0.0,0.5902777777777778,0.1156578528193692,0.2414606684831387,0.3415032989534354,0.2525865385713801,0.165492262532768,0.0,0.6204528853177502,0.1176008591670193,0.2787349721787098,0.3631235323418487,0.8369488548180016,0.4720470946250228,0.0,2.0622448979591836,0.6608716434171172,0.8177947275684467,1.1015498967881336,5.39021237164497,32.31790621708327,-103.77777777777776,123.0,0.0,0.0,0.0,0.4443752620955709,0.2379908173578378,0.0,1.0,0.2975113122171945,0.4803203661327231,0.636228354978355,2.502182677410514,7.3336657736884385,0.0,46.8941399090909,0.4159625071428571,1.0222119474885845,1.6854333242424242,0.0125574242435652,0.0799330035778202,0.0,0.6666666666666666,0.0,0.0,0.0,0.0127608939612335,0.0799034976140353,0.0,0.6666666666666666,0.0,0.0,0.0007066811305562,1625.280142857143,615.5175443206492,0.0,2580.0,1230.0,1616.8200000000002,2077.86125,298.47777829432164,193.7372890586908,0.0,731.9786432261142,144.5464653627943,203.60791575394336,449.82459751037413,2.068136719828092,0.5797861172054412,0.0,3.259301277458484,1.6813893186825286,2.0505620973647245,2.4203632933761927,16.242857142857144,24.205923545567885,0.0,163.0,0.0,10.0,25.75,0.3273045965469723,0.2691874244349756,0.0,0.9492988133764833,0.0725032363992295,0.2899241654435286,0.5252086313149105,0.024478962348885,0.1009237724987473,0.0,0.75,0.0,0.0006513653246777,0.0029850053720293,2.7897921015820923,1.0091324852126276,0.0,4.4724832214765105,2.7614018702240086,3.0,3.2455807782109174,39.1,23.111623544380063,0.0,60.0,19.0,59.0,60.0,70,310648.0,4440.0,1.0,52750.0,0.0142927042826607,3.219077541139811e-06,4437.828571428571
39475333,1,1337.1739130434785,592.2298798809619,16.0,2226.0,996.0,1281.0,1749.5,31.652173913043477,19.30444574984956,4.0,71.0,14.5,29.0,46.0,1.2608695652173914,1.8700707102266576,0.0,8.0,0.0,1.0,2.0,82.08695652173913,27.841028597125064,9.0,125.0,73.5,82.0,98.0,0.0382344098021836,0.0491197413390008,0.0045158053186151,0.25,0.0127444559202626,0.0296643247462919,0.0373629815408348,0.0011831044492395,0.0018431306349721,0.0,0.0071111111111111,0.0,0.0004492362982929,0.0012395662377982,0.1058297462989301,0.0590955096756657,0.0,0.2531293463143254,0.0691365518026241,0.11455525606469,0.1405555555555555,0.1588026694791401,0.0837530839957722,0.0,0.3296244784422809,0.0967647200774398,0.1702605570530098,0.2211828127477406,1.0504626171157374,0.2846979612246961,0.0,1.42875,0.9780326316953478,1.0861048689138575,1.1939769671224243,47.44927536231883,27.887560417593875,0.0,75.0,37.0,60.0,70.0,0.4602215071496448,0.2635152066140654,0.0,0.8736363636363635,0.2750694444444445,0.5,0.6826495726495726,1.2522203567341843,0.4968758245336512,0.6058223636363637,2.5,0.9016323511322696,1.1212793636363638,1.5123047184210527,0.0,0.0,0.0,0.0,0.0,0.0,0.0,0.0,0.0,0.0,0.0,0.0,0.0,0.0,1007.128695652174,310.1632185087232,480.0,1654.0,810.0,990.0,1099.75,173.17324166601517,67.64539297405233,87.63016650436636,355.28807298506445,134.50650785222655,152.99905923824429,168.3632068887361,2.3138496697618502,0.3526836025307776,1.4966407621868585,2.8712024733797676,2.1022384325751378,2.3471154172431694,2.4817449192402377,11.73913043478261,8.643758196849069,0.0,35.0,6.0,11.0,17.0,0.0995124962380823,0.0735465933340273,0.0,0.2609126984126984,0.0558586364518327,0.0747616658304064,0.1444513755063697,0.0037557462092131,0.0052341390581359,0.0,0.0231213872832369,0.0,0.0027535566773749,0.0058361906055153,1.4389128881471154,0.3489198226514287,1.0,1.9901685393258424,1.0559523809523808,1.48413344182262,1.7332922206179493,10.478260869565217,5.420328605612084,0.0,22.0,8.0,9.0,14.0,23,30755.0,728.0,29.0,17500.0,0.0236709478133636,0.0009429361079499,1337.1739130434785
28794068,1,864.5769230769231,201.80801483605904,241.0,1298.0,773.5,859.5,952.5,25.384615384615383,25.77278965091929,1.0,87.0,5.25,10.5,50.0,0.9230769230769232,1.356553237580646,0.0,6.0,0.0,0.5,1.0,69.38461538461539,15.344948863430655,46.0,108.0,58.25,67.0,76.75,0.0273601790792558,0.0264594298404916,0.0033112582781456,0.0986394557823129,0.0067488236100324,0.0123263364542434,0.0540152507381179,0.0009818247425117,0.0014426741917618,0.0,0.0068027210884353,0.0,0.0004672897196261,0.0012698428036067,0.1503126467790571,0.0515138221971512,0.0670611439842209,0.2711323763955343,0.1072308396075172,0.1378161452996902,0.1848958499830572,0.1177229708427227,0.0424960439494856,0.0478905359179019,0.2104664391353811,0.0873465376169911,0.1206826487968832,0.1431462315704949,1.5923880827719434,0.2514481485547873,1.2453053435114505,2.237186440677966,1.4048009256467464,1.5246704173988626,1.7828143449221778,-205.15384615384616,100.1048267136053,-254.0,0.0,-254.0,-254.0,-254.0,0.5007931164961295,0.4764309519185161,0.0,1.0,0.0,0.615,1.0,2.3678834247154907,5.105281158526067,0.0263977,20.11799544,0.1457899286788399,0.8397836250000001,1.5031005000000002,0.0,0.0,0.0,0.0,0.0,0.0,0.0,0.0,0.0,0.0,0.0,0.0,0.0,0.0,877.4250038461539,306.8158090336191,495.0,1410.0,585.0,766.0,1166.02525,146.5062172540202,38.04333692941278,92.09141307230158,217.69139737017625,112.4269159424288,146.74317319851113,179.30244687459572,2.610547258397891,0.3076089719265332,2.1363499207800793,3.1032580179366622,2.346494499965805,2.520567050196653,2.903073371415265,21.03846153846154,24.24947385508644,0.0,85.0,2.25,7.5,44.0,0.018845599136146,0.0057512685432391,0.0072314049586776,0.029940119760479,0.0144781745589186,0.0188470298167533,0.0228877634432111,0.0110673705991188,0.0163573769899198,0.0,0.0600907029478458,0.0,0.0,0.0230859638733094,1.1312167871544576,0.1920842628274244,1.0,1.7284172661870505,1.0,1.0486220472440944,1.1675324675324674,9.538461538461538,1.499506822278302,7.0,13.0,9.0,9.0,10.75,26,22479.0,660.0,24.0,19750.0,0.029360736687575,0.0010676631522754,864.5769230769231
94453329,2,2781.8064516129034,1400.1755055742085,15.0,6287.0,2037.0,2464.0,3255.5,158.06451612903226,132.7067918829426,10.0,628.0,60.0,132.0,224.5,1.6129032258064515,2.378362398860227,0.0,8.0,0.0,1.0,2.0,41.41935483870968,11.33869820584011,6.0,69.0,38.0,42.0,46.5,0.1033419915808364,0.1512376584055103,0.0078947368421052,0.6666666666666666,0.0213943361195728,0.049270990447461,0.0919072699517452,0.0007295121638161,0.0010382145331802,0.0,0.0035010940919037,0.0,0.0002954209748892,0.0012295600553862,0.1914066962204376,0.0942174093414517,0.0064655172413793,0.4525621511922881,0.1375441561574675,0.1574585635359116,0.2705224739799208,0.2737069993193401,0.097541272421533,0.0,0.402428810720268,0.2286719997619449,0.2869475138121547,0.3509718021704323,1.3491285358005043,0.7116096556505206,0.0,3.812421524663677,0.8344453954090041,1.022810867293626,1.8041033454136304,0.967741935483871,2.2067911453531703,0.0,6.0,0.0,0.0,0.0,0.499021186582151,0.1991406658349296,0.0,0.7931034482758621,0.45,0.5,0.6333333333333333,8.327134200366253,13.954521248871306,0.00432085,51.04885129113923,0.4182036313075506,1.1614810666666666,7.420862478662872,0.0186050896520978,0.0820343421184488,0.0,0.4666666666666667,0.0,0.0005027652086475,0.0061767452560655,0.0190043917653053,0.0820620489273284,0.0,0.4666666666666667,0.0,0.0009208103130755,0.0061597994385867,1893.6795516129032,434.2354170757913,789.124,2546.11,1688.341,1886.2812,2304.5594,269.4219306357631,95.95356386862588,111.0572852559156,531.2507877675981,215.10972765880172,252.09243424639425,311.0043238158627,2.066442008112598,0.4805691015188088,1.335085282890162,3.2406114062890845,1.6643964567490337,2.039751905432719,2.32128778566366,25.483870967741936,27.773125752206337,0.0,140.0,8.5,18.0,29.0,0.2201176425819934,0.2602620190050349,0.0,0.7526595744680851,0.0141455855534445,0.0649149922720247,0.3615279090653823,0.000217562129386,0.0009561483491623,0.0,0.0052516411378555,0.0,0.0,0.0,2.263680179832606,0.9168747069865416,1.3725379853685988,4.476393326233582,1.6334557790356898,1.9039812646370025,2.691982647120533,19.516129032258064,10.66459613966044,1.0,49.0,12.5,19.0,21.0,31,86236.0,4900.0,50.0,23500.0,0.0568208172920821,0.0005798042580824,2781.8064516129034
60092456,0,1784.030303030303,1601.038838603889,1.0,5528.0,659.0,1226.0,2956.0,14.151515151515152,12.299596475571532,0.0,48.0,4.0,11.0,18.0,0.9696969696969696,2.4056102166047686,0.0,9.0,0.0,0.0,0.0,37.39393939393939,24.460158568751105,1.0,123.0,21.0,29.0,48.0,0.0154714090644115,0.0241404486395616,0.0,0.1304347826086956,0.0026666666666666,0.0084694494857834,0.0129509713228492,0.000313596573795,0.0007995154551052,0.0,0.0038167938931297,0.0,0.0,0.0,0.347500374858053,0.2066459714163298,0.0,0.8499697519661222,0.2314990512333966,0.2997145575642245,0.4715991316931983,0.3343430365519987,0.2176207186683983,0.0,0.7628430682617875,0.1267345050878816,0.3303085299455535,0.4776536312849162,0.8019856635881125,0.3354793102787544,0.0,1.599,0.6017985611510792,0.6852631578947369,0.9196808510638298,1.9859777903256164,12.941058732557105,-33.0,32.0,0.0,0.0,0.0,0.1934090909090909,0.3171567422315732,0.0,1.0,0.0,0.0,0.3333333333333333,20.16182570281235,49.03196610939824,0.0,217.418654,2.0,2.4285714285714284,3.5384615384615383,0.0,0.0,0.0,0.0,0.0,0.0,0.0,0.0,0.0,0.0,0.0,0.0,0.0,0.0,1131.1657393939397,513.618348834457,0.0,2250.0,781.8109999999999,988.44,1350.0,127.88111549357755,69.94668521409288,0.0,377.3809227243085,97.84387198376798,107.0197997011336,120.796275486345,1.5229161095904091,0.4809047456801902,0.0,2.264431711167735,1.235149006501131,1.6355865229295492,1.909925150856803,0.303030303030303,0.5765544724375894,0.0,2.0,0.0,0.0,0.0,0.1947777398063814,0.1252575263296914,0.0,0.4097116843702579,0.1031398667935299,0.1651254953764861,0.3319148936170212,0.0,0.0,0.0,0.0,0.0,0.0,0.0,1.0845290466850837,0.2609442122244965,0.0,1.808139534883721,1.0315955766192733,1.0544272948822095,1.0960451977401129,15.363636363636363,5.115740307919434,0.0,20.0,11.0,18.0,20.0,33,58873.0,467.0,32.0,25000.0,0.0079323289113855,0.0005435428804375,1784.030303030303
39101602,0,1084.25,393.42844012602853,17.0,2037.0,845.25,1074.0,1281.0,41.916666666666664,28.940912025865543,1.0,109.0,17.75,42.5,58.0,0.4583333333333333,0.8650224788344456,0.0,3.0,0.0,0.0,1.0,66.33333333333333,22.08632055267594,3.0,103.0,54.25,63.0,85.25,0.0426048838858718,0.0330111301877685,0.0045955882352941,0.1318016928657799,0.0199019607843137,0.03614197448036,0.0535145466128689,0.0003931499463069,0.0008413870981544,0.0,0.0036275695284159,0.0,0.0,0.0005159426496342,0.036042621265008,0.0311327412173048,0.0,0.1050656660412758,0.0122595267529876,0.0284800369291703,0.044437073395199,0.0587278500354214,0.0693274674777644,0.0,0.2401500938086304,0.0043192684125892,0.0271379756327855,0.0883579124744778,1.0229280898114474,0.4512285641843554,0.5226072041166381,2.0,0.7013222674872152,0.8988636995894248,1.1563956310679613,37.356439856439856,35.27156134622108,-36.0,90.0,0.0,46.33333333333333,54.19642857142857,0.216780844694048,0.2646245716136285,0.0,0.8125,0.0,0.0,0.5,5.72424875867032,13.07522259201715,0.0,62.354467911764715,0.4946161282894736,1.0,3.3027739444444446,0.0016968011781745,0.0037447921506911,0.0,0.0147275405007363,0.0,0.0,0.0,0.0098904520197988,0.0153731538885506,0.0,0.0512445095168374,0.0,0.0,0.0147395088034482,931.125,384.1972217603003,345.0,2130.0,806.375,885.0,1050.0,162.29536504430374,84.50277676044168,96.71947718236837,480.6124817009051,107.68163029894384,133.9024446183156,175.97793367490445,2.2118052336761314,0.2823646698322932,1.7148858674164364,2.7752363947834215,1.982503977347724,2.242354090373356,2.3555765322995503,9.5,6.409628174343137,0.0,24.0,7.0,8.0,12.0,0.015342485379734,0.0296307861943722,0.0,0.1163227016885553,0.0,0.0,0.0099589902124067,0.000606213744843,0.0014011734326456,0.0,0.0049019607843137,0.0,0.0,0.0,1.2932122047113042,0.5190693112918574,0.0,2.254691689008043,1.0,1.0,1.8262017989040424,4.333333333333333,2.4776781245530843,0.0,8.0,2.0,3.5,6.5,24,26022.0,1006.0,11.0,18250.0,0.0386595957266928,0.0004227192375682,1084.25
33381128,1,1057.9354838709678,232.0348882949635,527.0,1501.0,949.0,1111.0,1229.5,51.193548387096776,37.67982206214297,19.0,158.0,25.5,30.0,69.0,1.5161290322580645,2.2269749153668656,0.0,9.0,0.0,0.0,2.0,37.903225806451616,10.036561674165812,14.0,62.0,33.0,39.0,44.5,0.047552901108166,0.0306708676386604,0.0175159235668789,0.1310116086235489,0.0259982843877617,0.033625730994152,0.0556752873563218,0.001468890627369,0.0020953639073854,0.0,0.0071942446043165,0.0,0.0,0.002549595312642,0.0643183705371566,0.0386433740112303,0.0094936708860759,0.1515804597701149,0.0398280516420665,0.0585058505850585,0.0825362158857395,0.1472845069772076,0.0641672550651899,0.0455407969639468,0.2737262737262737,0.0944172418719017,0.1588132635253054,0.1898486977196585,1.8519211709760592,0.1485581947822332,1.5247894736842105,2.273674418604651,1.7851686507936506,1.8509663865546215,1.95142858656495,0.0,0.0,0.0,0.0,0.0,0.0,0.0,0.4770095167324769,0.1739377170873566,0.0,1.0,0.4139583333333333,0.5,0.5427272727272727,168.40327385086673,378.74562967175154,0.2047894285714286,1593.7071669615386,0.2873017142857143,1.318181818181818,3.5004955727272726,0.0,0.0,0.0,0.0,0.0,0.0,0.0,0.0,0.0,0.0,0.0,0.0,0.0,0.0,1416.5378645161288,407.55355003437086,780.0,2190.0,1127.144,1435.815,1592.6799999999998,309.99266042608434,115.53106077432707,175.01659660392912,666.8708015192888,222.08168498992583,288.97585241865636,348.1120769449093,2.7101833674552753,0.2952589371284381,2.139043762148388,3.129242205790522,2.565282382555387,2.7384314050747554,2.9793183928653377,17.967741935483872,9.535955289756837,11.0,67.0,13.0,16.0,19.5,0.00891306929823,0.037456718243073,0.0,0.2116402116402116,0.0,0.0,0.0,0.0016855835314323,0.0075956672468614,0.0,0.0432098765432098,0.0,0.0,0.0008132451854893,1.1453760357400629,0.1989913021828119,1.0,1.8336673346693384,1.0,1.0403225806451613,1.2062282032023652,8.774193548387096,3.376481060162458,0.0,14.0,6.0,10.0,12.0,31,32796.0,1587.0,47.0,23500.0,0.0483900475667764,0.0014331015977558,1057.9354838709678
57099976,1,1448.15625,759.4585698614095,33.0,3030.0,950.5,1236.0,2059.0,66.21875,83.81666539798336,8.0,479.0,19.5,52.0,75.25,1.3125,1.4238482187368149,0.0,4.0,0.0,0.5,3.0,30.46875,9.92781564280381,6.0,47.0,24.75,30.5,37.25,0.1108519309248673,0.2274571289460513,0.0057102069950035,0.9696969696969696,0.016396755266734,0.0305686020631817,0.0539077243721493,0.0013308724646003,0.0024609584149601,0.0,0.0135135135135135,0.0,0.0001846381093057,0.0018556582974559,0.1989987686488434,0.1296621445879072,0.0,0.4551128180508881,0.0666545215413052,0.1981862588764149,0.3171155900082536,0.363590022210304,0.1717565638364415,0.0,0.8081343943412909,0.2801213402725059,0.3693492638643252,0.425398151313722,0.9017990878665206,0.5108030376283089,0.0,2.6,0.6309478417457265,0.8047542753201831,0.9369565779014308,113.6371527777778,58.71852647950381,0.0,180.0,95.83333333333331,118.75,180.0,0.2555694444444444,0.3053161600784222,0.0,1.0,0.0,0.0,0.5,1.47405956748251,1.543277998147997,0.0,4.855144444444444,0.25,0.7777777777777778,2.2833707357584077,0.0163998031574543,0.063083444152725,0.0,0.3636363636363636,0.0,0.0,0.0064508096348396,0.0164083589588129,0.0631094431754109,0.0,0.3636363636363636,0.0,0.0,0.0064508096348396,902.67528125,269.6050701210052,517.689,1805.67,742.5,813.75,985.875,143.45393364027206,51.08513228522702,88.06287423526825,353.94376553962775,110.33488805986734,125.96482895448705,161.65642236193864,2.2530957588407747,0.311304483919835,1.548651542739938,2.9617737434521616,2.079772205893498,2.2536672828201874,2.4882348748379357,2.4375,4.415438115295015,0.0,13.0,0.0,0.0,2.0,0.1102876498736016,0.1864495074538945,0.0,0.6789989118607181,0.0,0.0,0.146787435110563,0.0,0.0,0.0,0.0,0.0,0.0,0.0,1.4881381562974696,0.3053679460749257,1.0,2.1585518102372037,1.2476717830160449,1.444320180576163,1.6712995437474782,10.0,5.706356105256663,0.0,21.0,5.75,8.0,13.0,32,46341.0,2119.0,42.0,24250.0,0.0457262467361515,0.0009063248527222,1448.15625
33322088,0,592.56,276.5691349373606,17.0,1384.0,455.0,653.0,721.0,11.84,6.792230855911775,0.0,32.0,7.0,12.0,15.0,2.32,2.962701469942593,0.0,10.0,0.0,1.0,5.0,58.84,22.692166049101615,2.0,96.0,51.0,63.0,69.0,0.0280035030136489,0.0376633953876885,0.0,0.1982758620689655,0.0100755667506297,0.0180305131761442,0.0263736263736263,0.0054697256479909,0.0105263641887355,0.0,0.0529100529100529,0.0,0.0014450867052023,0.0086206896551724,0.1419228744372797,0.0613607636872639,0.0,0.2403508771929824,0.105726872246696,0.1476407914764079,0.1907514450867052,0.2559054375173794,0.0967977248646146,0.0,0.4058192955589586,0.2158590308370044,0.2846270928462709,0.3100890207715133,1.3685524473581352,0.373950404806025,0.0,1.886797752808989,1.2097575757575756,1.4421428571428572,1.625123966942149,63.091818181818184,42.78888907297283,0.0,137.0,49.0,58.0,100.0,0.3873833333333333,0.4166266863781881,0.0,1.0,0.0,0.13,0.8333333333333334,1.3655916709333007,2.1905683328148955,0.0,6.915263333333333,0.0,0.4740338260869565,0.5,0.0,0.0,0.0,0.0,0.0,0.0,0.0,0.0,0.0,0.0,0.0,0.0,0.0,0.0,790.03592,265.0600269309456,16.5,1350.0,732.9,769.0,967.419,120.1600870660982,39.897404596886666,3.773885866434221,237.2499284607967,102.44215188593272,119.34515138898227,123.8775904313848,2.1472524249972227,0.4622369528398724,0.3227569588973983,2.9099252078238327,2.0233370008727047,2.135685274598898,2.2583511695735927,6.72,4.094093306215676,0.0,18.0,5.0,6.0,9.0,0.1751166951099473,0.1004987684567185,0.0,0.3695652173913043,0.1079460269865067,0.1837672281776416,0.2150537634408602,0.0011257144705479,0.0023258465735441,0.0,0.0105820105820105,0.0,0.0,0.0014992503748125,1.1998926634225515,0.3285135190928899,1.0,2.1839622641509435,1.0,1.0,1.2807606263982103,5.12,3.22886977129769,0.0,10.0,3.0,5.0,8.0,25,14814.0,296.0,58.0,19000.0,0.0199810989604428,0.0039152153368435,592.56
43649834,1,1289.08,744.9021906263936,3.0,2811.0,986.0,1186.0,1742.0,32.16,24.742966677421688,2.0,113.0,20.0,24.0,32.0,6.8,8.690224392960172,0.0,35.0,1.0,5.0,10.0,52.84,24.4076709253464,3.0,78.0,46.0,60.0,72.0,0.1062993620902423,0.2220006906242557,0.0086242299794661,0.8571428571428571,0.02,0.0235720761559383,0.0379146919431279,0.0184205697739513,0.0645363707500635,0.0,0.3333333333333333,0.0004156275976724,0.003291020216267,0.0126475548060708,0.0701708135387738,0.0647444432228861,0.0,0.1824165491302303,0.0204678362573099,0.0359302739238705,0.1446613088404133,0.1032003384968652,0.0598304005823155,0.0,0.2006745362563237,0.0653021442495126,0.1055694098088113,0.1443347437705688,1.301751104529784,0.5093671066544008,0.0,1.9937192118226603,1.3400385728061714,1.432165354330709,1.5633762057877814,14.4,48.83277587850193,0.0,180.0,0.0,0.0,0.0,0.4500582599031515,0.2030523717492753,0.0,1.0,0.3076923076923077,0.4,0.5789473684210527,617.1132771659683,1308.371788419445,0.3012151111111111,4999.68666625,0.5182289444444445,1.1666666666666667,522.570101012987,0.0,0.0,0.0,0.0,0.0,0.0,0.0,0.0,0.0,0.0,0.0,0.0,0.0,0.0,810.0100160000001,292.9717651196411,120.0,1229.656,701.2376,870.0,1005.0,147.25326893510413,38.442748986944025,42.42640687119285,204.8507648315147,126.79792495947504,153.50038478491575,175.5858289003494,2.586480150081729,0.3299571889378451,1.584962500721156,3.1060692067047424,2.4373291272672466,2.607142425534377,2.779749112243594,5.6,3.4292856398964493,0.0,11.0,3.0,6.0,8.0,0.0353872926742033,0.0602060530443,0.0,0.2459958932238193,0.0,0.0053361792956243,0.0346435709526982,0.0003099171564172,0.0006341747305522,0.0,0.0020718232044198,0.0,0.0,0.0,1.0303097898581757,0.2509388613860692,0.0,1.5120240480961924,1.0,1.0,1.0146804835924006,9.8,6.267375846396959,0.0,18.0,4.0,13.0,14.0,25,32227.0,804.0,170.0,19000.0,0.0249480249480249,0.0052750799019455,1289.08
93733472,0,637.8787878787879,236.73162884477532,263.0,1332.0,489.0,577.0,811.0,59.15151515151515,28.83928424711914,15.0,111.0,37.0,58.0,89.0,1.9393939393939392,2.943296378566807,0.0,11.0,0.0,0.0,2.0,27.545454545454547,7.143935377099677,16.0,40.0,21.0,28.0,33.0,0.0948170291537723,0.0355098961739239,0.0190023752969121,0.1620437956204379,0.0767824497257769,0.0989247311827957,0.1244979919678714,0.003800286612084,0.0061361355800152,0.0,0.0261282660332541,0.0,0.0,0.0051635111876075,0.2150767356005113,0.1958554110093158,0.0055658627087198,0.6326219512195121,0.0572597137014314,0.1061571125265392,0.3562945368171021,0.2801218254879568,0.1904292300356335,0.0091116173120728,0.8407643312101911,0.1743697478991596,0.2422802850356294,0.3206650831353919,1.5289089731927947,0.3570777076428917,1.1357894736842105,2.63,1.2962962962962965,1.4226525198938993,1.6431496062992126,-12.606060606060606,12.994029850431415,-26.0,0.0,-26.0,0.0,0.0,0.2653732126459399,0.3603994215640364,0.0,1.0,0.0,0.0,0.5333333333333333,31.635675147210197,123.61487939669176,0.197846,700.0899999999999,0.331244,0.395692,0.6640151999999999,0.0011640803720011,0.0049134019035649,0.0,0.0264026402640264,0.0,0.0,0.0,0.0011640803720011,0.0049134019035649,0.0,0.0264026402640264,0.0,0.0,0.0,1080.929181818182,241.4399233637766,675.0,1530.0,866.25,1068.75,1190.0,225.84404665392952,78.64273745464672,122.17307097844107,489.1136520956193,178.5282759515262,221.07761622335505,254.2828199001752,2.356829837152441,0.3722929253525916,1.5605096587733307,2.886892591798517,2.2058708697563127,2.4608517552014852,2.6474156484305404,40.48484848484848,25.81885758114067,4.0,85.0,22.0,28.0,68.0,0.1856821047216179,0.1654372122760512,0.0,0.570957095709571,0.0149532710280373,0.1615508885298869,0.3016627078384798,0.0,0.0,0.0,0.0,0.0,0.0,0.0,1.2937888490200968,0.3599716053336023,1.0,2.1414538310412574,1.012158054711246,1.1037735849056605,1.3822222222222222,45.63636363636363,14.461690629652145,4.0,73.0,44.0,45.0,47.0,33,21050.0,1952.0,64.0,25000.0,0.0927315914489311,0.0030403800475059,637.8787878787879
1799065,2,333.9761904761905,94.78609705548244,35.0,582.0,287.25,321.5,381.5,2.738095238095238,2.895476963830409,0.0,10.0,0.0,3.0,3.75,0.8095238095238095,1.29537814368909,0.0,5.0,0.0,0.0,1.0,35.95238095238095,9.180601653051838,16.0,55.0,29.5,37.0,42.0,0.0084611711597561,0.0092829043163386,0.0,0.0328467153284671,0.0,0.0066308243727598,0.0127683484460978,0.0023103179717486,0.0037470263160469,0.0,0.0158102766798418,0.0,0.0,0.0033548789290635,0.1230469375069573,0.1241175335224196,0.0052631578947368,0.7013888888888888,0.0341996424941291,0.0952670157068062,0.159813019629489,0.2705328933263742,0.1277269090556816,0.0528846153846153,0.6215277777777778,0.1735779816513761,0.2637366145538792,0.3509808132875143,0.0,0.0,0.0,0.0,0.0,0.0,0.0,0.0,0.0,0.0,0.0,0.0,0.0,0.0,0.0,0.0,0.0,0.0,0.0,0.0,0.0,0.3095238095238095,0.2428104530282278,0.0,0.5,0.0,0.5,0.5,0.0,0.0,0.0,0.0,0.0,0.0,0.0,0.0,0.0,0.0,0.0,0.0,0.0,0.0,609.4380952380952,279.9364595866278,233.0,1271.0,422.75,525.25,728.25,151.0553704608086,48.85139888334985,98.06381091751948,284.5597792919837,109.47709229941822,134.5190143626839,179.1798733951175,2.776932955169389,0.3691268255457025,1.5476024830360826,3.2232909011033866,2.592233209746184,2.895723709471353,3.013912630579245,2.619047619047619,2.8026550418213643,0.0,10.0,0.0,2.5,3.0,0.0,0.0,0.0,0.0,0.0,0.0,0.0,0.0081035901512106,0.0089980113309913,0.0,0.031055900621118,0.0,0.0066308243727598,0.0112580128205128,0.0,0.0,0.0,0.0,0.0,0.0,0.0,0.0,0.0,0.0,0.0,0.0,0.0,0.0,42,14027.0,115.0,34.0,31750.0,0.0081984743708562,0.002423896770514,333.9761904761905
55868228,1,1966.125,988.7202297456714,1.0,3914.0,1538.25,1749.5,2502.0,66.83333333333333,29.964794157292133,0.0,128.0,49.75,68.5,87.5,1.9583333333333333,3.409290819054439,0.0,15.0,0.0,1.0,2.0,41.208333333333336,13.868366782798262,1.0,63.0,35.75,40.0,49.5,0.0367624815830948,0.0158899059257219,0.0,0.0635696821515892,0.0272105351576353,0.0385958319667315,0.0516211396775944,0.00145928841337,0.0029269503969831,0.0,0.0135135135135135,0.0,0.00026090234312,0.0014233747142855,0.2360242594608137,0.096916736145918,0.0,0.4177631578947368,0.1760239600081932,0.2152803799531456,0.2774295596531456,0.2678879474560893,0.1233144790313563,0.0,0.4633251833740831,0.1705403547353154,0.2804524277392607,0.3566679159955761,0.9844034070609138,0.5304219547207242,0.5,3.3090697674418603,0.691096264367816,0.878891494499371,1.040760896336368,41.52406418385971,14.553297192332488,0.0,55.0,34.59413043478261,46.50714285714285,49.955163043478265,0.537405753968254,0.3756453850179674,0.0,1.0,0.271875,0.5,0.9464285714285714,3.289753490904221,6.677965901199624,0.0,34.434029816666666,0.9265279082633052,1.3379348863636364,2.4559470102245387,0.0,0.0,0.0,0.0,0.0,0.0,0.0,0.0,0.0,0.0,0.0,0.0,0.0,0.0,1507.33,404.3438421793182,0.0,2234.61,1345.875,1481.78,1770.0,217.10306535680297,114.324332058772,0.0,490.01246570014865,143.36614763738464,175.67280839045503,271.8984545955233,1.9434974939076264,0.6176337011503799,0.0,2.918921319134304,1.6460464825060046,1.9846573257736513,2.3990815384050226,12.125,7.025622748198198,0.0,27.0,7.75,12.0,16.25,0.4704299742844325,0.2059888310317055,0.0,0.7775800711743772,0.3572763567131966,0.5148344988344988,0.6152991345857897,9.643903760118949e-05,0.0002623833415099,0.0,0.0012028869286287,0.0,0.0,0.0,1.2610625372864523,0.3698193755440254,0.0,2.0638760532753464,1.1203693954129492,1.2366479077497643,1.445736673266625,14.791666666666666,8.990639422322655,0.0,35.0,11.0,13.0,19.75,24,47187.0,1604.0,47.0,18250.0,0.0339924131646428,0.0009960370441011,1966.125
38364372,2,1777.1290322580646,543.6164885068175,444.0,2977.0,1494.0,1663.0,2026.0,54.16129032258065,18.20155394676518,6.0,88.0,42.5,50.0,68.0,0.4193548387096774,0.8715649087810513,0.0,4.0,0.0,0.0,0.5,74.0,22.625991334546377,30.0,140.0,60.5,65.0,86.0,0.0307535966032436,0.0079614859531175,0.0135135135135135,0.0451977401129943,0.0270922061450232,0.0301754385964912,0.0354924115299996,0.000196375896833,0.000395028977826,0.0,0.0016792611251049,0.0,0.0,0.0001679543164259,0.1147062786475542,0.0363868861463323,0.0337837837837837,0.1776729559748427,0.0898312926168987,0.1165602955995969,0.1332290890337512,0.2704634312313788,0.0381436030714736,0.1963696369636963,0.3569542253521127,0.2442440076127984,0.270995670995671,0.2910051186261521,1.430628463220054,0.2396769936686355,0.9140709459459462,1.8117447657028911,1.272996160130719,1.5030747922437673,1.6298714111839665,0.0,0.0,0.0,0.0,0.0,0.0,0.0,0.6825374670691362,0.0659624725488742,0.5,0.7743589743589744,0.652948402948403,0.6950000000000001,0.729112554112554,1.5902070827245225,0.991174069118372,0.5265959245283018,3.6153846153846154,0.84460315,1.10177225,2.2335261861413045,0.0,0.0,0.0,0.0,0.0,0.0,0.0,0.0,0.0,0.0,0.0,0.0,0.0,0.0,933.2112903225806,145.30552001463045,750.0,1320.0,795.0,960.0,960.0,164.5169452748392,55.619685810445354,92.99995795154196,376.6281996858619,138.49333085287856,158.99958451500993,168.06673148825425,2.601575149709945,0.3116809819940317,1.3875363767900832,3.0035907833648934,2.489759680636828,2.595386001347535,2.775947963870645,22.548387096774192,10.924487762930314,1.0,45.0,16.0,20.0,29.0,0.0058015694525328,0.00434092468668,0.0,0.019298245614035,0.0021524812927512,0.0061659192825112,0.0085819699653201,0.0063935540922684,0.0032356902590489,0.0,0.0143027413587604,0.0048383816659424,0.0067264573991031,0.0080874303744486,1.6474397410044,0.2348044692981699,1.3386004514672687,2.295294943820225,1.4645247596658346,1.5971988795518208,1.7734508761743115,24.677419354838708,8.204589969405966,9.0,36.0,19.0,24.0,34.0,31,55091.0,1679.0,13.0,23500.0,0.0304768473979415,0.000235973207965,1777.1290322580646
47244406,1,693.4117647058823,802.9732292675859,26.0,2885.0,165.5,429.5,684.25,13.911764705882351,10.41595960691438,0.0,39.0,4.0,12.0,21.5,2.411764705882353,5.059165515116358,0.0,25.0,0.0,0.0,2.0,18.147058823529413,7.328960896339208,4.0,37.0,15.0,18.0,23.0,0.048838101269948,0.0582722446617434,0.0,0.2156862745098039,0.010820673220137,0.0252295108217021,0.0577118644067796,0.0066765978245966,0.0168174280457663,0.0,0.0869565217391304,0.0,0.0,0.0022459313750188,0.1507766096078209,0.1142293477028021,0.0,0.4799708667152221,0.0551282051282051,0.128505291005291,0.2091915654758905,0.2386002377141635,0.1462633347292303,0.0,0.497737556561086,0.1142149929278642,0.2811256425683734,0.3548522789132479,1.9754069745836251,1.6086717590208284,0.903846153846154,10.0,1.32,1.4955625,1.9163389621273896,0.0,0.0,0.0,0.0,0.0,0.0,0.0,0.5502017194166848,0.3692392106333624,0.0,1.0,0.09375,0.6862745098039216,0.7875000000000001,2.2922211178160397,2.567057096577086,0.0,9.410521904761904,0.2924074444444444,1.4675278333333337,3.002974,0.0,0.0,0.0,0.0,0.0,0.0,0.0,0.0,0.0,0.0,0.0,0.0,0.0,0.0,1033.7053176470588,361.2332412921646,506.5,1726.4207,697.5,997.35,1335.0,186.82590996937748,79.36121477614101,77.65599610318975,508.3642589344471,132.2713146134295,182.73678558383776,220.4677707667794,2.236965366819584,0.6168279685400658,0.6723123356476847,2.980804966351129,2.0431353525051654,2.444816822739289,2.640626142427813,1.6176470588235294,3.1901936681239915,0.0,13.0,0.0,0.0,1.75,0.0,0.0,0.0,0.0,0.0,0.0,0.0,0.0,0.0,0.0,0.0,0.0,0.0,0.0,1.504234042194759,0.6375417436533697,0.0,2.456238361266294,1.0,1.5092307692307694,1.9981132075471697,12.205882352941176,8.662900654565135,0.0,24.0,2.25,14.0,21.0,34,23576.0,473.0,82.0,25750.0,0.0200627757041058,0.0034781133355955,693.4117647058823
14370126,0,1257.0416666666667,1192.315585991067,2.0,3655.0,236.0,728.0,2253.25,2.5833333333333335,3.8396686778360913,0.0,19.0,0.0,2.0,3.0,0.7083333333333334,2.009957849198723,0.0,8.0,0.0,0.0,0.0,17.958333333333332,13.72187780719372,1.0,48.0,5.25,17.0,30.5,0.186749772980268,0.3634634292395822,0.0,1.0,0.0,0.0029127906976744,0.0115734455606842,0.0003405630335667,0.0010224506829443,0.0,0.0046511627906976,0.0,0.0,0.0,0.1768217807425681,0.1095956280758772,0.0,0.3648208469055374,0.1359514632871701,0.1889,0.2527156751294682,0.09563704944556,0.0874362996626682,0.0,0.257328990228013,0.0,0.0975292664274369,0.156081936658794,0.6478125943069505,0.4510547952411103,0.0,1.5405533596837944,0.375,0.762731450094162,0.8283744588744588,0.0,0.0,0.0,0.0,0.0,0.0,0.0,0.3771464646464646,0.3297801662319854,0.0,1.0,0.0,0.3666666666666667,0.5,2.403211805555556,4.901356664926217,0.0,20.96875,0.0,0.5,0.7083333333333333,0.0,0.0,0.0,0.0,0.0,0.0,0.0,0.0,0.0,0.0,0.0,0.0,0.0,0.0,677.9877791666667,468.7914084984813,0.0,1748.45,362.5,746.3297,992.4475,126.72699717748982,90.45635708593504,0.0,281.38201179439943,48.97318842746684,102.21451406185774,201.3534154516046,1.993256703671876,0.9469367039421088,0.0,3.2322892708876845,1.644290100439707,2.166348854823887,2.6419157915473086,0.5416666666666666,1.6067349570549032,0.0,8.0,0.0,0.0,0.25,0.0,0.0,0.0,0.0,0.0,0.0,0.0,3.4002317741255796e-05,0.0001158561205243,0.0,0.0005,0.0,0.0,0.0,1.055127461224689,0.7774670607008173,0.0,2.0,0.0,1.0,1.920464911733331,4.75,2.8613807855648994,0.0,10.0,4.0,5.0,6.0,24,30169.0,62.0,17.0,18250.0,0.0020550896615731,0.0005634923265603,1257.0416666666667
74888463,0,545.2173913043479,625.1152211373055,4.0,2317.0,116.5,401.0,652.0,74.91304347826087,60.1931045043174,4.0,262.0,37.5,63.0,92.0,6.608695652173913,22.211902665863796,0.0,96.0,0.0,0.0,0.0,9.782608695652174,4.799968493910463,3.0,24.0,6.0,9.0,12.5,0.3689955782767333,0.3497840646445435,0.0182232346241457,1.0,0.074890525477707,0.2337078651685393,0.5994318181818181,0.0258485974636628,0.0869052139784473,0.0,0.3758389261744966,0.0,0.0,0.0,0.0959604297883999,0.1371999675117108,0.0,0.5284552845528455,0.000796178343949,0.0324189526184538,0.1173559069329462,0.0945453819713656,0.1430915428734261,0.0,0.550561797752809,0.0,0.025562372188139,0.1154706008483405,1.221459397869154,1.3241516867762069,0.0,5.0,0.0,0.8091968911917099,1.4605370926243568,0.0,0.0,0.0,0.0,0.0,0.0,0.0,0.5383262695840729,0.1477585342195669,0.08,1.0,0.4999565217391304,0.5416666666666666,0.5736559139784947,2.1866342548145616,1.6017588591732332,0.3346153846153846,7.285714285714286,1.1440765476190475,1.7325581395348837,2.7955547027027023,0.0016240402008082,0.0057920874034098,0.0,0.0268817204301075,0.0,0.0,0.0,0.0013902861101116,0.0047898022701058,0.0,0.021505376344086,0.0,0.0,0.0,903.503011304348,290.97956798732514,150.0,1365.0,708.75,1020.0,1095.0,212.608644343187,66.12994921688866,57.60859310901456,358.9856262586208,167.82065861212527,213.44705286884485,265.13402292829755,2.2519951969194514,0.4212599676559512,1.3134093593944216,2.9607083171784674,1.9692433300722016,2.2964293618984617,2.567463290430627,2.869565217391304,2.5927046114566212,0.0,9.0,1.0,2.0,5.0,0.1846342938002652,0.2192245311833789,0.0,0.8781038374717833,0.0,0.1743180306054557,0.2591431556948798,0.0016340039255165,0.0032414084327307,0.0,0.0104166666666666,0.0,0.0,0.0008970020831174,1.5462243777028395,0.8885832722875111,0.0,3.762202753441802,1.0482638888888889,1.5922330097087378,2.0,13.130434782608695,11.156220132152782,0.0,35.0,5.5,13.0,17.0,23,12540.0,1723.0,152.0,17500.0,0.1374003189792663,0.0121212121212121,545.2173913043479
6739392,0,488.7037037037037,225.4005183889032,2.0,936.0,359.5,559.0,643.0,8.222222222222221,4.700932400290262,0.0,18.0,8.0,9.0,12.0,0.3703703703703703,0.7276623223847594,0.0,2.0,0.0,0.0,0.0,33.74074074074074,13.462135080765778,1.0,61.0,27.5,34.0,43.5,0.0179267686145947,0.0183912391192857,0.0,0.1,0.0101558572146807,0.0143112701252236,0.0208233092755947,0.0008855024057853,0.0022352419613338,0.0,0.0106951871657754,0.0,0.0,0.0,0.0376758761088187,0.0446885849938155,0.0,0.2259136212624584,0.0064921421968232,0.0308943089430894,0.0501655629139072,0.0567698699902759,0.0726445639544312,0.0,0.3488372093023256,0.0146741706161137,0.0394736842105263,0.0717448777263714,0.0,0.0,0.0,0.0,0.0,0.0,0.0,0.0,0.0,0.0,0.0,0.0,0.0,0.0,0.0,0.0,0.0,0.0,0.0,0.0,0.0,0.3483731831289081,0.1157216341663498,0.0,0.5,0.3155417232142857,0.366999,0.3859991428571429,0.0,0.0,0.0,0.0,0.0,0.0,0.0,0.0,0.0,0.0,0.0,0.0,0.0,0.0,695.8199999999999,273.48557042171143,280.0,1226.0,508.283,592.092,893.6669999999999,155.42822288288565,72.81005000870093,88.88248138069072,404.3213089593976,106.91328729231296,116.08025849591488,182.56711394445577,2.2969202517165117,0.4055969691227729,1.0,2.905124348803369,2.0420981097334767,2.411093140591453,2.591206809564643,6.555555555555555,4.039924213932854,0.0,14.0,5.5,6.0,8.0,0.0,0.0,0.0,0.0,0.0,0.0,0.0,0.0,0.0,0.0,0.0,0.0,0.0,0.0,0.0,0.0,0.0,0.0,0.0,0.0,0.0,0.0,0.0,0.0,0.0,0.0,0.0,0.0,27,13195.0,222.0,10.0,20500.0,0.0168245547555892,0.0007578628268283,488.7037037037037
52128,0,81.94736842105263,33.2525799303176,28.0,158.0,59.0,73.0,96.5,0.1052631578947368,0.4465937565388721,0.0,2.0,0.0,0.0,0.0,0.1052631578947368,0.3068922049918579,0.0,1.0,0.0,0.0,0.0,3.3157894736842106,1.1721609184905308,2.0,6.0,2.0,3.0,4.0,0.0007739938080495,0.0032837776216093,0.0,0.0147058823529411,0.0,0.0,0.0,0.0007201081631853,0.0021060172868937,0.0,0.0073529411764705,0.0,0.0,0.0,0.0,0.0,0.0,0.0,0.0,0.0,0.0,0.0,0.0,0.0,0.0,0.0,0.0,0.0,0.0,0.0,0.0,0.0,0.0,0.0,0.0,0.0,0.0,0.0,0.0,0.0,0.0,0.0,0.0,0.0,0.0,0.0,0.0,0.0,0.0,0.0263157894736842,0.111648439134718,0.0,0.5,0.0,0.0,0.0,0.0,0.0,0.0,0.0,0.0,0.0,0.0,0.0,0.0,0.0,0.0,0.0,0.0,0.0,255.0,133.17776011584547,60.0,510.0,124.0,270.0,315.0,90.64422415687018,48.88752272628309,25.663597700119528,176.18527606947083,35.43960034389696,103.4518588923151,122.24816540052213,1.9634289220443424,0.5829453612695197,0.996316519558962,2.9764054903455905,1.5734131258848112,1.8379854706231813,2.368898993280585,0.1052631578947368,0.4465937565388721,0.0,2.0,0.0,0.0,0.0,0.0,0.0,0.0,0.0,0.0,0.0,0.0,0.0,0.0,0.0,0.0,0.0,0.0,0.0,0.0,0.0,0.0,0.0,0.0,0.0,0.0,0.0,0.0,0.0,0.0,0.0,0.0,0.0,19,1557.0,2.0,2.0,14500.0,0.0012845215157353,0.0012845215157353,81.94736842105263
25299931,1,470.625,207.8564834406984,7.0,868.0,347.25,513.0,577.5,20.875,11.023885053222692,2.0,48.0,11.75,20.0,29.25,5.916666666666667,7.999565960447826,0.0,26.0,0.0,2.0,8.75,39.0,14.056433876817168,4.0,64.0,29.25,40.0,50.0,0.0615556474295678,0.0567160427766746,0.0140280561122244,0.2857142857142857,0.0251233470246443,0.0423383813711121,0.0748185110914206,0.0093235265242969,0.0110169139618886,0.0,0.037037037037037,0.0,0.0041806311967602,0.0125442763942062,0.1098915151194018,0.0745082038342652,0.0,0.2943722943722944,0.0647688598979013,0.1004424880207258,0.1341666666666666,0.0894912977311223,0.0496496030748222,0.0,0.2251082251082251,0.0486472133713455,0.0933480264476056,0.1189976958525345,1.1457496491126646,0.3855640825542772,0.0,2.0,0.9640625,1.1571531100478467,1.3030306905370843,0.0,0.0,0.0,0.0,0.0,0.0,0.0,0.4758721670486376,0.4202679389213706,0.0,1.0,0.0,0.6458333333333333,0.8720238095238094,4.738722531756865,14.155472377505028,0.0,72.13068778571429,0.5,1.0,3.1076249999999996,0.0,0.0,0.0,0.0,0.0,0.0,0.0,0.0,0.0,0.0,0.0,0.0,0.0,0.0,577.0871125,159.55715867583396,313.0,900.0,445.25,554.0,749.99985,125.34783070868916,16.595943213475387,104.78565148782498,160.1209018274674,110.47220082466686,122.35845293870182,131.8030684707743,2.669120062880221,0.2661549461187982,1.950212064914747,3.2014824036556595,2.554662037494371,2.627297478614257,2.793953835148213,10.916666666666666,6.10270887029322,0.0,23.0,5.75,12.0,15.0,0.0972001696239198,0.1049928823053898,0.0,0.4632034632034632,0.0342150755080074,0.0737904380188949,0.1218212432085264,0.0063917750517053,0.0084491672179457,0.0,0.0290697674418604,0.0,0.0,0.0096909167607255,1.0706624168987022,0.1382192037480508,1.0,1.420042643923241,1.0,1.0,1.0147024367385191,4.291666666666667,1.92525250869132,0.0,8.0,3.0,4.0,5.25,24,11295.0,501.0,142.0,18250.0,0.0443559096945551,0.012571934484285,470.625
78455511,1,1923.3142857142857,1124.041274570812,5.0,4957.0,1243.5,1694.0,2480.5,136.68571428571428,93.21059762818862,0.0,336.0,49.0,123.0,208.5,1.6571428571428573,1.8965059171744103,0.0,7.0,0.0,1.0,2.0,46.05714285714286,15.285740987960656,4.0,74.0,43.0,49.0,53.5,0.091721291016951,0.1029291012548263,0.0,0.5938566552901023,0.0286195561962171,0.0623608017817371,0.1202865761689291,0.0010152220914911,0.0019449751598031,0.0,0.0111358574610244,0.0,0.0005616399887672,0.0009459905892016,0.1384365182005379,0.0865501415677247,0.0,0.3743944636678201,0.0726596213387732,0.1233031674208144,0.1807011571736029,0.279387024767846,0.1630907139932925,0.0,0.8529411764705882,0.1741584942709553,0.2964224872231686,0.3473523695729937,1.449715724741686,0.8444857459265556,0.0,4.222612244897959,0.8772524837273038,1.2348285714285716,1.7720751435325903,17.36056094647155,24.29195034944396,0.0,71.66666666666667,0.0,0.0,40.0,0.4402068803009143,0.1263159723394706,0.0,0.5555555555555556,0.4026315789473684,0.4971153846153845,0.5096296296296297,0.5094029612342602,0.8965088015483778,-0.0511972037037037,4.097836415384616,0.0836843078231292,0.1551696368159204,0.566401101718908,0.0,0.0,0.0,0.0,0.0,0.0,0.0,0.0,0.0,0.0,0.0,0.0,0.0,0.0,1577.4831428571426,449.08037176257005,17.0,2502.0,1496.223,1688.446,1754.0,266.7444744107775,114.13680376506652,6.273754856543249,551.43540536907,204.04707965759445,258.5739212116773,314.7875261053441,2.362464439552712,0.357526766257086,1.7312113082584275,2.9919006211551875,2.0527120967276526,2.471836427991101,2.6088020148121176,6.828571428571428,4.711600967130959,0.0,19.0,4.0,6.0,9.5,0.3322618380549538,0.2130199693741679,0.0,0.8676470588235294,0.1524539507428443,0.3382636655948553,0.4328024976992378,0.0001689888785205,0.0004214526297837,0.0,0.0019887305270135,0.0,0.0,0.0,1.4934079619906226,0.3637589491263636,1.0,2.588702147525677,1.2396758138283563,1.5136186770428015,1.720257611348579,16.114285714285714,5.785555553378128,0.0,25.0,12.5,15.0,20.0,35,67316.0,4784.0,58.0,26500.0,0.0710677996315883,0.0008616079386772,1923.3142857142857
64272759,1,874.9545454545455,415.98868835940146,29.0,1889.0,715.25,811.0,1093.0,48.68181818181818,14.30952119025004,12.0,83.0,42.25,46.5,54.5,4.7727272727272725,7.012533054090421,0.0,30.0,0.25,2.0,5.75,36.90909090909091,12.816569853510623,12.0,76.0,32.0,34.0,41.75,0.0823138894651835,0.0795301353374654,0.0243515087347803,0.4137931034482758,0.0427721866422689,0.0581946863545376,0.082071049605554,0.0051563640956508,0.0067528113700186,0.0,0.0278810408921933,0.0001579279848389,0.0022217305529435,0.0078101894753445,0.178597347535611,0.0774617166422186,0.0761061946902654,0.3880597014925373,0.1115989299397458,0.1720962538089263,0.2173106389161628,0.2202887560346766,0.0873993560992413,0.0689655172413793,0.3532883642495784,0.1562556402851728,0.2252376007049345,0.2908236090350973,1.7863243835589748,0.5617153782376575,0.9087323943661972,2.625,1.171607638888889,2.0399416312012995,2.1722198426573422,3.136363636363636,26.334035105898177,-76.0,66.0,0.0,0.0,0.0,0.3453741965105601,0.3602140329635962,0.0,1.0,0.0,0.25,0.5488636363636363,3.49534076064826,3.6879046055959703,0.2666666666666666,12.960000000000004,0.702375,1.5774206696428572,5.539705338888889,0.0052322301560763,0.0215030081667321,0.0,0.1034482758620689,0.0,0.0,0.0,0.0001203137783338,0.0005513469963612,0.0,0.0026469031233456,0.0,0.0,0.0,1330.0546363636363,216.87384867822155,700.51,1740.0,1197.519,1425.0,1425.0,240.87175324679595,68.90987740640844,123.5323060370508,380.3247270871471,193.97331106519476,234.1068166022892,270.3666719130941,2.3057884415977843,0.2256826793038183,1.712617995653569,2.6143893926103896,2.158193177767979,2.3752571563720775,2.483767990586495,1.2727272727272727,2.071051954526276,0.0,7.0,0.0,0.5,1.0,0.4179074257014939,0.2326202718035162,0.0,0.7637614678899083,0.2064425010526463,0.5066700895288059,0.5766956043262794,0.0,0.0,0.0,0.0,0.0,0.0,0.0,1.1890934473491417,0.2485763913445332,1.0,1.9557522123893805,1.0004528985507246,1.1155496475384714,1.241854113298476,34.13636363636363,11.576996998536892,2.0,49.0,29.0,29.0,49.0,22,19249.0,1071.0,105.0,16750.0,0.0556392539872201,0.0054548288222764,874.9545454545455
60621991,2,2294.2380952380954,3720.9732521627534,3.0,22017.0,600.5,1021.5,2470.5,104.11904761904762,109.84538969473506,0.0,399.0,32.25,48.0,148.25,0.8095238095238095,1.2196427118919713,0.0,5.0,0.0,0.0,1.0,17.30952380952381,10.67593666067603,2.0,42.0,8.25,16.0,26.0,0.1249933711733637,0.1993775728753303,0.0,1.0,0.0223170843514575,0.0372251645000802,0.1504042832167832,0.0009617232021018,0.0029222283081731,0.0,0.018348623853211,0.0,0.0,0.0004988702082802,0.1234788536785472,0.1065593237447816,0.0,0.3798449612403101,0.0167536011807662,0.0874305140300755,0.2148695569580176,0.2083646346603716,0.1313445421953812,0.0,0.63671875,0.1421613654977907,0.2240461716968005,0.2939627528172981,1.4484701969852405,2.0182599229657363,0.0,10.0,0.5965039421321493,1.0577399234309803,1.2047617277196443,0.0,0.0,0.0,0.0,0.0,0.0,0.0,0.2748058819487391,0.2936949292773429,0.0,1.0,0.0,0.1833333333333333,0.5,1.3074467810933874,1.7113203497135223,0.0,7.93135849625,0.3231236303291536,0.8157775912280703,1.3811835101960783,0.0022847071037026,0.0043625118867513,0.0,0.0182526661197703,0.0,0.0,0.0018351475879749,0.0029311934070415,0.0052555648037236,0.0,0.0230414746543778,0.0,0.0,0.0054242606189164,1761.6364285714285,553.2891472338571,480.0,2430.0,1417.5,2040.0,2182.5,250.6312892756624,131.9930011688732,75.65195465871042,621.0879786740668,140.94346586471636,227.9279999213877,329.33879546204594,1.891309990855896,0.5247307959666601,1.0122108912469243,3.207373741013946,1.505991340739913,1.8379180758348912,2.164121414477229,5.619047619047619,9.224585113789235,0.0,34.0,0.0,0.5,8.75,0.0224369814868354,0.1016841999688436,0.0,0.5466589861751152,0.0,0.0,0.0,0.0,0.0,0.0,0.0,0.0,0.0,0.0,2.6591617200341715,1.3830857253274509,1.0,6.00544,1.9025346197030817,2.373819771585835,3.045679524984257,29.952380952380953,16.963479513007012,1.0,50.0,14.25,25.0,50.0,42,96358.0,4373.0,34.0,31750.0,0.0453828431474293,0.0003528508271238,2294.2380952380954
1629780,1,134.52380952380952,81.42254224407101,40.0,316.0,75.5,101.5,158.5,6.0,6.317021600783229,0.0,32.0,2.0,4.5,8.0,0.9523809523809524,1.3793093674247845,0.0,5.0,0.0,0.0,1.0,13.61904761904762,5.136018380735824,5.0,29.0,10.0,13.5,17.0,0.0585618465951421,0.0597554597188142,0.0,0.2641509433962264,0.0259235583069779,0.037037037037037,0.0805616983635559,0.0083365823637024,0.0135812773060167,0.0,0.0543478260869565,0.0,0.0,0.0121662360034453,0.0087756615759583,0.0183844660087929,0.0,0.0943396226415094,0.0,0.0,0.0073529411764705,0.0019356373268832,0.0065674490921187,0.0,0.0377358490566037,0.0,0.0,0.0,0.0,0.0,0.0,0.0,0.0,0.0,0.0,0.0,0.0,0.0,0.0,0.0,0.0,0.0,0.9285714285714286,0.2575393768188563,0.0,1.0,1.0,1.0,1.0,0.1840750772037981,0.1739002697892463,0.0,0.55,0.0,0.1458333333333333,0.3089285714285714,0.0,0.0,0.0,0.0,0.0,0.0,0.0,0.0,0.0,0.0,0.0,0.0,0.0,0.0,427.3452380952381,139.20606035381155,180.0,732.5,288.0,462.5,492.5,124.78805241871048,42.88062703353216,51.3287409590134,202.01397435161095,91.29470593210992,131.47129165234668,156.6701972415184,2.671413593049185,0.3550796403554714,1.8632689034102703,3.290310064205258,2.3728405314636545,2.6615523006772612,2.9262989577022034,5.833333333333333,6.24849188153836,0.0,32.0,2.0,3.5,8.0,0.0,0.0,0.0,0.0,0.0,0.0,0.0,0.0107315552870866,0.0424601883674628,0.0,0.2641509433962264,0.0,0.0,0.0027573529411764,0.0,0.0,0.0,0.0,0.0,0.0,0.0,0.0,0.0,0.0,0.0,0.0,0.0,0.0,42,5650.0,252.0,40.0,31750.0,0.0446017699115044,0.0070796460176991,134.52380952380952
84167410,1,1475.428571428571,687.3613849129057,102.0,3190.0,992.0,1291.0,2015.5,95.54285714285714,35.330555660296454,14.0,171.0,72.5,92.0,111.0,2.057142857142857,1.771889340995846,0.0,7.0,0.5,2.0,3.0,34.51428571428571,9.749348486866564,14.0,57.0,27.5,35.0,40.5,0.0768015994311767,0.0354087479935314,0.0335423197492163,0.1649214659685864,0.0451466183456888,0.0718588640275387,0.0924542507174587,0.0014005202565135,0.0013398729984731,0.0,0.005422153369481,0.0002310536044362,0.0012610340479192,0.0018421521266582,0.1413599724307004,0.126338028777435,0.0068728522336769,0.6332046332046332,0.0649160061067759,0.1026072329688814,0.1875602054059796,0.1963338898696099,0.1186209791128669,0.0031545741324921,0.4483648881239243,0.0975326604683692,0.1818181818181818,0.285222965490542,1.9098631174664824,0.5716348548796644,0.9560377358490564,3.8840828402366863,1.6485686389983438,1.769269328802039,2.196187985252657,12.62641723356009,32.83228150298631,-18.0,174.0,0.0,0.0,15.0,0.4931128208859301,0.3433956919331585,0.0,1.0,0.1666666666666666,0.5909090909090909,0.75,1.55453549141063,0.8135940350731619,0.4235626047619047,4.86181335862069,1.1387446194805195,1.3927437693877551,1.7549623733875337,0.0023821634738339,0.0047155195606197,0.0,0.0251517779705117,0.0,0.0,0.004076782932432,0.004205124085712,0.0094572495305957,0.0,0.0490196078431372,0.0,0.0,0.0052090486873095,1771.6290828571427,346.1112423337441,1123.495,2556.8,1590.0,1695.0,1904.662,294.08129503939705,81.4613260972768,189.153737766447,517.5030718934756,233.6107975038726,280.69379420913833,314.99266454848964,2.430859950089259,0.2935422878225713,1.7337968711422136,3.0407783693758375,2.209470741960744,2.4342972101335767,2.6200438813239275,27.8,13.694211498711,0.0,58.0,18.0,25.0,39.0,0.3755407105697534,0.1943682341333388,0.0,0.7319232661091982,0.2348566617735946,0.4087340529931305,0.5337058335405171,0.0003438917921156,0.000491387689943,0.0,0.0016820857863751,0.0,0.0,0.0005204348859482,1.6318042186905954,0.3501046731784392,1.199619771863118,2.89237668161435,1.399088284132635,1.599785407725322,1.6863528041095166,39.22857142857143,8.007445514861114,20.0,49.0,33.5,41.0,46.5,35,51640.0,3344.0,72.0,26500.0,0.0647560030983733,0.0013942680092951,1475.428571428571
62370077,2,2184.108108108108,1651.1324334034994,2.0,7444.0,1311.0,1892.0,2452.0,68.91891891891892,52.13100876164722,0.0,214.0,27.0,62.0,104.0,3.8378378378378377,5.191018821593297,0.0,19.0,1.0,1.0,3.0,62.945945945945944,30.9864363927413,1.0,136.0,38.0,74.0,89.0,0.0459279204241513,0.0629774179472555,0.0,0.3299748110831234,0.0140902316759246,0.0284210526315789,0.05,0.0029672599903065,0.0048118617607858,0.0,0.0226950354609929,0.0004144218814753,0.0010341261633919,0.0028011204481792,0.2198697894308124,0.0880071450711914,0.0,0.3272939801285798,0.1768421052631578,0.2406563354603464,0.2835671342685371,0.3831199616550148,0.0739418688813961,0.2067039106145251,0.5340050377833753,0.3241803278688525,0.3825878594249201,0.4348222424794895,1.495460843137705,0.4122837281464775,0.7774867945510147,2.2661054766734283,1.234945054945055,1.4084285714285714,1.8609920634920631,8.758949209755661,47.96050366296339,-91.0,106.63636363636364,0.0,0.0,38.0,0.4149473180311763,0.2521484416842973,0.0,1.0,0.2275,0.5,0.5555555555555556,12.107353784073226,28.01912466785668,0.0,152.4745572,0.7131605,2.240692,5.2573886666666665,0.0,0.0,0.0,0.0,0.0,0.0,0.0,0.0,0.0,0.0,0.0,0.0,0.0,0.0,1012.2636216216216,341.4924432862909,206.656,2388.0,795.0,1031.0,1155.0,155.34360192464638,50.44099036266883,103.328,322.2052880651043,121.6130069834335,136.99209922658716,175.9202548045682,2.287583085995922,0.3792021514151683,1.0,3.0432317862188847,2.0636774128695823,2.3357525954080716,2.55223660526376,23.35135135135135,24.257867173258887,0.0,80.0,6.0,13.0,43.0,0.2865050304820419,0.1845750366102049,0.0,0.7903372835004557,0.1333687566418703,0.215742251223491,0.4123497720679652,0.0006078374338396,0.0010010919868884,0.0,0.0035360678925035,0.0,0.0,0.0008156606851549,2.200638172943869,0.5185978770392876,1.467783505154639,3.420375865479723,1.770410277662661,2.0935080405002977,2.536,31.24324324324324,10.93569757140646,0.0,42.0,18.0,37.0,39.0,37,80812.0,2550.0,142.0,28000.0,0.0315547195960995,0.0017571647775082,2184.108108108108
60722591,2,838.7619047619048,152.9001867892299,243.0,1086.0,778.0,843.0,946.75,51.214285714285715,47.31532305626125,9.0,232.0,17.0,36.5,72.25,2.357142857142857,1.8364228760260628,0.0,7.0,1.0,2.0,3.0,79.14285714285714,17.014799480468298,19.0,98.0,71.0,83.5,91.0,0.0615398891358225,0.0520894138533519,0.0129310344827586,0.2245885769603098,0.0204218005489327,0.0459617107664574,0.0890973343846574,0.0029252538686306,0.0023069937289919,0.0,0.0087390761548064,0.0010729881694803,0.0025432826940364,0.0042373627340947,0.069978656623014,0.0454911916722904,0.0112739571589627,0.17610710607621,0.032211210964451,0.0595792715551553,0.1081067127516195,0.0946590397311903,0.0519902324567413,0.0120845921450151,0.227807486631016,0.0540225257561941,0.0777862606532425,0.1280768511009918,1.261930050766595,0.212745289166837,0.715969387755102,1.653517915309446,1.1769728070175438,1.3215795968737143,1.398868131868132,-7.540955869527299,45.81591002966365,-107.0,111.0,-36.625,0.0,24.95238095238095,0.2445611046398816,0.2484561114365613,0.0,1.0,0.0,0.3319444444444444,0.3823111205432937,2.0441651204073574,8.539627892865226,0.0,56.583333333333336,0.33361525,0.4710899741750358,0.9833333333333332,0.0005790416440058,0.002486649233429,0.0,0.013091641490433,0.0,0.0,0.0,0.0005030427156161,0.0022524659602863,0.0,0.0110775427995971,0.0,0.0,0.0,1271.8839142857144,492.5084965535894,608.0,2246.0,892.93555,1110.0,1511.25,249.9389792932074,149.53596631897702,106.00782983425188,672.8147239324027,118.68597760204337,191.64669761436295,351.5573969126769,2.053778103206042,0.3737211080630261,1.270546474660854,2.705935282444228,1.7113874832515972,2.078650573516423,2.371880670235349,3.1666666666666665,3.191630921097854,0.0,12.0,0.0,2.0,5.0,0.2763151106688113,0.1091705726280391,0.0,0.5500588928150766,0.2224909054474828,0.252721335268505,0.3394137823511069,0.0005743837642444,0.0023014197905834,0.0,0.0134003350083752,0.0,0.0,0.0,1.305748004111844,0.2029418370860073,1.012931034482759,1.7855946398659968,1.152242595063819,1.242131713913488,1.4536541889483066,5.380952380952381,2.902809648405366,2.0,10.0,3.0,3.5,9.0,42,35228.0,2151.0,99.0,31750.0,0.0610593845804473,0.00281026456228,838.7619047619048
65466205,1,1312.4358974358977,616.9768226902978,416.0,3326.0,874.0,1131.0,1607.5,151.48717948717947,51.97034252630165,30.0,275.0,109.0,155.0,171.0,1.2564102564102564,1.9043532951412456,0.0,11.0,0.0,1.0,2.0,30.53846153846154,10.993812137991252,9.0,48.0,24.0,31.0,41.0,0.1382025262012133,0.0921410405580136,0.042016806722689,0.5120192307692307,0.0831068325805272,0.1177884615384615,0.1590892291446673,0.0009247782038375,0.0011591117318571,0.0,0.0045402951191827,0.0,0.000539374325782,0.0012970430107526,0.1141646910318874,0.1050295994399454,0.0057684384013185,0.4682585905649388,0.046888036042049,0.0707497360084477,0.177764423076923,0.1781759471742782,0.1096659948736946,0.0,0.4373907979033197,0.0760300853448649,0.2017353579175705,0.2330966829437886,1.6819496706942876,0.6003645182551961,0.5125762195121951,3.6666666666666665,1.2420378696579215,1.57078853046595,1.870835279324591,-1.973951973951974,8.530615905826654,-50.0,0.0,0.0,0.0,0.0,0.4821097800925185,0.0311170961338566,0.3333333333333333,0.5125,0.4747881355932203,0.4903225806451612,0.5,4.04250825727523,7.322066347710576,0.1530176185185185,30.741159332678567,0.2146034741802492,0.6747095955223881,3.8010480457565263,0.0009712148360542,0.0030529348475167,0.0,0.013531799729364,0.0,0.0,0.0,0.0009712148360542,0.0030529348475167,0.0,0.013531799729364,0.0,0.0,0.0,1617.220309230769,207.6816440894177,816.0,1962.5,1533.2498799999998,1656.5,1662.5,302.55663726012267,39.92360583338685,169.98861253559548,367.35166693670186,286.3598987796569,303.0991626297831,329.26114640060086,2.556799628973527,0.3649183278022198,0.5682349473696882,2.9233023383106285,2.468091141663341,2.6234817751532655,2.7373813122188513,14.58974358974359,5.026687489166296,0.0,33.0,13.0,15.0,16.0,0.207391947584598,0.1628741734056258,0.0168010752688172,0.4647272727272727,0.0616766845159673,0.1519861830742659,0.4041165606008184,0.0,0.0,0.0,0.0,0.0,0.0,0.0,1.4621356473181852,0.2289940326132706,1.0645302897278317,1.939306358381503,1.3031553721208895,1.3980099502487562,1.626271649819366,57.79487179487179,12.341673175807047,35.0,71.0,50.0,61.0,71.0,39,51185.0,5908.0,49.0,29500.0,0.1154244407541271,0.0009573117124157,1312.4358974358977
26392511,0,643.9333333333333,342.38252811081867,172.0,1383.0,335.25,637.5,861.75,25.266666666666666,27.444408457016443,0.0,100.0,4.0,13.0,32.5,1.4,1.6041612554021285,0.0,6.0,0.0,1.0,2.0,17.933333333333334,6.005182946607223,7.0,32.0,14.5,18.0,21.0,0.0393895046671182,0.039886210132995,0.0,0.1569230769230769,0.0102881518171873,0.0273511466442247,0.0503577523581098,0.0033567857899788,0.0054854174922528,0.0,0.027027027027027,0.0,0.0014761662691119,0.0034205208459948,0.1411672626985022,0.1343014283928786,0.0,0.4417932031814895,0.0371863089524839,0.0799070070266817,0.220600203774804,0.1870996777845684,0.1058992000476871,0.02803738317757,0.4292565947242206,0.0995858030422052,0.1860228272218993,0.2584971226984517,1.267694932271081,1.1355065828648998,0.0,5.0,0.6,1.011111111111111,1.263474025974026,0.0,0.0,0.0,0.0,0.0,0.0,0.0,0.39254471557671,0.3538845073953273,0.0,1.0,0.0,0.4623323013415892,0.5552837573385518,1.9286152921594055,2.292051549328288,0.0,8.6999415,0.295,1.0,2.700301204819277,0.0,0.0,0.0,0.0,0.0,0.0,0.0,0.0,0.0,0.0,0.0,0.0,0.0,0.0,793.3333333333334,306.06753294366627,330.0,1443.75,566.125,758.0,1010.625,181.74291803528777,80.51748517896779,58.444347855973994,348.17607295328276,123.19314928877358,156.61600237178996,247.7917302231386,2.701169981968256,0.3019478634557723,2.1689794229570873,3.282139377338546,2.428484267031555,2.6974494464284025,2.9420336261394033,1.2666666666666666,1.730767331432956,0.0,7.0,0.0,0.0,2.75,0.0003763327227467,0.0015316186318173,0.0,0.0079787234042553,0.0,0.0,0.0,7.798857501388508e-05,0.0003104110088323,0.0,0.0015797788309636,0.0,0.0,0.0,1.5495571053469794,0.3779404459847579,1.0,2.1900921658986174,1.2106488351387446,1.548330815166559,1.8662706592889948,12.633333333333333,4.949635227861634,5.0,19.0,8.0,12.0,19.0,30,19318.0,758.0,42.0,22750.0,0.039238016357801,0.0021741381095351,643.9333333333333
158692,0,156.1818181818182,61.44248581690752,6.0,282.0,114.0,158.0,189.0,1.7878787878787878,2.3964313842142477,0.0,8.0,0.0,0.0,3.0,0.2424242424242424,0.6045435558563638,0.0,3.0,0.0,0.0,0.0,13.515151515151516,3.560057984897302,3.0,22.0,11.0,14.0,16.0,0.0115999637435871,0.0162426040891366,0.0,0.0675675675675675,0.0,0.0,0.0211267605633802,0.002205630741635,0.0071884726553567,0.0,0.0405405405405405,0.0,0.0,0.0,0.0043842108535392,0.0067875446673306,0.0,0.0303030303030303,0.0,0.0,0.0064935064935064,0.2052807773710392,0.1068987991649652,0.0496453900709219,0.515625,0.119047619047619,0.1904761904761904,0.268041237113402,0.0,0.0,0.0,0.0,0.0,0.0,0.0,0.0,0.0,0.0,0.0,0.0,0.0,0.0,0.0,0.0,0.0,0.0,0.0,0.0,0.0,0.4712121212121212,1.3445191943945989,0.0,7.0,0.0,0.0,0.35,0.0,0.0,0.0,0.0,0.0,0.0,0.0,0.0,0.0,0.0,0.0,0.0,0.0,0.0,304.54545454545456,81.70385952424172,210.0,523.0,228.0,313.0,360.0,95.76418080110324,14.61799529488776,66.0152095319431,127.78686955609422,83.69797049140863,96.7371231977627,104.49413702990744,2.7269499972393754,0.2658632708882413,2.0664066886495167,3.144010202986613,2.6212517007278997,2.7624027596186433,2.8630095450285693,1.2121212121212122,1.628488344550837,0.0,5.0,0.0,0.0,2.0,0.0,0.0,0.0,0.0,0.0,0.0,0.0,0.0,0.0,0.0,0.0,0.0,0.0,0.0,0.0,0.0,0.0,0.0,0.0,0.0,0.0,0.0,0.0,0.0,0.0,0.0,0.0,0.0,33,5154.0,59.0,8.0,25000.0,0.0114474194800155,0.0015521924718665,156.1818181818182
40895040,1,978.2424242424242,463.97120014481504,114.0,1885.0,619.0,937.0,1389.0,33.81818181818182,22.71623974625568,4.0,100.0,16.0,33.0,46.0,2.6666666666666665,2.0250950844368028,0.0,9.0,1.0,2.0,4.0,66.78787878787878,24.289613163277657,9.0,110.0,55.0,67.0,82.0,0.0347102996813924,0.0179332000955585,0.0132689987937273,0.096551724137931,0.0228648285137861,0.0333988212180746,0.0400728597449908,0.003421258598364,0.003013645249522,0.0,0.0136157337367624,0.0016155088852988,0.0023148148148148,0.0039292730844793,0.1204758005973802,0.1080851204860225,0.0,0.3942254303164908,0.0246913580246913,0.0832072617246596,0.2008412197686645,0.092872782028629,0.0985064010380249,0.0,0.3030957523398128,0.0216049382716049,0.0451866404715127,0.1396551724137931,1.6893109753848627,0.4635259483305046,0.7120388349514564,2.8936794582392777,1.4625,1.697962962962963,1.92107948969578,21.8302052225849,59.185058037502785,-97.0,148.25,0.0,14.875,48.53333333333333,0.3859914384816346,0.2648851584325802,0.0,1.0,0.238095238095238,0.4,0.6,1.5074797572187646,0.7431562603366642,0.15,3.6,1.04681,1.32305,1.932092,0.0,0.0,0.0,0.0,0.0,0.0,0.0,0.0,0.0,0.0,0.0,0.0,0.0,0.0,1252.6796303030303,338.2808225120836,584.0,1920.0,1050.0,1260.0,1395.0,226.81115751219048,61.26187359016626,126.49307790898555,380.71220036956214,177.82629531670645,233.20375021672072,263.3226011909989,2.5875316959108696,0.2703511114206536,1.9956340088568316,3.045898642169245,2.401320887901775,2.6306615875495836,2.734560471569278,5.9393939393939394,3.446028842625333,0.0,12.0,4.0,5.0,8.0,0.3097935075167239,0.1855099071294141,0.0,0.6955414012738853,0.1418964357767316,0.2879234167893961,0.4299065420560747,0.0004603440679425,0.0019346210074804,0.0,0.0103448275862068,0.0,0.0,0.0,1.4624601974959714,0.4911219365088912,1.0,2.7454545454545456,1.0291806958473626,1.2691693290734825,1.811965811965812,17.303030303030305,7.914255831265381,1.0,29.0,12.0,17.0,24.0,33,32282.0,1116.0,88.0,25000.0,0.0345703488011895,0.0027259773248249,978.2424242424242
57787907,1,1289.5588235294117,874.0746095216247,288.0,5602.0,857.0,1117.5,1391.0,63.0,48.908077042549934,10.0,206.0,31.5,48.5,72.75,2.7941176470588234,1.6764705882352942,0.0,5.0,1.0,3.0,4.0,88.17647058823529,20.755538719658727,15.0,127.0,75.0,87.0,99.0,0.0534675228202638,0.0328760610745325,0.0080328454123527,0.1262626262626262,0.0246183565774594,0.0490519703026841,0.0662249583676418,0.0025944947014348,0.001782359995966,0.0,0.0064935064935064,0.0012209333080252,0.0024272225359181,0.0039416031518097,0.1349072430416803,0.0752048001846819,0.0034722222222222,0.3026086956521739,0.0745326173428798,0.1403442525016179,0.1824366899145527,0.2163248929995691,0.0823752940707024,0.0138888888888888,0.4050339164584077,0.1636226642555756,0.2062874563981433,0.2586878946332854,1.2971213614196755,0.3160657829288489,0.7550197628458498,2.057,1.030732692307692,1.2978679245283018,1.4857219492668328,123.81432195255724,101.9713057500972,-50.0,360.0,0.0,176.5874125874126,200.0,0.4885611977823991,0.3258736302977197,0.0,1.0,0.2545955882352941,0.5,0.7291666666666666,2.3690770124192237,2.460288631011413,-0.108366,9.8036745,0.505881386372847,1.5610052150375942,3.637756848214286,0.0001301610408252,0.0006437226238294,0.0,0.0037735849056603,0.0,0.0,0.0,0.0001838661636572,0.0007110028036479,0.0,0.0037735849056603,0.0,0.0,0.0,805.0094117647059,153.6432443020323,495.0,1106.0,690.63,795.0,915.0,167.20124219500929,49.97341911479688,95.15402487341063,288.82724117118823,131.3014398785022,152.31202161859454,201.84863300801027,2.738293909942281,0.3411729802630177,1.8109319683671208,3.1506108927212257,2.60289310183979,2.825407797333612,3.000316588996728,2.3529411764705883,1.4927738282881788,0.0,5.0,2.0,2.0,3.0,0.1901946745047485,0.1362145600835137,0.0408970976253298,0.7402713316672617,0.1107169592809279,0.1496212121212121,0.2107526796942448,0.0,0.0,0.0,0.0,0.0,0.0,0.0,1.7516662635106002,0.5060731275922733,1.0148148148148148,2.6667261692252766,1.296523919290438,1.745502255904785,2.1074104876741044,20.441176470588236,2.1170342250503658,14.0,23.0,19.0,21.0,22.0,34,43845.0,2142.0,95.0,25750.0,0.0488539172083475,0.002166723685711,1289.5588235294117
563323,0,141.64864864864865,44.717259631876594,39.0,236.0,118.0,144.0,174.0,2.027027027027027,3.5979460092886364,0.0,21.0,0.0,1.0,3.0,3.108108108108108,2.6790860057397325,0.0,12.0,1.0,2.0,4.0,18.054054054054053,4.343033850214063,8.0,26.0,15.0,18.0,21.0,0.0169635396576158,0.0277385623581623,0.0,0.1418918918918918,0.0,0.0084745762711864,0.0224719101123595,0.0236348779758424,0.0240524858832586,0.0,0.1265822784810126,0.0084745762711864,0.0188679245283018,0.0308370044052863,0.0082145332103655,0.017557325958042,0.0,0.0886075949367088,0.0,0.0,0.0135135135135135,0.0749245137094378,0.065740571668128,0.0,0.3020833333333333,0.0272108843537414,0.0632911392405063,0.0928571428571428,0.0,0.0,0.0,0.0,0.0,0.0,0.0,0.0,0.0,0.0,0.0,0.0,0.0,0.0,0.0,0.0,0.0,0.0,0.0,0.0,0.0,0.232574679943101,0.2471302319784889,0.0,0.5,0.0,0.0,0.5,0.0,0.0,0.0,0.0,0.0,0.0,0.0,0.0,0.0,0.0,0.0,0.0,0.0,0.0,503.02702702702703,312.90111437584864,123.0,1183.0,254.0,396.0,641.0,141.98937588707346,96.70798781223714,48.73360875435168,444.62121369615176,76.38367030850681,109.85699757159112,175.6897062440193,2.8927932001167473,0.2245697921511976,2.2908326079662023,3.2750529742244905,2.836089463578094,2.9576290873178146,3.0341546700796744,1.4594594594594594,3.133037508894563,0.0,19.0,0.0,0.0,2.0,0.0,0.0,0.0,0.0,0.0,0.0,0.0,0.0,0.0,0.0,0.0,0.0,0.0,0.0,0.0,0.0,0.0,0.0,0.0,0.0,0.0,0.0,0.0,0.0,0.0,0.0,0.0,0.0,37,5241.0,75.0,115.0,28000.0,0.0143102461362335,0.0219423774088914,141.64864864864865
81451870,2,2959.6739130434785,1469.065127960308,189.0,7624.0,2124.75,2687.0,3678.25,111.93478260869566,56.654713980895615,39.0,259.0,69.25,99.0,149.25,4.413043478260869,3.898584397246963,0.0,20.0,1.0,4.0,7.75,48.58695652173913,17.9026061825798,14.0,101.0,37.25,46.0,58.5,0.0490863400510014,0.0435957399341037,0.0101351351351351,0.291005291005291,0.0267609450167596,0.0394898192602113,0.0629379430086787,0.0017158223091286,0.0015944993749158,0.0,0.0063463281958295,0.0002573480641267,0.0015737397594373,0.0026229508196721,0.2594564957269707,0.0892479391250873,0.0396427793509039,0.4853243596934006,0.2005292965332965,0.269166114110979,0.3175928118951429,0.2143404680699771,0.1089844522867586,0.0274450010890873,0.4972789115646258,0.1287048265558528,0.1913588260713661,0.279821668417623,1.4571179201889344,0.4135490132252829,0.5556756756756757,2.7202651515151515,1.2195033511769773,1.4409221077880146,1.6119540430226893,27.684782608695652,56.79878277703441,0.0,270.0,0.0,0.0,25.0,0.5696716914453097,0.233378682706156,0.0,0.965904761904762,0.4420350609756098,0.5741228070175438,0.7647760695187165,1.834260114491444,1.956475350925504,0.2126582882072152,10.555407401999998,0.518851181439394,1.1606358865664843,2.768432511336109,0.0065866316093776,0.0227954097444866,0.0,0.1428571428571428,0.0,0.0,0.0010208153276333,0.0061357589654161,0.0193866663485453,0.0,0.1164021164021164,0.0,0.0,0.0013907006421845,2227.303795652174,284.2189895806936,1387.5,2580.0,2100.0012500000003,2301.75,2424.15,342.39185028298573,130.15012505429996,134.51933479421822,678.500298224615,234.73449192780615,332.6246917422071,423.001758993956,2.0921651542665147,0.4186452269981235,1.3762773284002394,3.026249493335012,1.7850946990404215,2.0776149987867383,2.3094314761001566,32.26086956521739,26.112994252078288,0.0,125.0,9.5,28.0,43.75,0.5384743705540096,0.2401552781604729,0.0,0.8793535803845082,0.3929307511346861,0.5747906028865002,0.7306374510018363,0.0024091889260441,0.005785526975746,0.0,0.0317460317460317,0.0,0.0001823486506199,0.0019428696646101,1.6490810195132113,0.628019860611981,1.01669877970456,4.039739027283511,1.1420488015729116,1.425251146007232,1.9481267886791864,52.91304347826087,14.424957368570148,24.0,71.0,41.5,54.0,68.0,46,136145.0,5149.0,203.0,34750.0,0.037819971354071,0.0014910573285834,2959.6739130434785
57484909,2,2187.3142857142857,1053.8612478860389,49.0,4642.0,1511.0,2259.0,2722.5,122.68571428571428,87.21296477296134,4.0,456.0,66.0,120.0,164.5,1.7714285714285714,1.3327890045360686,0.0,5.0,1.0,2.0,2.5,107.4,38.775691943720176,12.0,165.0,79.5,116.0,133.0,0.0590097297276611,0.0471073181390785,0.0128865979381443,0.2984293193717277,0.0330858601167785,0.0517676767676767,0.0728507676189708,0.0009300150174357,0.000761691784211,0.0,0.0033333333333333,0.0004249379249379,0.0008853474988933,0.0013283950094461,0.17016630024306,0.1021074833805894,0.0,0.4121068504954761,0.0958733925601395,0.1414141414141414,0.2513934906819141,0.1377423270207461,0.1216372336404627,0.0,0.4183848797250859,0.0418858312885287,0.0972375690607734,0.2037668424135911,1.2590972339805473,0.3617845348122028,0.5862220620043259,2.0,1.040916452891791,1.203763505402161,1.5124621706790826,-6.746311858076565,64.58084769398795,-124.0,143.0,-40.0,0.0,0.0,0.4183370391301716,0.3218542169118807,0.0,1.0,0.1623774509803921,0.4062068965517241,0.5215202702702704,7.0464780290199265,20.347409149024205,0.2251463704545454,101.5855414,0.5595571709331975,0.8437900392156863,1.2811022023809524,1.2025012025012024e-05,7.011726665278139e-05,0.0,0.0004208754208754,0.0,0.0,0.0,1.2025012025012024e-05,7.011726665278139e-05,0.0,0.0004208754208754,0.0,0.0,0.0,1793.0382857142856,426.62507206824193,795.25,2505.0,1665.0,1881.8,2003.98,345.11606531704507,128.35232550079692,119.00509202266456,661.6059478248679,276.4664582544116,309.35683932233707,382.161195670722,2.5118898084112393,0.3035932450201188,1.969161493372389,3.1874746355849486,2.2801582793782664,2.5129239478551577,2.672828858549487,54.857142857142854,49.21912686120704,0.0,282.0,27.5,44.0,70.5,0.1355264060734962,0.1341271519692167,0.0,0.5407566902491541,0.0310999427113171,0.0942028985507246,0.1731770182327937,0.0003127796975066,0.0006382409318109,0.0,0.002008032128514,0.0,0.0,0.0,1.2630489010451431,0.3172417278911243,1.0,1.939061547836685,1.0012148680540656,1.0560344827586208,1.5628089235601852,42.2,9.82940195826495,21.0,58.0,37.0,41.0,54.0,35,76556.0,4294.0,62.0,26500.0,0.0560896598568368,0.0008098646742254,2187.3142857142857
12191390,0,517.6785714285714,322.25013061855145,17.0,1124.0,272.25,512.0,765.0,1.0714285714285714,1.6675167899898218,0.0,6.0,0.0,0.0,1.0,2.142857142857143,5.309790725727372,0.0,26.0,0.0,0.5,1.0,15.0,6.2048368229954285,2.0,23.0,10.75,17.0,20.0,0.0056140192312932,0.0164441725701156,0.0,0.088235294117647,0.0,0.0,0.003568376068376,0.0126247023012823,0.02402203263287,0.0,0.0912280701754386,0.0,0.0008305647840531,0.0036737089201877,0.3216948216334363,0.2486404991737398,0.0,0.8046594982078853,0.0630144119092289,0.3316319518198742,0.5160390239605356,0.054018769356685,0.0629723868892126,0.0,0.2607879924953096,0.0013440860215053,0.0228282713917744,0.0980826639253668,0.5914207857440651,0.5876558768264357,0.0,2.0,0.0,0.65,1.014423202614379,0.0,0.0,0.0,0.0,0.0,0.0,0.0,0.3928571428571428,0.4883855118277622,0.0,1.0,0.0,0.0,1.0,0.0196428571428571,0.0711378010251503,0.0,0.3,0.0,0.0,0.0,0.0,0.0,0.0,0.0,0.0,0.0,0.0,0.0,0.0,0.0,0.0,0.0,0.0,0.0,392.52121132142855,171.28560685162526,60.0,732.999,286.00958625,381.826505,524.999235,96.35151464354784,40.02543585206884,16.583123951777,185.87198599584764,74.95456402051727,92.76706273846222,121.94628904167112,2.7029737333278,0.7976998715740274,0.4138168503036337,3.295345877286138,2.6651302099204486,2.9648725305391443,3.167196279248623,1.0,1.625686668105863,0.0,6.0,0.0,0.0,1.0,0.0,0.0,0.0,0.0,0.0,0.0,0.0,0.0002664905192334,0.0008861299066584,0.0,0.0042735042735042,0.0,0.0,0.0,0.1071428571428571,0.3092947870658709,0.0,1.0,0.0,0.0,0.0,1.3928571428571428,3.027720567809172,0.0,9.0,0.0,0.0,0.0,28,14495.0,30.0,60.0,21250.0,0.002069679199724,0.004139358399448,517.6785714285714
54673440,1,1919.782608695652,1992.0754079607257,47.0,8303.0,600.5,1026.0,2321.0,78.95652173913044,48.11442725047064,17.0,164.0,27.5,89.0,124.0,0.4347826086956521,0.7117698062497783,0.0,2.0,0.0,0.0,1.0,22.043478260869566,8.858688983726484,5.0,40.0,15.5,22.0,27.5,0.0881991960629868,0.1050284278172718,0.0055401662049861,0.5106382978723404,0.0326225443448407,0.0517412935323383,0.105904224741796,0.0002673198245066,0.0005198990478622,0.0,0.0019455252918287,0.0,0.0,0.000222479212087,0.0553913400726047,0.0985043998999588,0.0,0.3509043927648579,0.0,0.0136186770428015,0.0466761399865187,0.1200012186914334,0.1851176341196105,0.0,0.7715762273901808,0.0310606687790229,0.0526905829596412,0.0796366644200723,1.2227116284273811,0.4726864938009415,0.0,1.959645569620253,0.9406565916766844,1.3345588235294117,1.5243405752753978,30.00724637681159,20.910118107688028,0.0,52.0,0.0,35.666666666666664,50.5,0.4951531326504354,0.2900297709920918,0.09625,0.9377380952380954,0.273,0.5027272727272728,0.6772299651567943,1.7265711626463491,2.6757986157194105,0.37372864,13.492035806451613,0.4885291561400703,0.8293228260869566,1.3868581045751636,0.0,0.0,0.0,0.0,0.0,0.0,0.0,0.0,0.0,0.0,0.0,0.0,0.0,0.0,1205.8695739130435,475.082013725129,750.0,2535.0,780.0,1200.0,1269.37505,187.981927433455,104.40355281628096,94.8170738738394,489.25194333225465,120.73535797786523,148.36864575500528,190.41473617274104,2.219344102940789,0.4398506596447563,1.5702225373023655,3.1656634407882134,1.8659010976054895,2.161940776584141,2.5236235698218175,24.782608695652176,30.633821209414265,2.0,92.0,4.0,12.0,20.5,0.2363881553580287,0.193488334949175,0.0,0.5327102803738317,0.0631426538074554,0.1856866537717601,0.4339066996854293,0.0001681944327642,0.0007889018181521,0.0,0.0038684719535783,0.0,0.0,0.0,1.387310451353795,0.645548588457564,0.0,2.8468680366427335,1.0,1.1772853185595569,1.5479532974583692,7.869565217391305,4.266190112012549,0.0,15.0,5.0,8.0,11.0,23,44155.0,1816.0,10.0,17500.0,0.0411278450911561,0.0002264749179028,1919.782608695652
110109,0,104.33333333333331,57.92095999582195,33.0,261.0,61.0,82.0,142.0,3.692307692307693,4.512966198114655,0.0,22.0,1.0,2.0,3.5,8.64102564102564,13.102137581496796,0.0,54.0,2.0,4.0,7.0,13.435897435897436,3.6005332354005835,2.0,21.0,11.5,14.0,16.0,0.0414416119926247,0.0492189361424457,0.0,0.2419354838709677,0.0122704004817825,0.0209790209790209,0.0463675213675213,0.0847016743061964,0.0924563080984558,0.0,0.3333333333333333,0.0219837633630737,0.0555555555555555,0.0931774678698386,0.0006930006930006,0.0042719431760006,0.0,0.027027027027027,0.0,0.0,0.0,0.1358411623234243,0.1001233195156751,0.0,0.4130434782608695,0.0724115334207077,0.1290322580645161,0.2018995098039215,0.0,0.0,0.0,0.0,0.0,0.0,0.0,0.0,0.0,0.0,0.0,0.0,0.0,0.0,0.0,0.0,0.0,0.0,0.0,0.0,0.0,0.0128205128205128,0.0790309487560125,0.0,0.5,0.0,0.0,0.0,0.0,0.0,0.0,0.0,0.0,0.0,0.0,0.0,0.0,0.0,0.0,0.0,0.0,0.0,365.84615384615387,188.04044006700187,163.0,1137.0,265.0,312.0,405.0,96.5964882853854,42.760247131201005,52.30275863947179,253.5794534755384,69.89595300901996,84.01539287925182,106.5254517911555,2.8788352293964445,0.3508284041669123,1.728921517708922,3.300942561535526,2.815875999060359,2.9727417564311724,3.1087788074234517,0.0256410256410256,0.158061897512025,0.0,1.0,0.0,0.0,0.0,0.0,0.0,0.0,0.0,0.0,0.0,0.0,0.0,0.0,0.0,0.0,0.0,0.0,0.0,0.0,0.0,0.0,0.0,0.0,0.0,0.0,0.0,0.0,0.0,0.0,0.0,0.0,0.0,39,4069.0,144.0,337.0,29500.0,0.0353895305971983,0.0828213320226099,104.33333333333331
33756276,1,845.7272727272727,384.1343493455219,53.0,1315.0,574.5,970.0,1082.0,14.090909090909092,6.029541599560156,3.0,24.0,8.0,15.5,19.0,4.909090909090909,8.774493463282658,0.0,34.0,0.0,1.0,3.75,50.27272727272727,12.628185712134792,15.0,68.0,47.5,51.5,57.75,0.0248659995305157,0.0207859723369304,0.0064794816414686,0.0830449826989619,0.0096625055173896,0.0159639255801314,0.0323325885380338,0.0058724068096665,0.0097816509436133,0.0,0.0356020942408377,0.0,0.0007672250409068,0.0064535010615289,0.1587583897019631,0.0764414968449975,0.0297029702970297,0.2908011869436201,0.0940069630850187,0.1571220641322399,0.2208289794496691,0.1852084398469805,0.0659995657909794,0.0603174603174603,0.2917903066271018,0.1413405782809356,0.1895300034030325,0.2225109360287018,1.670463411073076,0.3106507026781228,0.7083333333333334,1.957373417721519,1.6037262762643862,1.7706745903866443,1.8475856976219145,0.0,0.0,0.0,0.0,0.0,0.0,0.0,0.4280253837072019,0.3617175621921087,0.0,1.0,0.0,0.5,0.6666666666666666,67.30144886680276,163.71409796998566,0.0,730.8268321333333,0.4351287499999999,0.7883335555555555,1.035818,0.0,0.0,0.0,0.0,0.0,0.0,0.0,0.0,0.0,0.0,0.0,0.0,0.0,0.0,908.6774545454545,135.59257216104402,660.0,1184.08,806.625,882.5525,1000.5875,167.57489245306394,32.93334072612377,111.80535789365062,256.24231379427226,135.78338205787497,174.10822158553114,188.6280632365045,2.5432989523959346,0.2851400196771853,1.756096848853654,2.8452954566379187,2.5044545380197074,2.6187406966860687,2.705095774004322,9.409090909090908,4.4686696302661275,1.0,20.0,6.5,9.0,12.5,0.0311070420725835,0.0328710438831278,0.0,0.1232464929859719,0.0145481912723292,0.0195661194354362,0.0350390079378598,0.0004443027833694,0.0008981859787495,0.0,0.0031413612565445,0.0,0.0,0.0,1.1479966488044535,0.2659832392837691,1.0,1.7875,1.0,1.0007246376811594,1.1359819121447028,17.727272727272727,6.889925571453243,0.0,27.0,17.0,18.5,20.0,22,18606.0,310.0,108.0,16750.0,0.0166612920563259,0.0058045791680103,845.7272727272727
42088280,0,1862.7878787878788,1297.78409647568,6.0,4671.0,878.0,1487.0,2685.0,39.666666666666664,33.60615624217886,3.0,114.0,11.0,22.0,68.0,3.212121212121212,4.0057350988647915,0.0,13.0,0.0,2.0,4.0,27.181818181818183,10.94740745690724,4.0,46.0,20.0,30.0,36.0,0.0432002303749613,0.0863755958027569,0.0027643400138217,0.5,0.0125284738041002,0.0209059233449477,0.0286580325158445,0.0014280734217987,0.0015875611117195,0.0,0.0072727272727272,0.0,0.0011173184357541,0.0021085925144965,0.2075521651160975,0.0937292254755564,0.0,0.3832402234636871,0.1522935779816513,0.2066580198875918,0.2771535580524344,0.1914837669342906,0.1265610824509083,0.0,0.4472727272727272,0.060878243512974,0.2105263157894736,0.2829181494661921,1.2016721909421797,0.5681033426139144,0.0,2.3955325443786983,0.7218464052287581,1.1683967017865324,1.5,33.333333333333336,47.14045207910317,0.0,100.0,0.0,0.0,100.0,0.3781902068818904,0.1618355096942373,0.0,0.6666666666666666,0.2777777777777778,0.4000000000000001,0.5,3.9039969633624234,5.228400295307137,0.0,23.551501175,0.3854386987654321,0.8546215384615384,6.834913970588236,0.0005270092226613,0.0029812143607337,0.0,0.017391304347826,0.0,0.0,0.0,0.0005349171115713,0.0029801518609787,0.0,0.017391304347826,0.0,0.0,0.0,1367.3270909090909,446.26508803552554,375.0,2011.0,1063.4,1470.0,1590.0,194.7232441380106,122.00584441487575,94.09431938775823,738.360320061622,128.6004785256688,155.67126545682015,205.22264586968024,1.8910242465824572,0.3093355688157636,1.2211334681018569,2.529275818225932,1.6646584330832417,1.925576837528346,2.102491761724929,0.8181818181818182,0.8688043143534212,0.0,3.0,0.0,1.0,1.0,0.0023522459281643,0.0076173218109447,0.0,0.0327272727272727,0.0,0.0,0.0,8.478743789320174e-06,4.7963017834972954e-05,0.0,0.0002797985450475,0.0,0.0,0.0,1.3445306995508708,0.3616725516238668,1.0,2.235294117647059,1.0242424242424242,1.25,1.5833333333333333,43.39393939393939,18.789002898922572,0.0,70.0,35.0,48.0,54.0,33,61472.0,1309.0,106.0,25000.0,0.0212942477876106,0.0017243623112961,1862.7878787878788
44934055,1,1196.225806451613,732.0154991166037,209.0,3552.0,620.0,1180.0,1488.0,45.61290322580645,26.166560067475977,9.0,142.0,28.5,39.0,58.0,1.4838709677419355,1.6823748142458448,0.0,6.0,0.0,1.0,2.5,53.45161290322581,16.112184749392096,13.0,87.0,44.0,55.0,65.0,0.0544554413703143,0.0420457742369815,0.0033783783783783,0.2002820874471086,0.0235711009675235,0.0440653873489694,0.0729155642435146,0.0014728726702735,0.0022479099092514,0.0,0.0104712041884816,0.0,0.0007927070947284,0.0018638700414514,0.1373188254835584,0.0747579224545937,0.0108921161825726,0.3103448275862069,0.0725319933989288,0.1388286334056399,0.1765655365144628,0.1451344666445544,0.0967858407822283,0.0028153153153153,0.5023923444976076,0.0643391471473996,0.1425879396984924,0.2031693358341749,1.289865131331637,0.3169952567834698,0.7800443131462335,2.0855737704918034,1.05553908045977,1.2128282828282828,1.4655848946414949,-2.8010752688172045,62.03602851544613,-129.0,140.5,-1.0833333333333337,0.0,12.25,0.4285307681986999,0.3885747404024743,0.0,1.0,0.0,0.4705882352941176,0.8090909090909091,6.186060219979449,6.31688731038474,0.2753926666666667,27.36904761904762,1.8688947368421052,3.5,8.187349088803089,0.000315472674994,0.0016281530742018,0.0,0.0092165898617511,0.0,0.0,0.0,0.0003245543373014,0.0016302925490018,0.0,0.0092165898617511,0.0,0.0,0.0,1188.901129032258,276.2175896144831,810.0,1650.0,952.2175,1080.0,1433.25,168.45873869007158,75.76674466693622,77.11496981981666,473.8255407481206,125.4432901696269,139.82783613841124,193.1680956110322,2.244521069071169,0.2871698211183673,1.528381250121534,2.8603969616225458,2.1065001016864633,2.2838763185399023,2.4152024413956177,8.870967741935484,7.761534332366752,0.0,35.0,5.0,6.0,10.5,0.4169034394049596,0.1352426861426004,0.0046082949308755,0.6512992455993294,0.3423570335838199,0.4156104069379586,0.4961937645359261,0.0006472114867954,0.0012478704059377,0.0,0.0036866359447004,0.0,0.0,0.0,1.2312117435072862,0.2540787508519384,1.0,1.9249394673123488,1.015464020246707,1.1422708618331054,1.3374633676661016,41.87096774193548,11.502431539528503,7.0,53.0,39.0,45.0,50.5,31,37083.0,1414.0,46.0,23500.0,0.0381306798263355,0.0012404605884097,1196.225806451613
29270946,2,605.125,263.7789972211586,4.0,1131.0,423.0,575.0,803.75,23.125,13.168973953957082,1.0,57.0,10.75,24.5,31.25,3.0,3.553167600887974,0.0,13.0,0.0,1.0,5.25,41.1875,13.902422226000764,4.0,64.0,35.5,41.0,45.5,0.0493738770953762,0.0439210917966592,0.0126353790613718,0.25,0.0202201172250336,0.0338530148901665,0.064859767098573,0.0151749141507166,0.0442354669501251,0.0,0.25,0.0,0.0024790428692699,0.0088731856378915,0.1525407300222417,0.0780330900637311,0.0,0.3274244004171011,0.0911533213119547,0.1376435431290199,0.2166862730681567,0.198578131944806,0.1150949963300833,0.0,0.4527896995708154,0.115347711989503,0.1771904984008528,0.2711411717797166,1.418682298891161,0.3783826421480673,0.0,1.9426530612244897,1.4078481012658226,1.4753392857142855,1.6087840746054518,-12.65625,34.6848394249923,-90.0,90.0,-21.0,0.0,0.0,0.4696331765232975,0.4117426034825232,0.0,1.0,0.0,0.5,0.8338709677419356,0.9438515652829168,1.274868298532276,0.0,7.676470588235294,0.3361904761904762,0.7357938888888889,1.0647321428571428,0.0016658201290802,0.003709703150635,0.0,0.0188679245283018,0.0,0.0,0.0021121109387961,0.0,0.0,0.0,0.0,0.0,0.0,0.0,773.4609375,175.5531003777663,330.0,1207.5,690.0,783.75,811.875,129.09953337966888,36.54981768193829,63.645632852852266,190.83223520038376,98.72066018821693,132.46872400019322,163.0098028735179,2.4822784977129344,0.3617501122074792,1.5,3.06488710371403,2.239301502113612,2.529746428581239,2.795740144281335,6.53125,9.16168780506627,0.0,28.0,0.0,3.0,7.25,0.0067726205790293,0.0151417571168657,0.0,0.0594758064516129,0.0,0.0,0.0004761904761904,0.0001100352112676,0.0006126501279522,0.0,0.0035211267605633,0.0,0.0,0.0,1.1696561323455454,0.3816593548785607,1.0,2.7167381974248928,1.0,1.006558395089762,1.1544179229480735,6.28125,1.7719053127918545,0.0,9.0,5.0,6.0,7.0,32,19364.0,740.0,96.0,24250.0,0.0382152447841355,0.0049576533774013,605.125
34684470,1,1003.2333333333332,364.80759159985814,149.0,1828.0,775.25,1011.0,1244.0,22.633333333333333,14.302641558661657,4.0,59.0,12.25,16.0,30.75,1.5333333333333334,1.6679994670929073,0.0,5.0,0.0,1.0,2.75,68.56666666666666,18.05488545765076,24.0,110.0,56.25,69.0,77.75,0.0236917902346932,0.0122197982859267,0.0038293216630196,0.0534904805077062,0.0149562341607203,0.0217404409335657,0.0313880269088767,0.0016965745191834,0.0018629006683186,0.0,0.0067114093959731,0.0,0.0013706561206917,0.0024012892828364,0.1129627941338015,0.0736266607861928,0.0254826254826254,0.3413654618473896,0.0654754618896073,0.0850684870783279,0.1644014956118333,0.1277305801652758,0.0789299758463673,0.0329411764705882,0.3116465863453815,0.0651288817413758,0.0907308791895463,0.1889012303485988,1.2002262930721206,0.2164395705991507,0.7085600907029479,1.5880606060606062,1.1126884517126627,1.2216001631986946,1.307364157119476,12.045899470899467,21.52212230795922,-45.0,57.5,0.0,4.75,26.3125,0.3688244631185807,0.4456419914200825,0.0,1.0,0.0,0.0,0.917016806722689,10.17715719389124,17.96450655203609,0.0,100.0,1.65,4.887499999999999,13.55859375,0.0,0.0,0.0,0.0,0.0,0.0,0.0,0.0,0.0,0.0,0.0,0.0,0.0,0.0,684.1359833333333,174.76526256679668,408.5,966.213,482.495125,690.0,840.0,111.6523546083602,25.165944011530655,63.48143158661056,174.10610623525898,92.876676974803,108.8020012533641,126.173273442938,2.476349321363276,0.2895927330713209,1.9372295473243983,3.071876744497567,2.282342592369282,2.47312829725992,2.6634228670223936,12.3,6.938539711879822,3.0,26.0,9.0,9.0,18.75,0.1452415563646963,0.1054599100595261,0.0115303983228511,0.4189902034664657,0.0546038518644311,0.1201635514018691,0.2125887123010374,0.0023939517428108,0.0035494539997068,0.0,0.0113177041228779,0.0,0.0,0.0056096905990447,1.355870800938569,0.3637338085031273,1.0,2.1104166666666666,1.0010373443983402,1.2576356589147286,1.5957078541162226,22.966666666666665,8.166938770977097,8.0,39.0,18.25,23.0,26.0,30,30097.0,679.0,46.0,22750.0,0.022560388078546,0.0015283915340399,1003.2333333333332
15171074,0,2328.2,1237.3478734777864,560.0,3676.0,1139.0,3098.0,3168.0,6.8,4.308131845707603,0.0,12.0,4.0,8.0,10.0,2.2,1.6,0.0,4.0,1.0,2.0,4.0,14.4,4.586937976471886,8.0,20.0,11.0,14.0,19.0,0.0029471688181375,0.0023744820543663,0.0,0.0070237050043898,0.0012911555842479,0.0031565656565656,0.0032644178454842,0.0007777142245875,0.0004463873392815,0.0,0.0012911555842479,0.0006313131313131,0.0008779631255487,0.001088139281828,0.2633110613417116,0.0476043368471909,0.1878841088674275,0.3198837959974177,0.2489118607181719,0.2509469696969697,0.3089285714285714,0.3388028952636295,0.0614444478078382,0.225,0.3948863636363636,0.3257243195785777,0.3670109748224661,0.3813928182807399,1.0583325365087388,0.9018462053990164,0.0,1.9995255474452556,0.0,1.2926666666666666,1.999470468431772,0.0,0.0,0.0,0.0,0.0,0.0,0.0,0.8,0.4,0.0,1.0,1.0,1.0,1.0,0.7932881333333333,0.5948669904647629,0.0,1.572604,0.5,0.5,1.3938366666666664,0.0,0.0,0.0,0.0,0.0,0.0,0.0,0.0,0.0,0.0,0.0,0.0,0.0,0.0,486.2404,181.8934128478544,273.161,825.0,444.347,444.347,444.347,88.04645917793644,11.584344961357598,73.16496991584685,107.99454498405171,81.13846424505007,87.92202131752737,90.0122954272062,2.887508622055591,0.2954394905329688,2.3432956051342497,3.2280219324631525,2.871984300535713,2.992952381746424,3.0012888903984187,6.0,3.5777087639996634,0.0,10.0,4.0,8.0,8.0,0.0,0.0,0.0,0.0,0.0,0.0,0.0,0.002712092263692,0.0023664102420305,0.0,0.0070237050043898,0.0012911555842479,0.0025252525252525,0.0027203482045701,0.2,0.4,0.0,1.0,0.0,0.0,0.0,1.8,0.4,1.0,2.0,2.0,2.0,2.0,5,11641.0,34.0,11.0,4000.0,0.0029207112790997,0.0009449360020616,2328.2
37532886,1,1463.6,658.0626110029349,226.0,2827.0,1030.0,1397.0,1970.0,34.96,18.407563662799053,5.0,81.0,17.0,37.0,50.0,1.36,1.646329250180534,0.0,7.0,0.0,1.0,2.0,47.32,10.232184517491854,16.0,62.0,41.0,47.0,57.0,0.0305454743285722,0.0269386608043458,0.0063974410235905,0.1255813953488372,0.0116550116550116,0.0216680294358135,0.0351617440225035,0.0009700699665786,0.0011129095385025,0.0,0.004343105320304,0.0,0.0008176614881439,0.0014064697609001,0.2173900976933965,0.1140295724569212,0.0544217687074829,0.4299602297834732,0.1197969543147208,0.2021996615905245,0.3111201962387571,0.270663768537758,0.1131529897863143,0.1194690265486725,0.5327669902912622,0.1891472868217054,0.2459016393442623,0.38,1.2176125365760804,0.4699205510260682,0.5286206896551724,1.9460360360360365,0.77,1.320828025477707,1.6908713692946058,13.68969696969697,34.78129943062284,-100.0,100.0,0.0,0.0,40.0,0.5515188608446923,0.2449680731553614,0.0,1.0,0.3945945945945945,0.4740740740740741,0.73,6.795166962316528,15.387736580440713,0.1916666666666666,65.60000000000001,0.5932432432432432,1.4842105263157894,2.8400000000000003,0.0,0.0,0.0,0.0,0.0,0.0,0.0,0.0,0.0,0.0,0.0,0.0,0.0,0.0,1318.032312,387.8718916117747,602.0,1947.0,995.708,1389.0,1605.0,231.7633298871146,90.64771159843627,122.6376646531179,547.51486106492,166.09177516260348,228.4330557240648,244.4592026378882,2.5983054745569603,0.3435382902753269,1.8797051983720268,3.113289855260952,2.463347850613013,2.6424529833703794,2.885628227895701,7.2,4.214261501141095,0.0,19.0,6.0,7.0,9.0,0.1441470878396364,0.1691712446153126,0.0,0.488155668358714,0.0,0.0805309734513274,0.2264416315049226,0.0009548632915747,0.0021736845465798,0.0,0.0088495575221238,0.0,0.0,0.0,1.501114564464794,0.4927161588317759,1.0,2.7652582159624415,1.006720430107527,1.472972972972973,1.7731277533039649,10.04,4.5561387160621,5.0,19.0,6.0,9.0,12.0,25,36590.0,874.0,34.0,19000.0,0.0238863077343536,0.0009292156326865,1463.6
1325476,1,720.7714285714286,181.9566801999524,2.0,868.0,740.5,762.0,788.5,2.2285714285714286,10.78381250972484,0.0,64.0,0.0,0.0,0.0,46.714285714285715,11.994216293272183,0.0,53.0,50.0,50.0,50.0,7.771428571428571,2.268866479553351,1.0,17.0,7.0,8.0,8.0,0.0367459460337309,0.1710208976836211,0.0,1.0,0.0,0.0,0.0,0.0644124346019689,0.0279399705181569,0.0,0.2,0.0594252802133236,0.0655307994757536,0.0673854447439353,0.0604982849051096,0.0166098081179733,0.0,0.092,0.0577276819544927,0.064516129032258,0.0684032977144855,0.0788847931257132,0.0211992028101796,0.0,0.132,0.0800524934383202,0.082210242587601,0.083925147953655,0.0,0.0,0.0,0.0,0.0,0.0,0.0,0.0,0.0,0.0,0.0,0.0,0.0,0.0,0.0857142857142857,0.279941684889506,0.0,1.0,0.0,0.0,0.0,0.0,0.0,0.0,0.0,0.0,0.0,0.0,0.0,0.0,0.0,0.0,0.0,0.0,0.0,0.0,0.0,0.0,0.0,0.0,0.0,0.0,316.72857142857146,58.3951249013554,0.0,399.5,304.0,334.0,334.0,99.42019476231722,17.43499984733723,0.0,122.66546182552952,100.89454837023008,101.87937955266806,102.53939449064418,3.0758406639500673,0.5325878892717214,0.0,3.2641890424467896,3.130935576640236,3.1835007708124525,3.2116115266834626,2.2285714285714286,10.78381250972484,0.0,64.0,0.0,0.0,0.0,0.0,0.0,0.0,0.0,0.0,0.0,0.0,0.0341791784069962,0.1684070615765444,0.0,1.0,0.0,0.0,0.0,0.0,0.0,0.0,0.0,0.0,0.0,0.0,0.0,0.0,0.0,0.0,0.0,0.0,0.0,35,25227.0,78.0,1635.0,26500.0,0.0030919253181115,0.0648115114757997,720.7714285714286
80202147,2,3989.925925925926,2688.9303797431467,62.0,16740.0,3135.75,3662.0,4720.0,190.8148148148148,141.62640919165204,52.0,992.0,108.5,167.0,228.0,5.62962962962963,3.6428331276849786,0.0,14.0,3.0,6.0,8.0,115.87037037037037,47.642980243992845,5.0,201.0,94.5,123.0,145.0,0.10333029425164,0.2015646279710474,0.0083028894055131,1.0,0.0333899653415831,0.0513202490073888,0.0686398985175871,0.0018056648440681,0.0019780911251345,0.0,0.0137931034482758,0.0008466263648109,0.0016183768105482,0.0022988725020215,0.2491318238038211,0.0823309870474564,0.0,0.3727230266230733,0.2029376070621329,0.270428629556484,0.3113520313500508,0.2609848414227165,0.1004568227768799,0.0,0.4082677165354331,0.2012722820383255,0.2894847651243071,0.3291324893596581,1.479009308894158,0.6249141241290246,0.0,2.902396694214876,1.080229931769474,1.492134964797862,1.9795327657212105,38.23092268556005,55.48869373967985,-98.1818181818182,138.88118811881188,0.425531914893617,25.0,70.0,0.606637138218533,0.2470465586953068,0.0,1.0,0.4867376532208589,0.5663434452871072,0.7967158129699248,2.1903960483111735,5.564025441388295,0.0984526197183098,36.89113388916084,0.5020837995605911,0.7855021020238095,1.3273923500228937,0.0013059934025041,0.0074613021595503,0.0,0.0551181102362204,0.0,0.0,0.0,0.0011474625305524,0.0074380962587763,0.0,0.0551181102362204,0.0,0.0,0.0,2015.1582777777776,319.9680841924601,1191.4799999999998,2558.0,1815.0,2046.27,2272.5,261.29771288693837,73.76005567104185,155.0478029995836,508.3965178788938,213.9885692011199,239.7978893864367,287.8277572827112,1.9587831026609328,0.2702694471586374,1.418518763359131,2.994280038722204,1.7954055846590355,1.9555596760471057,2.144912611213712,68.27777777777777,65.20946780459127,2.0,280.0,26.25,41.5,85.0,0.5274255077261463,0.1816757596193993,0.0,0.8098471986417657,0.4376077020872631,0.5184901049915067,0.6897296102556547,0.0054521407685264,0.0100482396799451,0.0,0.0450563204005006,0.0,0.0012801520676045,0.0055022800920834,2.8806300068374977,0.8588852866847919,1.2692307692307692,5.1028708133971294,2.4078682916450687,2.6361345246351977,3.082274129777052,58.18518518518518,18.737043992004157,0.0,99.0,49.25,56.0,67.5,54,215456.0,10304.0,304.0,40750.0,0.0478241497103817,0.0014109609386603,3989.925925925926
62090339,2,2771.64406779661,1949.32254866556,727.0,13586.0,1558.5,2448.0,3145.5,41.42372881355932,31.08937547542378,3.0,170.0,18.5,39.0,54.5,1.4576271186440677,1.959955325487968,0.0,9.0,0.0,1.0,2.0,36.33898305084746,7.455199913179756,14.0,55.0,31.0,36.0,41.0,0.0200862130698635,0.021767282989507,0.00064495324089,0.1457541191381495,0.0075282586620916,0.0130494505494505,0.0263881279281209,0.0007705702917133,0.0016382411481097,0.0,0.0114068441064638,0.0,0.000322476620445,0.0008198976774868,0.2604599508269793,0.096872685991111,0.0518134715025906,0.4794283239497618,0.2149019006684782,0.2662931288705397,0.3085802683986195,0.197182698705375,0.1117717543780896,0.0228928199791883,0.4501537110232762,0.0866676117019601,0.216244359597362,0.2835073839149726,1.1404428941872575,0.3592647837017496,0.5834528437724982,2.303972602739726,0.8918541640878905,1.0952890173410406,1.3275334448160536,0.0,0.0,0.0,0.0,0.0,0.0,0.0,0.5616558530118526,0.4018828843159529,0.0,1.0,0.0,0.625,0.9713636363636364,2.1326318748917896,2.074733064688068,0.4166666666666667,13.0,0.8989895470383275,1.09912125,2.778135562056738,0.0001774663430714,0.0010510525190884,0.0,0.0077071290944123,0.0,0.0,0.0,0.0002218329288393,0.0013138156488605,0.0,0.0096339113680154,0.0,0.0,0.0,1459.1849545762711,490.8267844089894,611.25,2475.0,1050.0,1431.15002,1813.7575,221.90476898838563,109.89168046486552,83.38100482433684,641.0247979533863,149.67450654252548,201.09949452715267,252.57524977159775,2.237517095036844,0.3439380895054231,1.4750446843365197,3.0189761831861897,1.9891590966491843,2.2760626272964037,2.4420486622786015,12.542372881355933,9.896621635344198,0.0,39.0,3.0,12.0,20.0,0.4014822575344806,0.2485112570628686,0.0151580770896491,0.86781929726715,0.1706356193181743,0.4224890829694323,0.5768266206637562,0.0003266792663006,0.0006642435435878,0.0,0.0026350461133069,0.0,0.0,0.0001066780456582,1.8135171649856427,0.6522374613539003,1.0,3.623065015479876,1.1867702448210924,1.8215560314061383,2.263527541977902,15.76271186440678,6.538903093236708,1.0,30.0,10.0,20.0,20.0,59,163527.0,2444.0,86.0,44500.0,0.014945544160903,0.0005259070367584,2771.64406779661
61070967,0,584.4477611940298,467.29265602573383,3.0,2211.0,120.0,572.0,903.0,73.67164179104478,35.16544609125639,3.0,167.0,49.5,66.0,87.0,0.3432835820895522,1.333296205022525,0.0,8.0,0.0,0.0,0.0,17.53731343283582,9.98555427980311,2.0,40.0,8.0,18.0,25.0,0.3190624366333711,0.3267483368846617,0.031659882406151,1.0,0.0958166091805881,0.1520979020979021,0.4517597087378641,0.0003391121722113,0.0012742839675682,0.0,0.0060975609756097,0.0,0.0,0.0,0.1646329308099965,0.1139859151069821,0.0,0.4481546572934973,0.054563492063492,0.1730103806228373,0.2450281425891182,0.1179371428660378,0.0917702002580548,0.0,0.3164556962025316,0.0193610842207163,0.1188004613610149,0.175718472301002,2.396134249797674,2.4550596793266104,0.0,10.0,1.2704446396000812,1.7163172804532576,2.360149462052922,1.7164179104477613,13.94424502288262,0.0,115.0,0.0,0.0,0.0,0.560250887868339,0.3450534470978099,0.0,1.0,0.3166666666666666,0.5945945945945946,0.8684199134199134,1.0870667950086674,0.8166996261375424,0.0,5.796176814545453,0.6227652628205128,0.9260625225806453,1.2653322526610644,0.0,0.0,0.0,0.0,0.0,0.0,0.0,0.0,0.0,0.0,0.0,0.0,0.0,0.0,2140.7852776119403,704.0027185364106,0.0,2805.0,2123.9885,2385.0,2550.0,592.747243646724,252.62360795545464,0.0,1055.049806024702,478.4301400882882,641.0877393738459,725.4046942805741,1.8564745029258192,0.7792145429483502,0.0,3.09220224046755,1.369137570249102,1.985139570240661,2.4316292569557434,30.73134328358209,21.04833250356578,0.0,136.0,18.5,26.0,38.5,0.4247963317339815,0.2914883527256938,0.0,0.8998272884283247,0.0561224489795918,0.5533536585365854,0.6617297297297298,0.0048556844099448,0.0168683730287991,0.0,0.1176470588235294,0.0,0.0,0.0020752855223379,2.243973143551892,0.8758562657108061,0.0,3.778989098116947,1.748970338946956,2.252032520325203,2.902828391734052,7.388059701492537,5.391965343461737,0.0,18.0,2.0,8.0,11.0,67,39158.0,4936.0,23.0,50500.0,0.1260534245875683,0.0005873640124623,584.4477611940298
38912874,2,1495.3793103448277,388.86434242974434,126.0,2061.0,1259.0,1558.0,1786.0,92.96551724137932,43.88109541792785,9.0,188.0,69.0,90.0,117.0,5.827586206896552,8.554365554246079,0.0,42.0,1.0,4.0,5.0,34.89655172413793,9.628781666714415,15.0,53.0,30.0,35.0,40.0,0.0634744365386129,0.0279105803146687,0.0225563909774436,0.1313050440352282,0.0438401775804661,0.0577663671373555,0.0721461187214611,0.0034873423822239,0.0046430742772069,0.0,0.0210843373493975,0.0009132420091324,0.002219755826859,0.0033003300330033,0.163120109155142,0.1625660607902085,0.0,0.7320837927232635,0.0474967907573812,0.1032186459489456,0.2292237442922374,0.157265723759466,0.1623250381932487,0.0,0.6447841726618705,0.059194565744784,0.0956090651558073,0.1862230005837711,1.7919431940236896,0.270863356966901,1.0806451612903225,2.0,1.768637532133676,1.8910040160642572,1.954029535864979,49.169798437743864,50.26090003565869,0.0,163.33333333333334,0.0,60.0,100.0,0.364176245210728,0.364835162855156,0.0,1.0,0.0,0.25,0.6666666666666666,1.288970918476088,0.7992676776002371,0.35,4.1383600000000005,0.90125,1.103125,1.4555555555555555,0.0,0.0,0.0,0.0,0.0,0.0,0.0,0.0,0.0,0.0,0.0,0.0,0.0,0.0,1476.8299620689654,631.2662346052621,644.0,2507.404,765.0,1349.9999,2078.329,225.7976549618778,72.44871019515597,110.28503584118582,353.7566748262889,165.1924473613896,215.43137006206305,280.7718630590616,2.367544023623222,0.450171337837818,1.376420091688359,3.2601450053562298,2.0398420038754845,2.4074495668455467,2.6765856566586246,66.17241379310344,35.754014932994245,2.0,156.0,37.0,63.0,92.0,0.0113733548169682,0.0193238347393054,0.0,0.0818345323741007,0.002426006792819,0.0063445583211322,0.0079365079365079,4.311466990227499e-05,0.00016062090397,0.0,0.0007262164124909,0.0,0.0,0.0,1.203931378243774,0.2239156930708268,1.0,1.9087591240875912,1.0203619909502262,1.149453219927096,1.2862745098039217,12.448275862068966,1.8305116468947584,10.0,16.0,11.0,12.0,14.0,29,43366.0,2696.0,169.0,22000.0,0.0621685191163584,0.0038970622146381,1495.3793103448277
1757461,0,85.4,52.982045476341725,4.0,195.0,38.5,77.0,129.5,0.2857142857142857,0.5642405045180429,0.0,2.0,0.0,0.0,0.0,0.2,0.4,0.0,1.0,0.0,0.0,0.0,8.8,3.249615361854384,2.0,15.0,7.0,9.0,10.5,0.0111680285692437,0.0428257002170963,0.0,0.25,0.0,0.0,0.0,0.0014375247049733,0.0029518265479625,0.0,0.0098039215686274,0.0,0.0,0.0,0.0337117817801495,0.0415795663797404,0.0,0.1538461538461538,0.0,0.0147058823529411,0.0604387674099732,0.1516551228817854,0.1811700245397299,0.0,0.6129032258064516,0.0,0.0375,0.2806593502308161,0.0,0.0,0.0,0.0,0.0,0.0,0.0,0.0,0.0,0.0,0.0,0.0,0.0,0.0,0.0,0.0,0.0,0.0,0.0,0.0,0.0,0.74,2.2688197057375135,0.0,10.0,0.0,0.0,0.0,0.0,0.0,0.0,0.0,0.0,0.0,0.0,0.0,0.0,0.0,0.0,0.0,0.0,0.0,259.92857142857144,102.69261643072376,50.5,492.5,183.75,270.0,336.25,87.16680743415169,38.68312064344755,15.527214817860928,158.69196884225025,50.034592514645425,85.18504903355824,120.90957798762736,2.4307243089103787,0.5398921219546324,0.8112781244591328,3.2892110099067255,2.070463437114827,2.5108995654298583,2.823732204350907,0.2857142857142857,0.5642405045180429,0.0,2.0,0.0,0.0,0.0,0.0,0.0,0.0,0.0,0.0,0.0,0.0,0.0111680285692437,0.0428257002170963,0.0,0.25,0.0,0.0,0.0,0.0,0.0,0.0,0.0,0.0,0.0,0.0,0.0,0.0,0.0,0.0,0.0,0.0,0.0,35,2989.0,10.0,7.0,26500.0,0.003345600535296,0.0023419203747072,85.4
36652594,0,1335.354838709677,836.0444712815569,63.0,4721.0,929.5,1182.0,1410.0,308.9032258064516,244.7467888139811,15.0,615.0,42.0,227.0,561.5,2.870967741935484,5.88459955873816,0.0,24.0,0.0,0.0,2.0,35.806451612903224,8.588887624992859,15.0,56.0,31.0,34.0,39.0,0.2625110067132705,0.1934297855373515,0.0094458438287153,0.5073339085418465,0.0452707174604716,0.2967320261437908,0.4491131631082655,0.0019359906170166,0.0038190793172436,0.0,0.0151133501259445,0.0,0.0,0.0022617186253549,0.1727959441803919,0.069148512551792,0.0158730158730158,0.336628372962864,0.1325970082448743,0.1671641791044776,0.2103156077578357,0.2320325258895724,0.0949144212348472,0.0306965761511216,0.4058242051830082,0.1950436869029834,0.2418244406196213,0.2775307732522218,1.3734230726119876,0.8254648182207039,0.6616492146596858,4.759090909090909,0.7119373290100315,1.251439393939394,1.9564379986702127,0.0,0.0,0.0,0.0,0.0,0.0,0.0,0.6316952072005246,0.1797893655978511,0.42,0.9764705882352942,0.4749019607843137,0.5555555555555556,0.8184374999999999,0.5257309987915743,0.7347667089378587,0.2192405154362416,4.137763176470588,0.2241957689219774,0.3164983636363636,0.4973545714285713,8.43348091924942e-05,0.0004619207737762,0.0,0.0026143790849673,0.0,0.0,0.0,0.0,0.0,0.0,0.0,0.0,0.0,0.0,1595.8812580645165,485.90415406160145,662.659,2010.0,1199.56,1980.0,2010.0,307.443889060101,114.82696677996114,152.12909988149528,460.831146880297,181.7609734877973,318.6983034324557,418.1413672071635,2.3785239988354574,0.3099318522828848,1.4713488188235404,2.904615568863836,2.2277535647426343,2.3213890426084416,2.608070704798896,11.516129032258064,12.990991836136937,0.0,43.0,0.0,5.0,21.0,0.0993476052669171,0.1490770853140028,0.0,0.6094042212129308,0.0,0.0182012847965738,0.1972588366450259,0.0056272023938461,0.0077696382485204,0.0,0.0272727272727272,0.0,0.001081081081081,0.0090178088422162,2.049952125212255,0.864098038699149,1.013793103448276,5.131958087753765,1.6527777777777777,2.0,2.0,13.870967741935484,4.930104595395524,2.0,23.0,9.0,16.0,17.0,31,41396.0,9576.0,89.0,23500.0,0.2313266982317132,0.0021499661803072,1335.354838709677
36301959,1,1799.4782608695652,898.891291467014,621.0,3802.0,1081.5,1566.0,2090.0,59.26086956521739,54.263621725075794,9.0,258.0,27.5,40.0,70.5,0.9130434782608696,1.0999226644063929,0.0,4.0,0.0,1.0,1.5,63.130434782608695,27.288003970252745,22.0,130.0,44.5,52.0,78.0,0.0451469997799454,0.048649150610885,0.0078947368421052,0.1647509578544061,0.0127591691637164,0.0260355029585798,0.045411754884758,0.0005182232643536,0.000579011188785,0.0,0.0020060180541624,0.0,0.0005802146794313,0.0009258767791987,0.1652757050072095,0.0582529435846429,0.0415647921760391,0.2689210950080515,0.1213633040935672,0.178698224852071,0.2124024094682302,0.2546327124390467,0.1082139763537018,0.0449666376559326,0.4508762612851832,0.1789860471687042,0.280559646539028,0.3226426665340692,1.1552363995050507,0.2115840894982483,0.7765436241610738,1.7050594451783352,1.040223794763031,1.1609285714285715,1.264074623673164,0.0,0.0,0.0,0.0,0.0,0.0,0.0,0.6732120389834616,0.2282510778805153,0.1153846153846153,1.0,0.5906038647342995,0.6666666666666666,0.8386842105263158,1.3023641505414327,1.606718254977542,0.0797896296296296,6.157848571428572,0.3674311798523206,0.7097545454545455,1.2669110289855072,0.0001726764572361,0.0005611990149147,0.0,0.0021321961620469,0.0,0.0,0.0,0.0002035778508889,0.0006760590423418,0.0,0.0028429282160625,0.0,0.0,0.0,1471.4119478695654,421.2474244469332,904.9704,2380.908,1178.28095,1462.0238,1612.5,211.07328084542655,103.12030575088372,90.92655887713146,507.0201646945003,143.50803044193796,178.78648222688554,241.3795019369357,1.8418938125711224,0.3903675107312699,0.6823259757148102,2.418006303173824,1.576717668180525,1.948375947233195,2.115898168584227,16.695652173913043,10.394123685206216,5.0,41.0,8.5,13.0,24.5,0.3619850963841564,0.1256657853600978,0.0191897654584221,0.5310513447432763,0.3152293849058868,0.3832528180354267,0.449578370407091,0.0006221032610911,0.0012024967909246,0.0,0.0046022353714661,0.0,0.0,0.0006755216312832,1.5915868761075456,0.5382357286534761,1.0,2.71118530884808,1.1058341785537025,1.6055776892430278,1.8548589115171077,12.521739130434783,5.315028448673435,4.0,20.0,8.5,11.0,18.0,23,41388.0,1363.0,21.0,17500.0,0.0329322508939789,0.000507393447376,1799.4782608695652
26618473,0,513.04,244.93631498820255,87.0,868.0,307.0,513.0,731.0,46.8,12.550697191789784,24.0,76.0,36.0,46.0,57.0,0.56,0.7525955088890712,0.0,3.0,0.0,0.0,1.0,46.08,12.396515639485154,19.0,79.0,41.0,46.0,48.0,0.1177639471983747,0.0645137789822915,0.0344827586206896,0.3218390804597701,0.0698795180722891,0.0986301369863013,0.1449704142011834,0.001779927354578,0.0036910301550504,0.0,0.0184049079754601,0.0,0.0,0.0019493177387914,0.1537323934738718,0.0669647169298035,0.0,0.2552204176334107,0.0948616600790513,0.1536351165980795,0.2218934911242603,0.2094073985584429,0.103025625549559,0.0,0.3686635944700461,0.1242603550295858,0.2016129032258064,0.3132694938440492,1.1654638277499274,0.3738447913346857,0.5,1.7996951219512194,0.8595999999999999,1.1511764705882352,1.4899999999999998,0.0,0.0,0.0,0.0,0.0,0.0,0.0,0.3450513923812685,0.3169531418577879,0.0,1.0,0.0,0.375,0.5555555555555556,1.231463046479231,0.6107317543659552,0.0,3.076875,0.7957333333333333,1.2307851851851852,1.546393043478261,0.0,0.0,0.0,0.0,0.0,0.0,0.0,0.0,0.0,0.0,0.0,0.0,0.0,0.0,1235.980624,223.2215154266296,847.5,1665.0,1062.75,1155.0,1389.0,232.93422431920308,45.86867400187347,156.46136876199134,348.2622252309919,201.9319568486906,220.0318612863715,274.31135775409047,2.390379324946627,0.2789872854883095,1.877558936361444,2.946747223998506,2.118997485611955,2.337476218764175,2.622114398238842,22.64,5.447054249775745,15.0,36.0,18.0,21.0,28.0,0.0,0.0,0.0,0.0,0.0,0.0,0.0,0.0034620905027779,0.0079274279019152,0.0,0.0368098159509202,0.0,0.0,0.0,1.2591084038558782,0.24821354839695,1.0,1.815217391304348,1.0,1.253822629969419,1.4729493891797556,7.48,2.3172397372736384,0.0,10.0,6.0,8.0,9.0,25,12826.0,1170.0,14.0,19000.0,0.0912209574302198,0.0010915328239513,513.04
51053748,1,1415.8064516129032,616.0092908471345,94.0,2309.0,874.5,1656.0,1940.0,59.064516129032256,21.814371533716717,17.0,114.0,45.0,57.0,67.5,2.161290322580645,3.0595885680979036,0.0,11.0,0.0,1.0,2.5,64.64516129032258,33.160945146942076,18.0,112.0,25.5,82.0,91.5,0.061073122260337,0.0638710850575714,0.0158567774936061,0.3297872340425531,0.0292899914940502,0.0417439703153988,0.0675070923402725,0.0012936278880003,0.0017444579603691,0.0,0.0066006600660066,0.0,0.0006317119393556,0.0014277654086159,0.0959796687157051,0.0739435527449598,0.0,0.2703385548256695,0.0116084571122708,0.1052631578947368,0.1416511216339025,0.0996550792137239,0.0815321568620105,0.0,0.2400627615062761,0.0087953945908631,0.09765625,0.1717869351611525,1.2111857854435204,0.2258873896584222,0.9551623376623376,1.7692307692307692,1.0351491492146596,1.090938775510204,1.4147089899431822,27.326962095463045,39.42169462746879,-14.0,192.0,0.0,22.0,38.0,0.4146771633384536,0.3052781669829171,0.0,1.0,0.1241666666666666,0.4907142857142857,0.5691666666666666,1.4533117655569414,1.0414703580685485,0.5808085568181819,4.8395063333333335,0.8220354688328912,0.9433791232876712,1.6334417283783784,4.922390312735864e-05,0.000269610421113,0.0,0.0015259409969481,0.0,0.0,0.0,4.922390312735864e-05,0.000269610421113,0.0,0.0015259409969481,0.0,0.0,0.0,1254.0175322580644,401.7969265446875,408.5,1797.75,913.2405,1274.642,1675.2955000000002,202.2194971006915,57.34704272369247,84.37649536515451,300.36504758103194,163.39389739618176,182.9320789493672,263.2515077394813,2.2460325537618884,0.521447549106381,0.9679569452122628,2.882082986521366,1.7319990717612948,2.4174846343645657,2.6159871073590315,12.64516129032258,9.085786088443486,4.0,41.0,6.0,10.0,15.0,0.2671374928945922,0.1207215601590958,0.0531914893617021,0.5345911949685535,0.1587532887492901,0.2819605861546235,0.3591585114479003,0.0026643157409635,0.0086277179022877,0.0,0.0425531914893617,0.0,0.0,0.0005931379582971,1.294728377799439,0.2761658023641788,1.0,1.7753086419753086,1.00051867219917,1.2244897959183674,1.5872499945053735,17.483870967741936,9.37694828871084,3.0,37.0,12.0,15.0,19.0,31,43890.0,1831.0,67.0,23500.0,0.0417179311916154,0.0015265436318067,1415.8064516129032
38883108,1,943.1935483870968,211.31316301073744,501.0,1371.0,764.0,982.0,1098.5,33.12903225806452,16.23962087489267,3.0,90.0,24.5,31.0,40.0,1.2258064516129032,1.1559014753012204,0.0,5.0,0.0,1.0,2.0,69.51612903225806,16.57217054668796,23.0,103.0,62.5,71.0,80.0,0.0396010452979661,0.0284900686482631,0.0028355387523629,0.1399688958009331,0.023565331474387,0.0334158415841584,0.0415972603837523,0.0013117177862405,0.0012942872236012,0.0,0.0058411214953271,0.0,0.0012376237623762,0.0018873988527819,0.105705474666192,0.0694156265628024,0.0105580693815987,0.253207869974337,0.0486638057197126,0.0987791342952275,0.1630495638002109,0.2018273911448505,0.0590102139108916,0.0723981900452488,0.3347368421052631,0.1654648074195764,0.2006109979633401,0.2291728516929654,1.4360588982570504,0.3080589333728372,1.057388535031847,2.796769230769231,1.2844241347845924,1.368260105448155,1.477958772581044,-5.7017921146953405,30.012070065821785,-159.0,26.5,0.0,0.0,0.0,0.4523042951671984,0.4401135721401343,0.0,1.0,0.0,0.5,0.925824175824176,5.670285704126013,8.94186505270112,0.0,33.333333333333336,0.8781995537634408,1.591559,5.77220749,0.0,0.0,0.0,0.0,0.0,0.0,0.0,0.0,0.0,0.0,0.0,0.0,0.0,0.0,880.5404838709678,148.45433183520393,638.06,1230.0,772.5,900.0,930.0,131.6411680770974,18.047582649428023,84.14197165252055,158.923791404719,116.91572467902424,133.90863271230816,146.43653105544738,2.3543944029673143,0.2971959498112567,1.5678198765582954,2.8840171039940934,2.2221571918282894,2.372430135984793,2.554256396325812,7.645161290322581,8.006241061929584,0.0,29.0,0.0,8.0,11.0,0.2816579787848927,0.1587803206438793,0.081242532855436,0.8944193061840121,0.1847595686424054,0.2287985865724381,0.3792544227466954,0.0027288733114678,0.0036568181451122,0.0,0.0119760479041916,0.0,0.0,0.0056621965583459,1.0746140994355586,0.1653949064812149,1.0,1.673992673992674,1.0,1.0,1.0228238698140844,39.38709677419355,10.231757706514962,19.0,56.0,30.0,38.0,49.0,31,29239.0,1027.0,38.0,23500.0,0.0351243202571907,0.0012996340504121,943.1935483870968
37712174,0,1089.1153846153843,323.01837610540855,582.0,2117.0,864.25,1100.5,1269.75,68.88461538461539,35.57043599901136,16.0,194.0,46.0,67.0,86.5,5.1923076923076925,10.000073964223503,0.0,45.0,1.0,2.0,2.0,46.11538461538461,9.993563017019902,31.0,65.0,37.5,45.5,54.75,0.0671135593426299,0.0300697378716777,0.0108644307982994,0.1516810007818608,0.0465567677957058,0.0747365275474044,0.084628785848298,0.0041997603859259,0.0072278957469678,0.0,0.0306330837304288,0.0008755108918115,0.0015594658054443,0.0023345362801929,0.1080420114532064,0.1051254233855426,0.0057937427578215,0.3974719101123595,0.0368721255298043,0.0725651204455977,0.1261014159785322,0.0530702886068338,0.0463411659633091,0.0023174971031286,0.1859617137648131,0.010029832710245,0.0488372653001099,0.0770065779806628,1.0651975406465206,0.2860548177940471,0.6894512195121951,1.8535,0.8588067502986858,1.0013517441860464,1.2037110232762405,5.007031565802181,16.243738485116506,-0.8409090909090909,84.0,0.0,0.0,1.907142857142857,0.362461780584639,0.1500475470157902,0.123076923076923,0.8,0.2624444444444445,0.3575657894736842,0.4533730158730158,1.5395080186710492,2.6780050896341048,0.1535714285714285,12.821285175438597,0.5078970365612648,0.7415634882832081,0.9622847125,0.0013312961438841,0.0056652236809287,0.0,0.0291704649042844,0.0,0.0,0.0,0.0,0.0,0.0,0.0,0.0,0.0,0.0,1407.9534621253383,423.8583647797509,990.0,2572.5,1121.25,1170.0,1845.0,257.43841004808627,103.44994581463844,162.7601282801273,719.3551072975017,196.83311978268927,234.17455278712808,272.3989787706582,2.6262493348872,0.2869643728884145,1.7259265556824477,2.948108422362785,2.4583270179557366,2.713651400992025,2.830691261314017,8.923076923076923,14.71504483101218,0.0,66.0,2.25,4.0,7.75,0.1111845624977984,0.1182723740789336,0.001743679163034,0.5478577939835916,0.0308478265200414,0.0799768480777382,0.1528730862936601,0.0002432927510948,0.000714190139731,0.0,0.0034762456546929,0.0,0.0,0.0,1.753352894476042,0.1218510389220784,1.4874551971326164,1.9671826625386997,1.7024391856160763,1.7408264067315744,1.8639911112600012,24.73076923076923,9.39131223856018,10.0,32.0,11.75,32.0,32.0,26,28317.0,1791.0,135.0,19750.0,0.0632482254476109,0.0047674541794681,1089.1153846153843
82528566,2,228.4032258064516,248.1539883319993,2.0,1181.0,88.25,146.0,261.75,83.33870967741936,50.65377212600392,2.0,193.0,42.0,81.5,119.0,0.032258064516129,0.1766846959694084,0.0,1.0,0.0,0.0,0.0,9.758064516129032,6.218301510320726,1.0,30.0,5.0,8.0,12.0,0.6179152664299788,0.3595582222964729,0.035,1.0,0.2126239206907579,0.7027400169923534,0.9886363636363636,4.32415240989681e-05,0.0002404760761628,0.0,0.0015723270440251,0.0,0.0,0.0,0.0515201809074183,0.1047180074772406,0.0,0.4571428571428571,0.0,0.0,0.0235358993258037,0.038742721100469,0.1013088240200525,0.0,0.5604026845637584,0.0,0.0,0.0211847389558232,1.1652920158486322,0.6088477784045586,0.0,2.0,0.8729595588235295,1.1737268445839877,1.6276185536455243,0.0,0.0,0.0,0.0,0.0,0.0,0.0,0.428632349735323,0.192228366549983,0.0,1.0,0.3333333333333333,0.4057060204595002,0.5,-1.2049099774943736e+22,9.410647761222126e+22,-7.470441860465116e+23,14.956196608292682,0.1870757449474988,0.4766970416666666,1.2930282088727678,0.0106357629077298,0.041564994217652,0.0,0.2181818181818181,0.0,0.0,0.0,0.0106357629077298,0.041564994217652,0.0,0.2181818181818181,0.0,0.0,0.0,1364.9849645161291,471.2941029676097,90.0,2475.0,1083.0,1402.0,1670.625,375.6709065776752,193.82489399264523,32.312204441079146,912.7484579063462,220.60777879104933,345.70025203523403,473.49050396143355,2.0233418942278703,0.5687730390650249,0.7861490847932155,3.1881604639205903,1.700391316425771,2.0561150400695016,2.4329306561084216,5.129032258064516,9.319566428665782,0.0,44.0,0.0,2.0,5.0,0.0590882723495143,0.1841778665531504,0.0,0.844731977818854,0.0,0.0,0.0,0.0,0.0,0.0,0.0,0.0,0.0,0.0,1.502064427674545,1.0790543283105063,0.0,4.0,1.0,1.5178571428571428,2.4421985010220304,7.403225806451613,7.782237171959253,0.0,39.0,2.25,6.0,11.0,62,14161.0,5167.0,2.0,46750.0,0.3648753619094697,0.0001412329637737,228.4032258064516
36062234,2,1260.027027027027,747.00321959169,173.0,3405.0,466.0,1265.0,1677.0,75.1891891891892,45.03022278656248,0.0,195.0,30.0,90.0,103.0,1.7027027027027026,1.7837837837837838,0.0,7.0,0.0,1.0,3.0,102.83783783783784,58.541513804891466,7.0,176.0,28.0,122.0,151.0,0.0619223597228057,0.0257458181357914,0.0,0.1286279683377308,0.050592885375494,0.063941990771259,0.0798226164079822,0.0017410144253276,0.0030694268383293,0.0,0.0173410404624277,0.0,0.0008077544426494,0.0021540118470651,0.0941999093577545,0.0689573111369073,0.0,0.3781697905181918,0.0392781316348195,0.0940711462450592,0.1176991150442477,0.2188933316922715,0.0773890123251907,0.0924855491329479,0.3340122199592668,0.1218836565096952,0.2325293753865182,0.2808378588052754,1.6788596630346473,0.21945441858867,1.0028699551569509,1.9303977272727273,1.653763157894737,1.742234762979684,1.8289473684210529,8.40985920443807,36.2138645344178,-130.625,98.28571428571428,0.0,7.461538461538462,25.03125,0.1783816760310818,0.143019740187673,0.0,0.55,0.0909090909090909,0.1781818181818182,0.215,14.4557829705739,20.25236569495861,0.0,78.17691954098362,1.2883579746835443,1.716684705882353,21.48764137735849,3.565570847892747e-05,0.0002139342508735,0.0,0.0013192612137203,0.0,0.0,0.0,0.0,0.0,0.0,0.0,0.0,0.0,0.0,1082.6913513513514,524.363610603559,179.32999999999993,2580.0,840.0,924.5,1117.5,193.10293258452057,183.14890799025963,18.227131534904004,812.402949953405,111.36263334244856,140.75311553386172,163.1643867870214,2.1689560551464795,0.3767547055040932,0.9152072720104104,2.7610761060183746,2.0290681222272244,2.213263097910683,2.3569212399462787,18.91891891891892,9.867715249066984,0.0,37.0,10.0,20.0,25.0,0.4785609253459741,0.0681329528340357,0.2422907488986784,0.5977382875605816,0.4513274336283185,0.4709141274238227,0.5185770750988142,0.0,0.0,0.0,0.0,0.0,0.0,0.0,1.26736685862827,0.2449141821287993,1.0,1.8611111111111112,1.037037037037037,1.2592152199762188,1.4639865996649917,9.45945945945946,5.160109964230516,2.0,21.0,9.0,9.0,12.0,37,46621.0,2782.0,63.0,28000.0,0.0596726796937002,0.0013513223654576,1260.027027027027
34098095,0,759.7173913043479,576.5838927248284,16.0,2093.0,258.75,713.5,1181.75,59.369565217391305,58.666470201452555,16.0,241.0,25.25,33.0,55.75,0.6956521739130435,2.05224760368799,0.0,10.0,0.0,0.0,0.75,27.47826086956522,15.699264910006322,2.0,62.0,14.25,29.0,37.0,0.2393652489782714,0.3390291719024071,0.0094866071428571,1.0,0.042076735146042,0.0753753753753753,0.1501633414232527,0.0010417477633963,0.0030883600746692,0.0,0.0197628458498023,0.0,0.0,0.0005057316250842,0.2486494722305358,0.1802728735303162,0.0,0.7756756756756756,0.0669488169488169,0.2680755470505034,0.3477489978415047,0.228698452373272,0.1523635843177481,0.0,0.5476190476190477,0.0545865633074935,0.2613722908518245,0.336170838333391,1.3652059303771356,0.6390916730109403,0.0,2.8583333333333334,1.1900569165224335,1.394608208661727,1.814715432960894,34.30434782608695,36.71089730715402,0.0,105.0,0.0,29.5,52.0,0.5817498223883211,0.2769091423701221,0.0,1.0,0.5292763157894738,0.6597716894977169,0.7173071428571429,6.460855567138206,7.313592805263596,1.1646121578947368,32.611648918918924,1.92407405,2.442185,7.433567097659324,0.0,0.0,0.0,0.0,0.0,0.0,0.0,0.0,0.0,0.0,0.0,0.0,0.0,0.0,1704.199978260869,479.951162590596,240.0,2490.0,1440.0,1729.0,1983.75,298.53712998766264,161.6173867758959,62.4968749218711,796.9142329784559,192.2000872055836,240.7989557440459,357.4078316161611,2.0336770181500703,0.5024034925879325,0.8904916402194913,2.944309491245643,1.7089821590884215,2.0621252466309974,2.386430046625686,9.565217391304348,14.635650598145675,0.0,53.0,0.0,1.0,13.0,0.0215013195366444,0.0444710060030592,0.0,0.1707616707616707,0.0,0.0,0.0173757486194291,0.0009571916855294,0.0018306043857618,0.0,0.0098814229249011,0.0,0.0,0.0014421523437607,2.1863554321256693,1.0178113969498126,0.0,4.402964959568733,1.8598954534403112,2.408555973761789,2.891856266226103,11.847826086956522,6.49068694463325,0.0,20.0,9.0,13.5,15.75,46,34947.0,2731.0,32.0,34750.0,0.0781469081752367,0.0009156723037742,759.7173913043479
15768288,0,667.6206896551724,334.0487692861528,86.0,1903.0,557.0,607.0,712.0,241.82758620689657,231.0188929377284,0.0,607.0,15.0,145.0,543.0,1.137931034482759,2.37405716938738,0.0,12.0,0.0,0.0,2.0,12.862068965517242,7.1328484319985686,5.0,30.0,6.0,11.0,18.0,0.4150829775446107,0.3997686411910373,0.0,0.9806138933764136,0.0449438202247191,0.2474226804123711,0.9733570159857904,0.0037403249820149,0.0093987314158836,0.0,0.0389610389610389,0.0,0.0,0.0021739130434782,0.0893416701050188,0.1263041814559593,0.0,0.4819277108433735,0.0053763440860215,0.0256797583081571,0.1284246575342466,0.1078855287992311,0.1029325807332002,0.0064620355411954,0.3461538461538461,0.0112359550561797,0.0998389694041868,0.1627516778523489,1.3793602274548251,0.4242836560350874,0.0,1.864809523809524,1.142461139896373,1.502,1.698888888888889,0.0,0.0,0.0,0.0,0.0,0.0,0.0,0.3929846483122963,0.2563398546991748,0.0,1.0,0.175,0.4916267942583732,0.5052808988764045,0.6687242054251142,1.156648988183566,0.0,5.507142857142857,0.1727535621890547,0.1923500892857143,0.3583333333333333,0.0,0.0,0.0,0.0,0.0,0.0,0.0,0.0,0.0,0.0,0.0,0.0,0.0,0.0,929.343314827586,377.87589984678584,277.5,1420.0,619.0,803.5358,1389.75,189.2031255667636,75.59375019595767,66.5673006125151,311.8932806179786,118.61096550089049,206.9001519570971,261.03132979306923,2.678374006230204,0.2512092889279008,1.9879074034619917,3.0732795157912056,2.606346946298874,2.635528493107633,2.8410295771550276,1.0344827586206895,2.108811703644228,0.0,8.0,0.0,0.0,1.0,0.3105235178413599,0.2605818126414864,0.0,0.8433734939759037,0.0248667850799289,0.3260869565217391,0.4909365558912387,0.0,0.0,0.0,0.0,0.0,0.0,0.0,1.3127662554296615,0.980108637210929,0.0,2.963172804532578,0.0,1.3414634146341464,2.00611620795107,17.862068965517242,7.92953509065093,6.0,30.0,11.0,17.0,26.0,29,19361.0,7013.0,33.0,22000.0,0.3622230256701617,0.0017044574143897,667.6206896551724
49941534,2,1391.4183673469388,409.3775744201809,249.0,2409.0,1129.25,1403.5,1657.25,132.4387755102041,69.45077045553901,30.0,400.0,81.5,108.5,169.0,3.653061224489796,3.2860311673790097,0.0,16.0,1.0,3.0,5.0,82.62244897959184,22.96915203099381,10.0,137.0,68.0,81.5,97.0,0.1001247376895119,0.0506772219803841,0.0322283609576427,0.3209459459459459,0.0597856365473815,0.0886870840040022,0.1290521331417387,0.0025991687071435,0.0023181419848393,0.0,0.0123743232791956,0.0009586582509217,0.0021723946994198,0.0036530082834784,0.1315776991126377,0.0689436392932064,0.0104986876640419,0.2981783317353787,0.0758332816856148,0.123727810050309,0.169705878843205,0.1302492305367519,0.0757976226441805,0.0067567567567567,0.3557046979865771,0.0707561013283904,0.112608229392332,0.160233246474973,1.7835175080541064,0.443307587626529,0.8490283400809717,3.013827751196172,1.496183812223717,1.725620056090896,2.083900421179302,-27.63541710815173,94.16949132428,-360.0,360.0,-26.75,-6.6410256410256405,0.0,0.4933893435506208,0.3123389919101148,0.0,1.0,0.3333333333333333,0.5247058823529411,0.7231087470449173,2.456432697089418,6.196871493206562,0.0,61.041293913043475,0.6076558287685194,1.3542442432565789,2.39206067037037,0.0012570269196026,0.0045987789249189,0.0,0.025065963060686,0.0,0.0,0.0,0.0005612398040499,0.0029497104186448,0.0,0.0203403902034039,0.0,0.0,0.0,1640.771348979592,417.67749188730903,780.0,2520.0,1269.380425,1636.0,1998.75,278.9532813834872,87.76640605100796,131.03751558446507,594.8885707881244,210.68611613601703,263.149417990122,333.07344256150185,2.48939206806066,0.2686745642104723,1.8654962548689376,3.286689381480296,2.3328270906567106,2.515622350635915,2.671677612362058,38.6530612244898,33.45758876145957,0.0,180.0,16.25,31.0,49.0,0.5502587384435248,0.1320282318149188,0.179054054054054,0.8009922822491731,0.4717972281278474,0.5752193192585732,0.6432895458910687,0.0016295267747022,0.0040444323015202,0.0,0.0209163346613545,0.0,0.0,0.0010933276467231,1.2255075541276406,0.2961654830438547,1.0,2.6232216613125288,1.0133931790323745,1.0789408099688471,1.404081001053917,26.081632653061224,16.368631941007113,4.0,63.0,16.25,21.5,30.0,98,136359.0,12979.0,358.0,73750.0,0.0951825695406977,0.0026254225977016,1391.4183673469388
287971,0,286.7931034482759,101.16881736785298,31.0,525.0,244.0,271.0,331.0,6.0344827586206895,4.514213251961574,0.0,18.0,2.0,7.0,9.0,3.896551724137931,4.707622780908069,0.0,24.0,1.0,3.0,4.0,34.44827586206897,9.922410048233212,4.0,50.0,30.0,37.0,42.0,0.0346448480331729,0.0747291215909577,0.0,0.4193548387096774,0.0061349693251533,0.019774011299435,0.0341880341880341,0.015715736295876,0.0208247984002653,0.0,0.096,0.0034246575342465,0.0111524163568773,0.014760147601476,0.0176532211293595,0.0177268708397944,0.0,0.0555555555555555,0.002770083102493,0.0148698884758364,0.0255474452554744,0.2148639502805294,0.0841851949122019,0.0959409594095941,0.4016393442622951,0.1478599221789883,0.2086330935251798,0.275092936802974,0.0,0.0,0.0,0.0,0.0,0.0,0.0,0.0,0.0,0.0,0.0,0.0,0.0,0.0,0.0,0.0,0.0,0.0,0.0,0.0,0.0,0.8153704533014878,1.172585360929787,0.0,6.0,0.25,0.5,1.0,0.0,0.0,0.0,0.0,0.0,0.0,0.0,0.0,0.0,0.0,0.0,0.0,0.0,0.0,528.0689655172414,213.8705588280271,216.0,968.0,374.0,438.0,584.0,119.5644211235853,37.308055196350416,78.87921983349013,215.8027007004575,91.62240314937488,105.5414930621312,127.701950744693,2.8473543199383187,0.3835025266621835,1.8101358752744272,3.2341243758691665,2.7472010780117584,3.007417365952795,3.0722667051070904,5.689655172413793,4.58711424781128,0.0,18.0,1.0,7.0,9.0,0.0,0.0,0.0,0.0,0.0,0.0,0.0,0.0034017255010578,0.0073193608051281,0.0,0.0314960629921259,0.0,0.0,0.0,0.0,0.0,0.0,0.0,0.0,0.0,0.0,0.0,0.0,0.0,0.0,0.0,0.0,0.0,29,8317.0,175.0,113.0,22000.0,0.0210412408320307,0.013586629794397,286.7931034482759
47702969,1,2797.0588235294117,895.4879360430357,33.0,4691.0,2411.75,2847.5,3259.75,67.55882352941177,23.58487947377276,1.0,112.0,48.25,63.0,86.5,1.3235294117647058,1.8426417773737749,0.0,8.0,0.0,0.5,2.0,24.764705882352946,11.906643779418506,8.0,50.0,17.0,19.0,33.5,0.027591693501349,0.0164597064763126,0.01078360891445,0.0894874022589053,0.0177605656687576,0.0235442800752642,0.0322938274802809,0.0022725716985049,0.0101900340637584,0.0,0.0606060606060606,0.0,0.0001526251526251,0.0007728626444667,0.233194471930743,0.0881092000162613,0.0754830917874396,0.416824644549763,0.1625215577361025,0.2424242424242424,0.2970158852520073,0.2923153101188376,0.0700107729671227,0.1212121212121212,0.5912322274881516,0.2707561084939633,0.3011517337288899,0.3153587102748409,0.9364186722534188,0.4229386060168678,0.0,2.3761931818181816,0.7499990376275493,0.7907280528757731,0.9532525812739004,3.8341386554621857,7.684756952726916,-9.333333333333334,25.285714285714285,0.0,0.0,6.5625,0.0885906862745098,0.2514937810010593,0.0,1.0,0.0,0.0,0.0,36.145946850726794,120.17736080008682,0.9818181818181816,543.5384615384615,1.2,1.5,11.379605263157895,0.0,0.0,0.0,0.0,0.0,0.0,0.0,0.0,0.0,0.0,0.0,0.0,0.0,0.0,1553.6961470588235,449.65827307510995,406.0,2393.0,1305.0,1350.0,2076.1225,241.02613971955296,161.55076946336226,88.21956587210681,831.1556228630608,153.25042494993522,181.95051954988128,278.9041587911429,2.0020187382452477,0.4320212286085595,1.1906051566770186,2.904725743527379,1.743360201988383,1.9227084594408024,2.274019508507313,29.41176470588235,28.921920901809393,0.0,96.0,13.0,13.0,28.25,0.1996665892456408,0.0897474053624509,0.0955360867751355,0.5182464454976303,0.14895271474678,0.1769009110080069,0.2003070510878492,0.0,0.0,0.0,0.0,0.0,0.0,0.0,1.2925183493756,0.413736836421369,1.0,2.735604217356042,1.0,1.049371518892067,1.5287467504153398,12.470588235294118,4.146120043930846,1.0,19.0,8.5,13.0,15.0,34,95100.0,2297.0,45.0,25750.0,0.0241535226077812,0.0004731861198738,2797.0588235294117
81377553,2,3657.9767441860463,1607.4748359760958,4.0,10502.0,2531.5,3598.5,4279.25,159.1860465116279,78.24477271014948,2.0,422.0,108.25,139.0,207.0,2.8255813953488373,4.521760977362476,0.0,28.0,0.0,2.0,4.0,102.22093023255816,30.032308634624897,3.0,192.0,82.25,100.0,119.0,0.0558346413013069,0.0597105227979563,0.0111407350980765,0.5,0.0290356386536562,0.0414063723672982,0.0607861303946027,0.0008204465758872,0.0012254308632228,0.0,0.007358738501971,0.0,0.0004393069826282,0.0011765533761722,0.2655413462068875,0.0979091728809221,0.0,0.4951048951048951,0.1876003487173858,0.2579817701065382,0.349665531198976,0.2997237653964151,0.078963703366795,0.0,0.46529284164859,0.248842400147587,0.3020466904737209,0.3440188830934546,1.1609778498501893,0.357219904272419,0.0,2.625,0.9047581953911068,1.1412469086438015,1.332050005266736,46.83815849663078,105.2626106794456,-57.5,360.0,0.0,0.0,60.0,0.6786297253016766,0.3070189516994998,0.0,1.0,0.5836538461538461,0.7758531746031747,0.9090909090909092,1.1254834911988585,0.9576874955167056,0.0198456,4.496738530864198,0.4084020980087623,0.7172606625,1.573953763761468,0.0,0.0,0.0,0.0,0.0,0.0,0.0,0.0,0.0,0.0,0.0,0.0,0.0,0.0,1891.642930232558,540.0109569117888,90.0,2565.0,1403.985,2051.415,2430.375,256.2310462663724,97.16119903370198,36.742346141747674,625.4545960290768,184.69919555871095,221.5325913095694,310.337229120935,2.196696405689542,0.3709604166661919,1.5,2.978113375954657,1.9236458365362297,2.196352621652024,2.4698592251491287,54.406976744186046,55.144709819641655,0.0,257.0,21.0,34.0,58.0,0.3231802954028278,0.2375477111237812,0.0,0.879415347137637,0.1315210507752734,0.2807517071697446,0.440885094703526,0.0109212593885907,0.0239438249479037,0.0,0.1059322033898305,0.0,0.0013337259422961,0.0054049608927657,1.5915725957249751,0.3701584622548022,1.0,2.8632154882154883,1.2886484049841216,1.5442088238363103,1.8047881569329525,60.104651162790695,18.368976038208174,0.0,94.0,49.0,55.0,71.0,86,314586.0,13690.0,243.0,64750.0,0.0435175119045348,0.0007724437832579,3657.9767441860463
81473527,1,1501.2413793103449,693.6584002365914,422.0,2799.0,952.0,1403.0,1991.0,65.93103448275862,36.11755808991136,24.0,119.0,32.0,46.0,110.0,0.1034482758620689,0.3045434781492361,0.0,1.0,0.0,0.0,0.0,37.3448275862069,5.3128073108289575,30.0,50.0,33.0,37.0,41.0,0.0479435752343184,0.0270470360887995,0.0143454871488344,0.1335740072202166,0.033607436539149,0.0398563734290843,0.059266700150678,6.763965147200348e-05,0.000211523626992,0.0,0.0008912655971479,0.0,0.0,0.0,0.0937483487686054,0.0556322534705865,0.021090909090909,0.1950354609929078,0.0450236966824644,0.0862437633642195,0.1466030989272944,0.1470590539962332,0.0566937661141998,0.0053191489361702,0.2357348703170028,0.1067864271457085,0.1572802197802197,0.1907566832804712,1.28814085347521,0.83368381909741,0.0,2.0,0.0,1.6749999999999998,1.9697674418604652,0.0,0.0,0.0,0.0,0.0,0.0,0.0,0.5842007327002252,0.2157693335347608,0.037037037037037,1.0,0.5,0.5388461538461539,0.5897435897435898,77.04560680945933,202.1433966335458,0.2017290625,804.0531664230768,0.2701912307692308,0.3237602142857143,0.3914130227272727,0.0,0.0,0.0,0.0,0.0,0.0,0.0,0.0,0.0,0.0,0.0,0.0,0.0,0.0,1019.6843448275864,273.2609664866013,667.5,1860.0,870.0,990.0,1020.0,156.72361485025223,36.32402104044062,110.57563781768808,246.69585066948892,132.95391881862565,146.32691686859832,162.53001405509858,2.2234839349738804,0.3047252304143441,1.496126736145496,2.725749561891461,2.0739411440829403,2.2767729873450873,2.4627382392802692,5.724137931034483,4.755371204366685,0.0,12.0,2.0,6.0,12.0,0.6539304604152776,0.13008060839946,0.2938388625592417,0.8442211055276382,0.6143977191732003,0.6734545454545454,0.7084826762246117,0.0,0.0,0.0,0.0,0.0,0.0,0.0,1.3567976229385594,0.6275196807192395,0.0,2.6956308296514484,1.0,1.0711974110032365,1.3337004405286343,24.13793103448276,3.5595828691210873,20.0,28.0,20.0,27.0,27.0,29,43536.0,1912.0,3.0,22000.0,0.043917677324513,6.89084895259096e-05,1501.2413793103449
55731749,0,1625.0344827586207,1451.0996183099269,5.0,5709.0,55.0,1676.0,2589.0,43.0,28.941081646969447,5.0,105.0,24.0,39.0,66.0,0.2758620689655172,0.5811137774604385,0.0,2.0,0.0,0.0,0.0,24.75862068965517,16.682956763516625,2.0,54.0,4.0,33.0,37.0,0.3278064820162088,0.4512266892482483,0.0092699884125144,1.0,0.0131371518654755,0.0294117647058823,1.0,0.000111352561686,0.0002596701679301,0.0,0.0012158054711246,0.0,0.0,0.0,0.1928621599641452,0.1495506980765705,0.0,0.4625199362041467,0.0,0.2244897959183673,0.2822232870148538,0.1729610944047465,0.1522913259320152,0.0,0.4159080019166267,0.0,0.2037134349273077,0.2663454920853407,0.6786363717243141,0.4872211444736409,0.0,1.5342681929681112,0.0,0.7992662024638457,1.092854166666667,40.86206896551724,52.98127459573191,0.0,120.0,0.0,0.0,90.0,0.3253308453998109,0.2567543025712088,0.0,0.6666666666666666,0.0,0.4,0.5625,3.051357941230853,4.433925233280798,0.0,19.998765222222215,0.689349,1.5719571428571428,2.411764705882353,0.0186250367667674,0.0588664047073022,0.0,0.3,0.0,0.0,0.001576458223857,0.017625251699612,0.0424355146378093,0.0,0.2,0.0,0.0035799522673031,0.00790273556231,695.9420206896551,442.4394348843204,30.0,1605.0,417.0,735.0,960.0,124.52645440178752,77.12974179947906,10.497813183356476,340.15279745995724,104.6241981043705,121.57391014772,153.8236664500548,2.1281974975266076,0.6843568657966903,0.5916727785823275,2.947672190408917,1.890118232863622,2.4330957236414648,2.621394228247462,5.172413793103448,7.325293759048948,0.0,27.0,0.0,2.0,6.0,0.1332763384083869,0.1294065687650159,0.0,0.5291147761696399,0.0,0.1379971250598946,0.2081884897643878,6.892655970896336e-05,0.0003331572120211,0.0,0.0018237082066869,0.0,0.0,0.0,1.282893569952941,0.698324504166613,0.0,2.365079365079365,1.0,1.491353001017294,1.8355011476664116,7.724137931034483,6.0452121364000515,0.0,18.0,0.0,9.0,14.0,29,47126.0,1247.0,8.0,22000.0,0.0264609769553961,0.0001697576709247,1625.0344827586207
57766294,1,1036.7727272727273,431.59186653156286,410.0,2392.0,796.25,976.5,1270.25,53.90909090909091,51.55395152027992,7.0,192.0,16.25,29.0,77.75,16.818181818181817,21.381037400710436,0.0,64.0,0.25,5.5,31.0,18.681818181818183,5.155635607022348,9.0,30.0,16.0,17.5,21.75,0.053793581855936,0.0461654934930071,0.0063113604488078,0.1949238578680203,0.0167928506397048,0.0412756432052589,0.0769037888108096,0.0148807358178965,0.0179922583231999,0.0,0.0510805500982318,0.0002458210422812,0.0050353794725242,0.0292338192927957,0.142652555019782,0.0677334426306656,0.0493311036789297,0.3068181818181818,0.0935187930906664,0.1284805701911436,0.1867889619336298,0.1761940300687388,0.1551922396659226,0.0,0.5113636363636364,0.0683568867761852,0.1299810246679316,0.263140308874214,1.34750163868674,0.557217548076221,0.1808569979716024,2.772549019607843,1.14818279464896,1.3732448899371068,1.6299516835271026,-0.606060606060606,21.358800226310414,-40.0,20.0,0.0,0.0,20.0,0.5521154815699464,0.1960463157329497,0.0,0.8861538461538461,0.4529545454545455,0.6129919499105545,0.676843220338983,6.389960993872164,12.470972678788376,0.0,55.33215761904761,0.4313152232142856,1.200838063690476,3.704522425,0.0004977974005701,0.0012767332355097,0.0,0.0041806020066889,0.0,0.0,0.0,0.0004977974005701,0.0012767332355097,0.0,0.0041806020066889,0.0,0.0,0.0,1771.2766454545454,405.9594555954424,861.375,2397.7002,1491.3535,1923.734,1949.219,229.86701971513185,94.51915301620843,83.82817543127659,495.4872888269992,160.68744448923118,235.5028173027217,272.87193130027725,1.7719837745007216,0.4615937108119396,0.588462758589568,2.5642117808111173,1.5602884044673495,1.7649004747101222,2.0007169719152516,4.318181818181818,7.546139070811845,0.0,27.0,0.0,0.0,6.5,0.1535272046763666,0.1657263306182118,0.0,0.506198347107438,0.0,0.0705487165120328,0.3009655845300162,0.0023755188002177,0.0045668664197714,0.0,0.0182741116751269,0.0,0.0,0.0028195488721804,1.772410434759007,0.3769874660644431,1.1761483354403708,2.49963530269876,1.4916511122334704,1.6407569165930256,2.049104490863674,26.136363636363637,11.083548227996037,10.0,41.0,16.0,23.0,41.0,22,22809.0,1186.0,370.0,16750.0,0.0519970187206804,0.0162216668858783,1036.7727272727273
56703691,2,4040.875,2376.234788160865,748.0,13179.0,2387.75,3263.0,5423.5,66.85227272727273,52.077420463262555,3.0,241.0,22.75,60.5,98.25,3.0681818181818183,2.4670347242344426,0.0,16.0,2.0,3.0,4.0,89.9659090909091,33.07548146548367,18.0,201.0,70.75,85.0,105.0,0.020890420060701,0.0227244481341557,0.000821692686935,0.105614973262032,0.0068002109525427,0.0134814350829966,0.0234699088456333,0.0010003505538954,0.0010697675338682,0.0,0.0062893081761006,0.0003710770917555,0.0006854848562118,0.0013904924878646,0.2212682759290238,0.0938098557639642,0.0363382250174703,0.4582959641255605,0.1660071967096839,0.2227425063553953,0.2648788516093694,0.2118173147456562,0.1071338364333111,0.0076691317447274,0.4714556869616002,0.1410496314022269,0.1811333936487904,0.2869766862850065,1.071293586407791,0.3718597596664497,0.5390222222222222,1.86190847127556,0.7279277782766155,1.063519574702377,1.3274189337407565,33.44240226797893,73.27048415638234,-62.868852459016395,360.0,0.0,0.0,30.666666666666668,0.4778021058224018,0.3787850582219537,0.0,1.0,0.0,0.6206818181818181,0.8043279569892472,2.2051842701731776,2.3490301860380582,0.0,11.069841238095238,0.5708797369431644,1.3580143166363303,2.771099625297619,2.419712873102227e-05,9.94489211383576e-05,0.0,0.0005444646098003,0.0,0.0,0.0,2.277440130322807e-05,0.0001179069906978,0.0,0.0009014423076923,0.0,0.0,0.0,1780.5407511363635,534.0836939926011,660.0,2566.0,1479.0075,1835.0,2234.6228,220.73123122866244,87.82598996897961,91.88538828625528,575.6304851882466,145.92696735361065,220.06289222420511,278.7960118209806,1.95211963950511,0.3605780755397899,1.030695182634165,2.8428270409450302,1.7524742369960944,1.9456670855625409,2.147104962473378,22.306818181818183,26.754505973312853,0.0,136.0,0.0,12.0,36.75,0.3373219920384291,0.1611875094460066,0.0707903780068728,0.7219730941704036,0.2157836832819272,0.3029687724194149,0.4279995862702017,0.0016345243655269,0.0034724451921086,0.0,0.02109375,0.0,0.0,0.0018211893991176,1.622127022501511,0.6911565966071332,1.0,4.666666666666667,1.1243879558870635,1.429639383759429,1.7527903957925624,30.943181818181817,26.12094159627545,0.0,119.0,9.0,29.0,36.25,88,355597.0,5883.0,270.0,66250.0,0.0165440090889405,0.0007592864956678,4040.875
11436255,0,444.0434782608696,116.7771859273852,253.0,834.0,388.0,399.0,479.0,6.608695652173913,8.825551493716523,0.0,42.0,2.5,4.0,6.0,0.4782608695652174,1.0578717443996903,0.0,4.0,0.0,0.0,0.0,24.869565217391305,7.814726053370326,14.0,43.0,20.5,23.0,27.0,0.0149986849967909,0.0171760079149146,0.0,0.0815533980582524,0.0051931339832929,0.0112994350282485,0.0153276955602537,0.001148298094759,0.0024711535864168,0.0,0.0084745762711864,0.0,0.0,0.0,0.1752550098069537,0.1838993955877193,0.0276679841897233,0.8428571428571429,0.0941309534876514,0.1362467866323907,0.1511050397619163,0.3545428900520737,0.1067529245151886,0.0904761904761904,0.5090439276485789,0.282967502363568,0.3615819209039548,0.4652378212504794,0.8720500742805016,0.341783803566157,0.0,1.2966666666666666,0.7184322033898305,1.0230434782608695,1.0613333333333332,0.0,0.0,0.0,0.0,0.0,0.0,0.0,0.4782608695652174,0.4995271866554807,0.0,1.0,0.0,0.0,1.0,0.3074851544513458,0.1928201466239423,0.0,0.848147,0.1945952261904762,0.3,0.3461604333333333,0.0,0.0,0.0,0.0,0.0,0.0,0.0,0.0,0.0,0.0,0.0,0.0,0.0,0.0,365.1521739130435,60.72253982748243,285.0,487.5,315.0,360.0,390.0,105.86615134545583,11.193621956088045,76.47221580914096,122.42539083917228,100.8081437245649,108.94523028523172,114.50911936910884,3.0280669275027887,0.0886169428065201,2.841719598925092,3.1799587064997152,2.9698195753795376,3.024481480080761,3.09414629590413,2.4347826086956523,4.725748957954769,0.0,19.0,0.0,0.0,2.0,0.0,0.0,0.0,0.0,0.0,0.0,0.0,0.0016645511113351,0.0041718164821086,0.0,0.0161001788908765,0.0,0.0,0.0,0.8260869565217391,0.3790346907426672,0.0,1.0,1.0,1.0,1.0,0.0,0.0,0.0,0.0,0.0,0.0,0.0,23,10213.0,152.0,11.0,17500.0,0.0148829922647606,0.0010770586507392,444.0434782608696
47915091,1,964.34375,383.81030547125425,61.0,2146.0,756.5,933.5,1105.25,53.15625,27.79063396069798,0.0,110.0,32.25,47.0,77.75,2.40625,1.433077435974763,0.0,7.0,2.0,2.0,3.0,72.96875,22.69290138870523,6.0,106.0,66.75,76.0,85.5,0.055174050289389,0.0255689665044779,0.0,0.0970873786407767,0.0407285782258126,0.0523763617082811,0.0745200350451837,0.0029291691244541,0.0022504824650404,0.0,0.01,0.0017029938565082,0.0024529709373326,0.0039684686634349,0.1951229079137132,0.0846102785783753,0.0655737704918032,0.5314091680814941,0.1325881114058009,0.1990432381131527,0.229733147343921,0.245620193043357,0.1084585240758186,0.0855614973262032,0.6519524617996605,0.1780427453649248,0.2182491283196207,0.3054646466835721,1.3453666518582783,0.3965580496655981,0.7644692737430168,3.068333333333334,1.1780807593307594,1.3580253891771683,1.4434130900682425,89.73126034537395,32.284639695150936,0.0,133.69565217391303,75.97058823529412,99.41176470588236,113.07692307692308,0.4286911424540334,0.3420009085749809,0.0,1.0,0.1510775862068965,0.4291666666666667,0.6875,1.5425723367862263,2.5193748583512767,0.0,15.256198122448978,0.8321700865322055,1.1666418745495497,1.4466666666666668,8.274492497793469e-05,0.0004607042444971,0.0,0.0026478375992939,0.0,0.0,0.0,0.0,0.0,0.0,0.0,0.0,0.0,0.0,1158.4886875,338.17247494348555,540.0,1954.47,1031.25,1080.0,1128.75,166.87659019373396,39.346765296867034,66.50641552041294,265.50447258514396,147.15408910639331,161.27968988621956,175.69645144301364,2.225474547064282,0.394607067868297,0.8307742220994541,2.8940462524213286,2.091743912281516,2.2971293637255865,2.413160687119926,6.875,3.5947009611371015,0.0,17.0,6.0,6.5,8.0,0.3952013274286121,0.1272953309259774,0.0,0.5727554179566563,0.3260120738636364,0.4071956530898136,0.4784970087054392,0.0014023043473158,0.0014628783384258,0.0,0.0048367593712212,0.0,0.0010961029473512,0.0022977872428527,1.3671616150507515,0.3248845876323856,1.0,2.057530704589528,1.0379399093604875,1.305398024426517,1.6420046642359267,15.625,5.6995065575889985,0.0,24.0,12.0,15.0,20.5,32,30859.0,1701.0,77.0,24250.0,0.0551216824913315,0.0024952201950808,964.34375
11945914,0,688.96,500.37885486898824,80.0,2000.0,307.0,614.0,725.0,2.76,4.111252850409471,0.0,19.0,0.0,1.0,3.0,0.2,0.4,0.0,1.0,0.0,0.0,0.0,13.76,4.760504174979789,7.0,24.0,10.0,13.0,17.0,0.0059694562923732,0.0089259382556081,0.0,0.0375,0.0,0.002840909090909,0.0044843049327354,0.0009078614008776,0.0025676732046985,0.0,0.0125,0.0,0.0,0.0,0.3413150429924496,0.2724334725084693,0.0,0.8502304147465438,0.0457516339869281,0.321273516642547,0.5748663101604278,0.2597049772653294,0.1904879663693633,0.0,0.6710829493087558,0.1014084507042253,0.2419928825622775,0.3678571428571429,0.6576004906006646,0.1719125588842112,0.0,0.8903680981595091,0.58,0.6628931203931204,0.7850408921933086,0.0,0.0,0.0,0.0,0.0,0.0,0.0,0.6,0.4898979485566356,0.0,1.0,0.0,1.0,1.0,2.2310644818045113,2.980906874169626,0.0,10.0,0.0,0.5,3.430555333333333,0.0,0.0,0.0,0.0,0.0,0.0,0.0,0.0,0.0,0.0,0.0,0.0,0.0,0.0,342.20772,65.93535664786837,201.75,480.0,296.0,330.0,390.0,84.48586413932063,21.852400887577176,48.078732318221505,134.68072070185974,65.43730803971182,89.48359171905058,95.84231742631805,2.741024407086261,0.3353818097640335,1.5608727075503095,3.263774581296416,2.6417000481026274,2.8223298149274743,2.886561465651228,0.8,0.894427190999916,0.0,4.0,0.0,1.0,1.0,0.0,0.0,0.0,0.0,0.0,0.0,0.0,5.979073243647235e-05,0.0002929135716332,0.0,0.0014947683109118,0.0,0.0,0.0,0.44,0.4963869458396343,0.0,1.0,0.0,0.0,1.0,0.0,0.0,0.0,0.0,0.0,0.0,0.0,25,17224.0,69.0,5.0,19000.0,0.004006038086391,0.0002902926149558,688.96
62397207,1,2003.4761904761904,1361.8571570101517,145.0,5182.0,1039.0,1769.0,2583.0,46.714285714285715,30.006575243155112,4.0,137.0,33.0,39.0,54.0,14.333333333333334,21.664835087419412,0.0,72.0,1.0,4.0,13.0,52.95238095238095,22.314795839950783,7.0,85.0,40.0,59.0,67.0,0.0308457432450267,0.025221837709406,0.0079817559863169,0.1078320090805902,0.014274385408406,0.0226480836236933,0.0403899721448468,0.0074043160633075,0.0111298740010305,0.0,0.0418118466898954,0.0006891798759476,0.0013927576601671,0.0093603744149766,0.1157364202898982,0.0835981979362805,0.0,0.2737730061349693,0.0749148694665153,0.0889942074776198,0.1678192715537113,0.0654860889317669,0.0388604952788337,0.0,0.133938706015891,0.0415263748597081,0.0681378242353852,0.0858741798533384,1.2050909333291242,0.5499447559661736,0.0,2.5380645161290323,0.81,1.300929648241206,1.5847379169503064,20.627739984882844,32.81668693910979,-6.333333333333333,80.0,0.0,0.0,30.944444444444443,0.3091458896759648,0.2260251363193677,0.0,1.0,0.2318181818181818,0.2811111111111111,0.4285714285714285,94.73965659759314,267.1085730140944,0.5550985555555554,1230.923365212121,1.0676249629629628,3.880421942857143,27.977174558139534,0.0,0.0,0.0,0.0,0.0,0.0,0.0,0.0,0.0,0.0,0.0,0.0,0.0,0.0,1424.1069523809524,574.7141875727261,595.0,2580.0,1080.0,1235.127,1725.0,234.87313568529828,135.7272632271004,91.79725583763329,513.0069550084808,127.51835114367316,184.26375160892195,332.9003076584612,2.3796444818912073,0.4003873610545805,1.436587094936144,3.0763604325799285,2.113388567852988,2.435214585895183,2.66780988482569,3.4761904761904763,5.19724329510181,0.0,18.0,0.0,0.0,6.0,0.0050115941210743,0.0082109902151466,0.0,0.0273828330700368,0.0,0.0,0.0087597971415398,1.0120945296290676e-05,4.5262243358125394e-05,0.0,0.0002125398512221,0.0,0.0,0.0,1.3053099782895206,0.3611620513367547,1.0,1.9588014981273407,1.0132743362831858,1.100443951165372,1.657185628742515,15.904761904761903,5.846486628368495,5.0,26.0,13.0,15.0,19.0,21,42073.0,981.0,301.0,16000.0,0.0233166163572837,0.0071542319302165,2003.4761904761904
447766,2,178.16,102.67022158347572,29.0,469.0,109.0,170.0,235.0,4.88,4.198285364288616,0.0,18.0,2.0,4.0,6.0,0.48,0.574108003776293,0.0,2.0,0.0,0.0,1.0,16.76,7.606733858891081,4.0,30.0,12.0,16.0,21.0,0.0343038552009976,0.0338528337174813,0.0,0.1313868613138686,0.018348623853211,0.0235294117647058,0.0458015267175572,0.0038188134780143,0.0054217808350341,0.0,0.0212765957446808,0.0,0.0,0.0068493150684931,0.0001556420233463,0.0007624870794655,0.0,0.0038910505836575,0.0,0.0,0.0,0.0010113260689895,0.0030368358535364,0.0,0.0137457044673539,0.0,0.0,0.0,0.0,0.0,0.0,0.0,0.0,0.0,0.0,0.0,0.0,0.0,0.0,0.0,0.0,0.0,0.0,0.0,0.0,0.0,0.0,0.0,0.0,0.7528888888888889,1.1797623426712622,0.0,5.0,0.2222222222222222,0.5,0.5,0.0,0.0,0.0,0.0,0.0,0.0,0.0,0.0,0.0,0.0,0.0,0.0,0.0,0.0,403.44,84.08689790924625,270.0,584.0,330.0,398.0,481.5,125.74974883125492,19.049376858907937,104.80907715012675,169.33079883978033,111.38287599715828,121.47622289801498,131.87195915199715,2.9063896471523987,0.1799308027253229,2.5204882130196467,3.1858179312825854,2.7858324088103066,2.9153709608785707,3.03875871281986,4.88,4.198285364288616,0.0,18.0,2.0,4.0,6.0,0.0,0.0,0.0,0.0,0.0,0.0,0.0,0.0,0.0,0.0,0.0,0.0,0.0,0.0,0.0,0.0,0.0,0.0,0.0,0.0,0.0,0.0,0.0,0.0,0.0,0.0,0.0,0.0,25,4454.0,122.0,12.0,19000.0,0.0273911091154018,0.0026942074539739,178.16
32835034,2,1069.475,839.068679772401,219.0,5253.0,534.75,893.5,1354.25,58.05,47.161928501705695,4.0,230.0,21.75,40.5,79.25,1.125,1.2487493743742175,0.0,4.0,0.0,1.0,2.0,51.425,26.318137757067845,15.0,127.0,31.0,42.5,74.25,0.0894841266583637,0.103169107991465,0.0053908355795148,0.4521739130434782,0.0215064459653031,0.0442621350924633,0.1336682076813656,0.0012152247792199,0.0015554298204404,0.0,0.0053120849933598,0.0,0.0005166019209203,0.0016609455453268,0.1455702450288451,0.0974763263527628,0.0,0.3085106382978723,0.0478911288458087,0.1531391926200904,0.2277778239858935,0.2117590883432327,0.1266761662525111,0.0,0.4201408718827337,0.1146835144805938,0.2198368823368823,0.3182043775896235,1.4903984062973863,0.6254373164515575,0.0,3.69984126984127,0.985632978290918,1.5983877863071834,1.74884400838147,-15.153008135869976,108.02673286212236,-360.0,238.42105263157896,-51.5,0.0,0.0,0.4604953205686503,0.3786125779703497,0.0,1.0,0.0,0.5,0.7485795454545454,1.3493086459405628,1.7450701096077756,0.0,8.98525075,0.2819500058823529,0.6078538904109589,1.6635568218325791,0.0008628176382789,0.0036261406734636,0.0,0.022206800832755,0.0,0.0,0.0,0.0349367226619674,0.085258958908796,0.0,0.3826086956521739,0.0,0.0,0.0183084748850566,1026.8685,362.0293014237246,409.447,1830.0,802.0,1011.0,1272.625,180.6208185287988,59.678945157008265,98.37386760484462,399.0847459019804,137.782518819019,171.08227749964428,205.93570702602943,2.5562041223662706,0.3247678993671668,1.7853429906009268,3.2208367940730755,2.358388943021738,2.5652629650615237,2.8399119307405414,5.3,5.104899607240087,0.0,19.0,0.0,4.5,9.0,0.2025987035506918,0.1858380899722864,0.0,0.7035979440319817,0.015795170270293,0.1951781438000117,0.2946360114501886,0.0008398098369718,0.0022716872139849,0.0,0.0124481327800829,0.0,0.0,0.0001009693053311,1.4601936694206707,0.641126486291947,1.0,4.211350293542075,1.0130904008530015,1.2051049233252624,1.720146474677259,9.325,5.046719231342278,1.0,20.0,7.0,8.5,11.75,40,42779.0,2322.0,45.0,30250.0,0.0542789686528436,0.0010519179971481,1069.475
63696764,2,1040.4117647058824,404.912707923649,209.0,2956.0,886.75,972.5,1194.5,44.35294117647059,61.89501659733823,0.0,390.0,25.25,31.5,43.75,1.8823529411764703,2.37344011786259,0.0,9.0,0.0,1.0,3.0,45.97058823529411,9.850306934953997,3.0,58.0,43.0,46.5,52.5,0.0361037274694031,0.0207820770124534,0.0,0.131935047361299,0.025185154306835,0.0323394167249259,0.0404520428861199,0.002003790334119,0.0024235279465192,0.0,0.0074441687344913,0.0,0.0009548914529744,0.0033250398747528,0.1475476870017288,0.0967670329460834,0.0,0.4135649296939619,0.0879175618231952,0.1208321623002959,0.1513169608552397,0.0869034996055346,0.0595992660436309,0.0,0.2150537634408602,0.0355549321866692,0.0904289695141866,0.122226786908921,1.4429007727280705,0.2970034424757599,0.5097596153846153,1.790126984126984,1.4394190890020977,1.5237644588116286,1.607878552971576,0.0,0.0,0.0,0.0,0.0,0.0,0.0,0.8387355855192667,0.2654617464630427,0.0,1.0,0.75375,1.0,1.0,0.6945256882744302,0.2437564389457081,0.0,1.371225,0.5788128809542903,0.6936026920454545,0.7426086956521738,5.750548385428684e-05,0.0002322486980646,0.0,0.0011098779134295,0.0,0.0,0.0,0.0053613487321444,0.0040127577830416,0.0,0.0133155792276964,0.0032507515124748,0.0039403650593574,0.0096179352787866,1331.9869117647058,538.0719324682707,47.1099999999999,2250.0,762.0,1438.126,1695.0,171.73229005564505,72.98665947571294,11.567078360662157,417.2103808579826,119.03062098123569,163.3699464281685,195.85119375481085,1.9208769574577569,0.4800182151940638,1.097795373605237,3.047104545733082,1.5591657465007362,1.8052316107095967,2.339232647036339,4.647058823529412,2.098772091166032,0.0,11.0,4.0,4.0,5.0,0.5781248061323816,0.1477402001453565,0.0,0.7543424317617866,0.5475496431347607,0.588166144200627,0.6769057295796987,0.0,0.0,0.0,0.0,0.0,0.0,0.0,1.098487151946424,0.2403484990217282,1.0,2.0,1.0,1.0,1.0383190883190885,16.852941176470587,9.41567014559545,0.0,46.0,14.0,14.0,15.0,34,35374.0,1508.0,64.0,25750.0,0.0426301803584553,0.001809238423701,1040.4117647058824
62095015,0,1742.608695652174,938.1435293511948,21.0,3906.0,1138.5,1440.0,2065.5,66.69565217391305,27.86369740846181,0.0,124.0,48.0,70.0,83.0,2.4782608695652173,2.700556548394702,0.0,10.0,0.5,2.0,3.0,21.26086956521739,6.277755007923494,2.0,32.0,19.0,22.0,26.5,0.0453580752401603,0.028669063659985,0.0,0.1200387221684414,0.0196830232322449,0.0467869222096956,0.057928465860766,0.0012776467636321,0.001205205334194,0.0,0.0042426813746287,0.0002587322121604,0.001068376068376,0.0017253680057075,0.2461173036169094,0.1131353695269495,0.0309777347531461,0.4368932038834951,0.1606599487619647,0.2274199352284994,0.3476737505992825,0.2934221570344743,0.1535110837587229,0.0077444336882865,0.4761904761904761,0.1378040506853787,0.3401069518716577,0.4095253137700497,1.7805013655344808,0.4510143674110174,1.0060714285714287,2.5714285714285716,1.3798987876522055,1.7886011904761905,2.173801749575663,0.0,0.0,0.0,0.0,0.0,0.0,0.0,0.5356615607232754,0.2021429800005066,0.0,1.0,0.4327777777777777,0.53,0.6293478260869565,623.5843946344318,563.6267828159282,0.0,2287.1950145434785,225.34789147061596,471.02647058823527,961.9609554564776,0.0018215756246067,0.0047480397138982,0.0,0.0224598930481283,0.0,0.0,0.0010240655401945,0.0018215756246067,0.0047480397138982,0.0,0.0224598930481283,0.0,0.0,0.0010240655401945,1898.3165217391304,575.4415847405984,450.0,2565.0,1662.475,2061.0,2259.5,356.7236966313366,154.10936277704977,105.1457962343699,625.3144307577763,224.63189323870768,355.6483532484428,470.1972164349437,2.400666996236101,0.4304758745223094,1.3962589316172995,3.112582963051945,2.13989865656446,2.478779923380245,2.69387600860197,2.9130434782608696,2.4479457843929127,0.0,7.0,0.0,4.0,5.0,0.5823666266752715,0.1684681238842748,0.3049605411499436,0.9097222222222222,0.4706651423617166,0.5651709401709402,0.6596975591216715,2.617595476795016e-05,0.000122776110772,0.0,0.0006020469596628,0.0,0.0,0.0,1.7201514700933358,0.3507751371341052,1.238095238095238,2.4155299055613852,1.411608136024154,1.6860364267129229,1.9553761096703832,17.47826086956522,4.421976394814303,7.0,21.0,14.0,20.0,21.0,23,40080.0,1534.0,57.0,17500.0,0.0382734530938123,0.0014221556886227,1742.608695652174
41521672,1,2410.470588235294,1341.5882868778667,2.0,5334.0,1617.0,2192.0,3159.0,135.76470588235293,197.1247826398189,0.0,633.0,12.25,33.5,130.0,2.2058823529411766,3.676470588235294,0.0,17.0,0.0,1.0,3.0,62.294117647058826,24.00432486983851,1.0,104.0,58.25,63.5,73.75,0.0480497307527435,0.068764163314857,0.0,0.2437427801309203,0.0083260177865053,0.0193687853670788,0.0491458650291799,0.0010154809754402,0.0014721857752158,0.0,0.0064935064935064,0.0,0.0002836305468558,0.0016666607994339,0.1206709003893888,0.0680775736743728,0.0,0.2758364312267658,0.0723530592523719,0.1180770319902797,0.1518525620941865,0.1773620481714714,0.1288915109269571,0.0,0.5966101694915255,0.0929432013769363,0.1533529581177195,0.199227681840328,1.1231832748185142,0.3722415643724848,0.0,1.673968253968254,0.9232355881311416,1.1874694347102757,1.3680994491820078,0.0,0.0,0.0,0.0,0.0,0.0,0.0,0.5357067201402087,0.3997985106082735,0.0,1.0,0.0088823529411764,0.6923108610469204,0.9293097643097644,0.7871499703715854,1.3069633836027308,0.0,5.58834025,0.0,0.1181507343263553,1.2017418055555555,0.0,0.0,0.0,0.0,0.0,0.0,0.0,0.0,0.0,0.0,0.0,0.0,0.0,0.0,1391.6119697058823,693.5161052978483,0.0,2565.0,978.4725,1153.91,2122.5,200.38284830832117,113.11529517036118,0.0,472.5358235524314,131.81157001930288,152.3844491084011,230.7767451628009,2.2384491002088196,0.4651268067457105,0.0,2.818646461067621,2.13787435102477,2.352953047261945,2.4538089677588912,37.411764705882355,56.65121235765123,0.0,200.0,0.0,8.0,52.0,0.162990648599814,0.1085747677447711,0.0,0.5363704536932883,0.070637335105839,0.1720342312125307,0.2280215060001696,0.0012691889326357,0.0028603159920366,0.0,0.0165441176470588,0.0,0.0,0.0015779037237108,1.1713857446077844,0.3064923096129216,1.0,2.0,1.0,1.0061560426639793,1.0972762671352885,19.676470588235293,7.181350799672613,0.0,30.0,16.0,22.0,24.5,34,81956.0,4616.0,75.0,25750.0,0.0563229049734003,0.0009151251891258,2410.470588235294
9224105,0,969.6875,342.80401083381446,258.0,1759.0,841.75,985.0,1123.5,9.90625,18.038776592039163,0.0,98.0,2.75,4.0,10.0,0.5625,0.9662265521087692,0.0,4.0,0.0,0.0,1.0,18.34375,5.9351146524309035,12.0,33.0,14.0,16.0,21.0,0.0132048962114303,0.0218616128152066,0.0,0.1008230452674897,0.0030916531136876,0.0052852060673051,0.0070145435761927,0.0008342274758818,0.0015208647524529,0.0,0.0060422960725075,0.0,0.0,0.0009694656488549,0.2996347403125222,0.1188414647804465,0.0620155038759689,0.6206896551724138,0.2363382280592711,0.2629547445067274,0.3873746678887587,0.2684238664850823,0.1824270120912038,0.0232558139534883,0.6620689655172414,0.1166185362125674,0.2027280505297063,0.4565665538802653,0.0,0.0,0.0,0.0,0.0,0.0,0.0,0.0,0.0,0.0,0.0,0.0,0.0,0.0,0.8125,0.3903123748998999,0.0,1.0,1.0,1.0,1.0,0.2779149539091644,0.2212701099249031,0.0,0.5,0.0183341143392689,0.25,0.5,0.0,0.0,0.0,0.0,0.0,0.0,0.0,0.0,0.0,0.0,0.0,0.0,0.0,0.0,586.303979375,208.98791249995344,305.0,1051.492,366.000005,608.4860000000001,622.7904999999998,121.82410004281972,43.07084654071602,57.49201422249779,229.61635179239263,90.9949506528614,100.6281993317431,141.17825430654017,2.335091903456347,0.2557058955699186,1.3056773472784804,2.821031561196336,2.2162187207355384,2.357633050346501,2.4054360999694113,9.8125,17.878823891688178,0.0,97.0,2.75,4.0,10.0,0.0,0.0,0.0,0.0,0.0,0.0,0.0,0.0122489209162426,0.0209494205167149,0.0,0.0987654320987654,0.0026328951250995,0.0043549587736891,0.0070145435761927,0.0,0.0,0.0,0.0,0.0,0.0,0.0,13.5,5.973901572674261,1.0,22.0,7.0,16.5,19.0,32,31030.0,317.0,18.0,24250.0,0.0102159200773445,0.0005800837898807,969.6875
14026602,0,3.238095238095238,8.35466657112893,0.0,32.0,0.0,0.0,1.0,0.0,0.0,0.0,0.0,0.0,0.0,0.0,0.0,0.0,0.0,0.0,0.0,0.0,0.0,0.3809523809523809,0.5753831415997416,0.0,2.0,0.0,0.0,1.0,0.0,0.0,0.0,0.0,0.0,0.0,0.0,0.0,0.0,0.0,0.0,0.0,0.0,0.0,0.0,0.0,0.0,0.0,0.0,0.0,0.0,0.0,0.0,0.0,0.0,0.0,0.0,0.0,0.0,0.0,0.0,0.0,0.0,0.0,0.0,0.0,0.0,0.0,0.0,0.0,0.0,0.0,0.0,0.0,0.0,0.0,0.0,0.0,0.0,0.0,0.0,0.0,0.0,0.0,0.0,0.0,0.0,0.0,0.0,0.0,0.0,0.0,0.0,0.0,0.0,0.0,0.0,0.0,0.0,0.0,88.57142857142857,214.83738510979956,0.0,690.0,0.0,0.0,0.0,30.87293366675134,74.5507389209095,0.0,240.41630560342617,0.0,0.0,0.0,0.345807938494072,0.8375749800029668,0.0,3.007048827786958,0.0,0.0,0.0,0.0,0.0,0.0,0.0,0.0,0.0,0.0,0.0,0.0,0.0,0.0,0.0,0.0,0.0,0.0,0.0,0.0,0.0,0.0,0.0,0.0,0.0,0.0,0.0,0.0,0.0,0.0,0.0,0.0,0.0,0.0,0.0,0.0,0.0,0.0,21,68.0,0.0,0.0,16000.0,0.0,0.0,3.238095238095238
82836212,2,2245.8285714285716,745.7062418832724,515.0,4163.0,1660.5,2275.0,2891.0,89.37142857142857,42.60119764532831,24.0,219.0,63.0,82.0,108.0,2.2,2.2903524370092665,0.0,7.0,0.0,2.0,3.5,37.91428571428571,6.142923587680514,19.0,48.0,34.5,39.0,42.0,0.0440539815560533,0.0215973658573213,0.0060052846504924,0.1087378640776699,0.0316379341227144,0.0417582417582417,0.057936360191837,0.0010938674655576,0.00117251938815,0.0,0.0045045045045045,0.0,0.0007604562737642,0.0018073279005311,0.2157804786319743,0.0668475774000014,0.0986494421608925,0.3428853754940711,0.166852264521172,0.1963927855711423,0.2579408351079491,0.3231871460261175,0.0859108465946595,0.1397802197802198,0.5023222579492675,0.2643542956286483,0.3257266394427096,0.3732709037564689,1.993325602156941,0.5900119392683498,1.033846153846154,4.01626050420168,1.5314759105309452,1.879636075949367,2.3170372775372776,-22.01918367346939,67.02835449589881,-94.0,82.0,-80.0,-42.0,40.0,0.1535238095238095,0.2271632415730931,0.0,0.79,0.0,0.0,0.3333333333333333,28.81712150779991,56.997723156062534,0.3278776571428571,274.1566253846154,1.4444002916666667,4.874366638888889,27.889793521306988,0.0,0.0,0.0,0.0,0.0,0.0,0.0,0.0,0.0,0.0,0.0,0.0,0.0,0.0,2010.63332,268.7438243183941,1408.9162,2457.0,1789.0,2024.0,2250.0,263.20614351998523,72.94806863125082,134.16772541467108,439.0299378893002,203.4399786882496,266.79544865646955,321.9529563926085,2.129322802957289,0.2750546881507077,1.5994152283390024,2.84722361539434,1.9408902236603935,2.083192506007013,2.3030995485775216,15.228571428571428,9.24920294414826,0.0,40.0,10.0,12.0,16.0,0.4490427524641058,0.1414725622091584,0.2208520179372197,0.7182509505703422,0.3402416736061697,0.4431554524361949,0.5347172120301774,0.0,0.0,0.0,0.0,0.0,0.0,0.0,1.3539395315445006,0.3483664150592931,1.0,2.330067360685854,1.0666748279570832,1.243781094527363,1.598454117520114,23.457142857142856,6.486658206956611,12.0,34.0,17.5,23.0,27.0,35,78604.0,3128.0,77.0,26500.0,0.0397944124980917,0.0009795939137957,2245.8285714285716
12245263,0,132.95,240.40704544584375,0.0,884.0,6.75,22.0,101.75,13.9,16.61896507006378,0.0,72.0,5.5,7.0,15.25,0.15,0.3570714214271425,0.0,1.0,0.0,0.0,0.0,4.1,5.107837115648853,0.0,24.0,1.0,2.5,4.25,0.5396871280068807,0.4514038382445827,0.0,1.0,0.1041068108838938,0.5581896551724138,1.0,0.0064284093593425,0.0272075602250465,0.0,0.125,0.0,0.0,0.0,0.0148726400374473,0.0295654627876181,0.0,0.1074660633484163,0.0,0.0,0.00625,0.0243710017163364,0.051213669122917,0.0,0.1724137931034483,0.0,0.0,0.00625,0.3076296621691415,0.5221064230935883,0.0,2.0,0.0,0.0,0.5,0.0,0.0,0.0,0.0,0.0,0.0,0.0,0.475,0.4866980583482946,0.0,1.0,0.0,0.25,1.0,646.5648181818182,2173.093132610162,0.0,9999.0,0.18,0.5,5.5625,0.0,0.0,0.0,0.0,0.0,0.0,0.0,0.0,0.0,0.0,0.0,0.0,0.0,0.0,268.70875,241.2876786994883,0.0,896.25,52.5,255.5875,405.875,61.50391909779454,50.42574813919881,0.0,159.05482545336372,16.74038105676658,54.682915283439726,99.49738075731833,1.3538484817696723,0.9264252753221098,0.0,2.915267325209042,0.5634444133421137,1.704429019465277,2.114777557163145,2.05,2.15580611373101,0.0,6.0,0.0,1.5,4.0,0.0,0.0,0.0,0.0,0.0,0.0,0.0,0.0189244663382594,0.0478432205686953,0.0,0.1666666666666666,0.0,0.0,0.0,0.5246527777777777,0.5349768288148816,0.0,1.4930555555555556,0.0,0.5,1.0,0.95,1.5960889699512368,0.0,6.0,0.0,0.0,1.25,20,2659.0,278.0,3.0,15250.0,0.104550582925912,0.0011282437006393,132.95
89800937,2,4042.9302325581393,2193.843663160235,15.0,8735.0,2478.0,3452.0,5274.5,175.32558139534885,78.0994360013678,5.0,364.0,135.5,163.0,223.5,2.0,5.08531858552432,0.0,33.0,0.0,0.0,3.0,58.0,21.443272919225087,5.0,109.0,43.5,60.0,71.0,0.0637810754342431,0.0554018863862049,0.0103141115799343,0.3333333333333333,0.0277842422623492,0.0506721820062047,0.0782794528099751,0.0005160905870459,0.0010931786394142,0.0,0.0068139582903159,0.0,0.0,0.0008023540870058,0.2492464786933044,0.0778713195113358,0.0,0.4114877589453861,0.2001505179784721,0.2521246458923513,0.2926486031354361,0.2451414217458339,0.0788534530156474,0.0,0.42984934086629,0.1965024827695329,0.2495049504950495,0.2871642777715003,1.144980807805295,0.4700440829002373,0.0,3.0384615384615383,0.865240746513102,1.1230021953896818,1.3535565427539633,-0.2592713906176074,16.107538030055004,-90.0,30.0,0.0,0.0,0.0,0.6583405412539354,0.2206964641953487,0.0,1.0,0.5753704221414593,0.72,0.80025828460039,9.376957281071258,35.940879747114444,0.119891304347826,173.9815837586207,0.4101479454408544,0.5720451760869565,1.0875897345148586,0.0026256557135161,0.005937148843387,0.0,0.0278193239605145,0.0,0.0,0.0027308042993871,0.0011650848815316,0.0042791829770269,0.0,0.0278193239605145,0.0,0.0,0.0,2221.9306372093024,336.56527776347093,390.0,2505.0,2167.65,2270.59,2390.144,444.5286319384054,123.4528000460228,162.9232948353304,625.9037628562515,345.3976236583646,426.4003893094504,552.7953686085561,2.026454868228569,0.3809102241037085,0.99034355609518,2.9325695650021086,1.7499169005518398,2.069452561584258,2.245743507555966,55.16279069767442,49.30301666913621,0.0,223.0,20.0,36.0,77.0,0.2199696428123123,0.2064716427301162,0.0,0.8423845193508115,0.0561380683320116,0.1610683933630109,0.3732541946148747,0.0023905537771423,0.0029857708633531,0.0,0.0114613180515759,0.0001158438912491,0.0009416195856873,0.004203069881829,1.890428797184395,0.5397327119092966,1.0,2.959170653907496,1.5255986747099872,1.799830902557599,2.197005006638637,51.88372093023256,27.926156200024497,0.0,102.0,34.0,49.0,57.0,43,173846.0,7539.0,86.0,32500.0,0.0433659675805022,0.0004946907032661,4042.9302325581393
35745571,1,681.1632653061224,417.2096495909302,162.0,2134.0,358.0,618.0,849.0,33.755102040816325,17.905113409696053,8.0,97.0,18.0,32.0,46.0,1.9591836734693877,2.899396022069884,0.0,15.0,0.0,1.0,3.0,26.93877551020408,12.720557302746665,6.0,65.0,16.0,25.0,35.0,0.0691547811086584,0.0528033173671927,0.0087774294670846,0.2456896551724137,0.0299110751818916,0.0557768924302788,0.0977653631284916,0.0044725919850689,0.0091120431102353,0.0,0.0432098765432098,0.0,0.0011778563015312,0.0032873109796186,0.1537732808003038,0.1144483889835453,0.0047021943573667,0.4608076009501187,0.0647820965842167,0.1287128712871287,0.2205882352941176,0.1455950925630193,0.1431024867187148,0.0,0.6728395061728395,0.0319488817891373,0.1069182389937107,0.2170087976539589,1.945208845932487,0.1920896416578379,1.25,2.3847875647668397,1.9248623853211009,1.9803517587939696,2.0,0.0,0.0,0.0,0.0,0.0,0.0,0.0,0.7480454297031074,0.2585454343296015,0.0,1.0,0.6923076923076923,0.8,0.9,1.0284836927576066,1.0713044635154163,0.0,5.37043965,0.4666666666666667,0.6357424565217391,1.1863212260869564,0.0,0.0,0.0,0.0,0.0,0.0,0.0,0.0,0.0,0.0,0.0,0.0,0.0,0.0,861.9093269387755,184.9531051816955,540.0,1278.2593,720.0,889.35,945.0,162.57772530252842,39.89611835276103,92.48416446150308,256.19686424405825,132.7157825269165,159.11478327017417,185.49772774159825,2.668385226729339,0.2775009606142537,1.9535613025726304,3.1941618530714204,2.530652673585276,2.677605772667661,2.8874008219525296,16.53061224489796,10.26208007083643,2.0,60.0,12.0,15.0,17.0,0.0424795694394993,0.0865558942924799,0.0,0.4194001874414245,0.0,0.0013149243918474,0.0242914979757085,0.012639793925543,0.0170270963336229,0.0,0.0520446096654275,0.0,0.0009372071227741,0.025,1.3756379782858952,0.2642305170437742,1.0,1.9156716417910449,1.1330798479087452,1.3660818713450291,1.5555555555555556,5.061224489795919,2.6373159149632825,0.0,11.0,4.0,5.0,6.0,49,33377.0,1654.0,96.0,37000.0,0.0495550828414776,0.0028762321359019,681.1632653061224
11441552,1,635.925925925926,277.0976463706299,149.0,1100.0,386.5,665.0,806.5,35.55555555555556,14.555979637588004,3.0,53.0,25.0,42.0,45.5,1.148148148148148,2.25591738264312,0.0,8.0,0.0,0.0,1.0,23.555555555555557,10.47866733586874,7.0,53.0,16.0,21.0,28.5,0.0705190301294579,0.0519942973549348,0.0073327222731439,0.2483221476510067,0.0350735824250392,0.0587449933244325,0.1059693265771864,0.0022144624997031,0.00485549539356,0.0,0.02,0.0,0.0,0.0011258518843945,0.198134246211228,0.22397783439207,0.0,0.63564875491481,0.0305544683626875,0.0953237410071942,0.3376499598484787,0.1857260820630315,0.0817996475987044,0.0366636113657195,0.3280318091451292,0.1139382322921658,0.1824234354194407,0.248639783908933,0.772342298141288,0.1738032357103836,0.5536781609195403,1.3834615384615383,0.6669542433537832,0.7549305555555555,0.8126125000000001,0.0,0.0,0.0,0.0,0.0,0.0,0.0,0.5111846952900602,0.1451266183720501,0.0,0.95,0.4864468864468864,0.5,0.5642715886618326,0.4076119033273586,0.5928283485948784,0.0451984,2.791466875,0.0771232359307359,0.1917288,0.3988037910557185,0.0,0.0,0.0,0.0,0.0,0.0,0.0,0.0,0.0,0.0,0.0,0.0,0.0,0.0,1036.1948211111112,388.789124753952,330.0,1752.05,740.7,945.0,1397.4238850000002,213.9174989308217,124.92027173933592,80.8745999698494,504.1686831966287,145.3093912909383,159.5271029925753,234.08702967142392,2.38352021540369,0.4869764004751666,1.2112001825214476,3.128513286554362,2.150261670559071,2.5769580647799697,2.7069813272198995,3.703703703703704,4.790537082816303,0.0,19.0,0.0,2.0,7.0,0.009204324365904,0.0184056688894088,0.0,0.0685714285714285,0.0,0.0,0.0062415589426972,0.0,0.0,0.0,0.0,0.0,0.0,0.0,1.161552198731684,0.2035003591317829,1.0,1.7881773399014778,1.033008658008658,1.0988074957410563,1.1848832540426102,2.888888888888889,1.0657403385139377,1.0,5.0,2.0,3.0,3.5,27,17170.0,960.0,31.0,20500.0,0.0559114735002912,0.0018054746651135,635.925925925926
62404461,0,1164.645161290323,781.0932598231168,69.0,3056.0,598.5,980.0,1697.0,66.96774193548387,37.4617946205393,15.0,170.0,39.0,62.0,88.5,0.032258064516129,0.1766846959694084,0.0,1.0,0.0,0.0,0.0,12.709677419354838,4.965646814166156,3.0,22.0,9.0,13.0,16.0,0.1369601469463327,0.2444446226530173,0.0141313383208645,1.0,0.033254771432969,0.0700934579439252,0.0904782421370099,1.998640924171563e-05,0.0001094700718521,0.0,0.0006195786864931,0.0,0.0,0.0,0.2473614687802945,0.1407690802079745,0.0,0.5646029609690444,0.1598862450732363,0.2273853779429987,0.3771498771498771,0.1955723675159087,0.1262319478532359,0.0,0.5230337078651686,0.1303568679373095,0.184090909090909,0.2572647329045806,0.9921413502130296,0.4753504598044866,0.0,2.0,0.7969087476304042,0.9344081942336874,1.2058710150219598,0.0,0.0,0.0,0.0,0.0,0.0,0.0,0.7298422191830776,0.1830135129083502,0.3999999999999999,1.0,0.5869041666666667,0.7066666666666667,0.898989898989899,5.620748913217626,14.435155463937074,0.094232,69.80100235333335,0.6889303238095238,1.3002126896551724,2.0317691925284933,0.0,0.0,0.0,0.0,0.0,0.0,0.0,0.0,0.0,0.0,0.0,0.0,0.0,0.0,1187.0536161290322,251.90985243988104,604.528,1679.0,1025.25,1191.4283,1319.5,194.8421461323171,62.517449606839435,101.32642883418332,412.4066551228211,161.87939572221103,181.54983030271111,219.57506463720108,2.3423821605289072,0.4000301150370915,1.5836131143678762,3.1824052234551057,1.9879268133030887,2.3887173063432843,2.538257943263099,18.193548387096776,13.954810373854578,7.0,81.0,10.5,14.0,21.0,0.2286662985998444,0.2048802552202521,0.0,0.766798418972332,0.0541076082687707,0.175,0.363990926912379,0.0,0.0,0.0,0.0,0.0,0.0,0.0,1.2028565705854246,0.4363715376109318,0.0,2.182242990654206,1.0315130896090414,1.1067708333333333,1.4677331782043823,11.516129032258064,5.64470044201859,0.0,19.0,7.0,10.0,17.0,31,36104.0,2076.0,1.0,23500.0,0.0575005539552404,2.7697762020828717e-05,1164.645161290323
71147617,2,1715.179487179487,590.371237911861,6.0,3296.0,1430.5,1598.0,1978.5,145.28205128205127,61.07454407733045,2.0,304.0,106.0,134.0,192.0,4.6923076923076925,3.42055510680047,0.0,16.0,2.0,5.0,7.0,92.46153846153848,27.64504513850645,5.0,152.0,80.5,93.0,105.5,0.0971642046826427,0.0631337119039155,0.0364864864864864,0.3333333333333333,0.0573458342101668,0.0887029288702929,0.1074512200197503,0.0029644888673247,0.0026123857181804,0.0,0.0117474302496328,0.0014010608592345,0.0021810250817884,0.0041901246522362,0.1026992607870653,0.0430051995810284,0.0,0.2213352685050798,0.0760888580291444,0.0987103174603174,0.1239495729370933,0.1479828802957965,0.0745383642029021,0.0,0.3831672203765227,0.0984981226533166,0.1264880952380952,0.193247559010922,1.1377206605581265,0.3997547284742809,0.0,1.8942771084337349,0.8376097922848664,1.1266346153846154,1.377312481601413,16.063074801366525,62.984868477570686,-120.0,240.0,0.0,6.666666666666667,29.72850678733032,0.3909551410240321,0.1121523252355035,0.0,0.5714285714285714,0.3262282690854119,0.4,0.4777090964590964,0.6223800985057284,0.4882306791958194,0.2826726216216216,2.8367480940000003,0.3804346549210392,0.4701375988372093,0.6094762227557494,0.0007242287517867,0.0022108528846634,0.0,0.0110821382007822,0.0,0.0,0.0,0.0005957274711801,0.002204049493525,0.0,0.0110821382007822,0.0,0.0,0.0,1777.3063051282054,436.40104166085166,300.0,2540.0,1530.0,1728.9259,2040.0,282.51643793255477,100.73766204225788,121.0363691278939,566.1372542344086,211.2627426966315,258.6511433070927,362.01530780448707,2.2137715402564813,0.3751448371235525,1.3158878105405931,3.094784103596494,1.9974222857764152,2.288179363987793,2.497391998949734,27.153846153846153,13.224953999315977,0.0,63.0,19.0,25.0,37.0,0.2828818443899697,0.11328612076129,0.0673952641165755,0.5342465753424658,0.1963057423293917,0.2725450901803607,0.3749328395151163,0.000533334277067,0.0012312333108064,0.0,0.0048543689320388,0.0,0.0,0.0002251238180999,1.3541493362098442,0.2246784099737384,1.0249322493224933,2.0,1.1852976586224866,1.3163138231631382,1.4913487006256958,24.871794871794872,12.277098728473746,0.0,49.0,15.0,23.0,30.0,39,66892.0,5666.0,183.0,29500.0,0.0847037014889672,0.0027357531543383,1715.179487179487
63789349,2,1359.625,821.1770039857424,69.0,3373.0,788.75,1281.0,1852.75,124.8125,100.44757261253255,0.0,433.0,65.5,98.0,151.25,1.875,1.3635890143294642,0.0,5.0,1.0,2.0,3.0,31.6875,14.156353476443009,3.0,59.0,21.75,29.0,43.5,0.0941666315877364,0.0575347091790974,0.0,0.2434210526315789,0.0561354382601847,0.0825238060972392,0.1254392998652753,0.0021689589588901,0.0027158790243656,0.0,0.0144927536231884,0.0008908948194662,0.0014652014652014,0.0021861093987163,0.091171496727508,0.0843302516033478,0.0,0.3406113537117904,0.0362883959285247,0.0686401119227302,0.1213927991878302,0.2049688402788518,0.108491533098486,0.0,0.4187755102040816,0.1458946476266751,0.2165441077441077,0.2587497972561061,1.8744469025696269,1.0450236608284718,0.531764705882353,5.0,1.1310309865573025,1.6016819317410589,2.434660037002775,4.427083333333333,11.21607055591564,0.0,50.0,0.0,0.0,0.0,0.6214027271914385,0.2585277236862249,0.0,1.0,0.4942307692307692,0.5769736842105263,0.8584558823529411,1.3819969423311853,3.163350398069995,0.0,18.019960125,0.4089578316831684,0.5208289754545454,0.9963839761720475,0.0003916985146775,0.0012278066247529,0.0,0.0048543689320388,0.0,0.0,0.0,0.0072101961894509,0.0176938936433677,0.0,0.0852974186307519,0.0,0.0,0.0,1585.5559375,590.1454336001602,460.0,2475.0,1192.5,1377.5,2311.5,274.74906540216824,122.12018009739862,118.5364347718034,591.7302671635921,190.58308258117165,236.65617197034356,306.8750488004431,2.3578387138304393,0.5133666741166987,1.1385184436126428,3.155416437739265,2.0626452979373293,2.5300848435169883,2.659585254659064,19.1875,15.839897213997318,0.0,79.0,9.75,17.0,25.5,0.2951813326381334,0.1824071361038076,0.0,0.7112362881707679,0.1757890329914801,0.2814048251597616,0.377770139339063,0.0003553048023539,0.0010560939074325,0.0,0.0048,0.0,0.0,0.0,1.5678898376579742,0.4536844719530923,1.0,2.695575221238938,1.1357801263594558,1.5211714594858194,1.776678087106264,13.96875,4.746606518082155,0.0,20.0,11.75,14.5,16.0,32,43508.0,3994.0,60.0,24250.0,0.0917992093408108,0.0013790567251999,1359.625
56097631,1,1023.2941176470588,516.8782157969109,37.0,2471.0,535.5,1066.5,1370.0,140.14705882352942,100.79044432792264,0.0,349.0,57.25,138.0,229.75,0.7058823529411765,1.404392516036861,0.0,5.0,0.0,0.0,0.75,15.617647058823527,5.955791575197812,4.0,26.0,11.0,16.5,19.0,0.1691669661263632,0.130662425620755,0.0,0.7027027027027027,0.0889751105131654,0.1660943239309723,0.2125776585038578,0.0007382777608908,0.0013903375416718,0.0,0.0047438330170777,0.0,0.0,0.0004885993485342,0.1051976992946283,0.1373241629579766,0.0,0.3908427339084273,0.0023375278871738,0.0220576574036546,0.2525441228305267,0.1472567524286244,0.1441320142138954,0.0,0.49375,0.0295812572348885,0.0769349031031274,0.2723843417782824,2.097779230769001,1.896962960715889,0.5721208384710235,8.372448979591837,0.9452412815302088,1.5204160308873167,1.943753794131743,2.823529411764706,16.219941590225023,0.0,96.0,0.0,0.0,0.0,0.6914048919175532,0.3943800693580246,0.0,1.0,0.4720930232558139,0.9583333333333331,1.0,0.8922755046383989,0.9421281701426364,0.0,4.7017179761904755,0.3768045112781955,0.5089473684210526,1.4519326476443264,0.025034165358784,0.0569094160709563,0.0,0.2251082251082251,0.0,0.0,0.0104827190246996,0.029542619141122,0.0573898763308242,0.0,0.2251082251082251,0.0,0.0006793478260869,0.0228841477021297,1913.040320588235,551.9485890568686,1065.0,2707.525,1410.0,2186.25,2411.25,322.09126809146903,136.5807415180015,111.97268676824852,631.1128184746383,219.21588947532933,299.2117014668945,388.17279380051656,2.079611764146488,0.3198032859450337,1.219540432608787,2.513640411880562,1.948183485356465,2.1700933823156117,2.305062972404325,4.735294117647059,4.293009526643023,0.0,15.0,1.25,4.0,6.75,0.0,0.0,0.0,0.0,0.0,0.0,0.0,0.0,0.0,0.0,0.0,0.0,0.0,0.0,2.0039455279742433,0.4957923048308236,1.1180904522613064,2.744597249508841,1.66952707856598,1.9052742349595435,2.4933560245674142,12.588235294117649,2.8087850320737227,2.0,14.0,13.0,14.0,14.0,34,34792.0,4765.0,24.0,25750.0,0.1369567716716486,0.0006898137502874,1023.2941176470588
4311321,0,457.76666666666665,455.6679114833033,78.0,2496.0,272.75,335.0,412.0,182.06666666666663,460.7900413661544,5.0,2248.0,19.25,30.0,79.0,2.2,1.9043809142780932,0.0,7.0,1.0,2.0,3.0,25.133333333333333,7.736206362868618,10.0,39.0,20.0,26.0,30.0,0.2078063386685208,0.2424019984657271,0.0178041543026706,0.9006410256410257,0.0648554465668559,0.0994743351886209,0.2185652511739468,0.0064557032496591,0.0054424423624759,0.0,0.0178041543026706,0.0024714300161812,0.005035952986506,0.0101614224285031,0.0384087996958772,0.0342681499863306,0.0,0.125,0.0113080087804352,0.0304361226691323,0.0470518716233599,0.0203253901617059,0.0351947716208049,0.0,0.1462585034013605,0.0,0.0016722408026755,0.0261062688568555,0.0,0.0,0.0,0.0,0.0,0.0,0.0,0.0,0.0,0.0,0.0,0.0,0.0,0.0,0.0,0.0,0.0,0.0,0.0,0.0,0.0,0.0371632730956609,0.0755934610548978,0.0,0.325,0.0,0.0009704759192733,0.0351307189542483,0.0,0.0,0.0,0.0,0.0,0.0,0.0,0.0,0.0,0.0,0.0,0.0,0.0,0.0,555.7335866666667,300.09332104445036,330.0,1418.0,405.5892224999999,458.583335,510.61375,144.90699591118636,83.861805448207,80.9689539910354,503.2459638000178,112.40034271389467,121.24393928518332,136.42737380843243,2.7738434867182473,0.3930554930393333,1.6018170265950953,3.178355080473131,2.6492709873489124,2.86596447354289,3.0203634804960537,182.06666666666663,460.7900413661544,5.0,2248.0,19.25,30.0,79.0,0.0,0.0,0.0,0.0,0.0,0.0,0.0,0.007963549657458,0.0150929924754433,0.0,0.0613026819923371,0.0,0.0,0.008563074352548,0.0,0.0,0.0,0.0,0.0,0.0,0.0,0.0,0.0,0.0,0.0,0.0,0.0,0.0,30,13733.0,5462.0,66.0,22750.0,0.3977281001966067,0.0048059418917934,457.76666666666665
26248615,0,755.8333333333334,182.65351230008025,430.0,1253.0,643.75,695.5,869.25,21.625,21.041254121368336,1.0,87.0,6.0,9.0,36.0,16.041666666666668,28.742360096013147,0.0,102.0,0.0,3.0,13.25,27.875,15.289736481269603,4.0,60.0,16.5,25.0,37.25,0.0266926042410031,0.02417977895181,0.0011198208286674,0.1005780346820809,0.0087878870524918,0.0152066726929082,0.0409359035613216,0.0227213350913576,0.0414948936249065,0.0,0.150220913107511,0.0,0.003707967444849,0.0179327966198469,0.1592840354348935,0.1385043853763412,0.0,0.5698587127158555,0.0457944518292397,0.1258117462356383,0.1886852546834588,0.1441387928194255,0.1462479043073502,0.0,0.4948301329394387,0.0383249141492061,0.0838443097902687,0.1860120722287584,1.473306620807472,0.468629000538092,0.0,1.9993370165745856,1.234940459051458,1.531183943089431,1.8540745469336104,0.0,0.0,0.0,0.0,0.0,0.0,0.0,0.5712202380952381,0.3300914941684991,0.0,1.0,0.45,0.5357142857142857,0.8500000000000001,1.0694767884830447,0.9711334484685098,0.0,4.5,0.5,0.9218129772727272,1.4685050916666669,0.0,0.0,0.0,0.0,0.0,0.0,0.0,0.0,0.0,0.0,0.0,0.0,0.0,0.0,605.2598708333334,158.86923215200838,338.0,883.0,462.5,604.0,743.86995,113.89679194325048,25.718294114090774,76.54722000313518,178.8377391084091,97.39247001321542,104.54769876752296,133.85434952087198,2.659614611940667,0.1987217176113555,2.3812194779360687,3.14106653598699,2.4979570233386994,2.6265566426375475,2.750005366052693,17.583333333333332,18.48854750619661,1.0,80.0,5.0,8.0,29.75,0.0001509415940236,0.0005221661935839,0.0,0.0023255813953488,0.0,0.0,0.0,0.0016913156611016,0.0018916246881693,0.0,0.0061919504643962,0.0,0.0015175090573989,0.0025882288768886,1.06710314009071,0.1404545300414074,1.0,1.6208530805687205,1.0,1.0024265046483318,1.05437430786268,1.875,1.165922381636102,0.0,4.0,1.0,1.5,3.0,24,18140.0,519.0,385.0,18250.0,0.0286108048511576,0.0212238147739801,755.8333333333334
14755456,0,479.3478260869565,425.52868484475744,1.0,1471.0,72.0,443.0,718.5,5.6521739130434785,6.011645912597474,0.0,24.0,2.0,2.0,10.5,0.5652173913043478,0.876062681722169,0.0,3.0,0.0,0.0,1.0,16.17391304347826,11.04005424495591,1.0,35.0,2.5,19.0,24.0,0.1993073721650899,0.3432014922339356,0.0,1.0,0.0041992561737141,0.0103092783505154,0.2042606516290726,0.0007519591240655,0.001072810633207,0.0,0.0032258064516129,0.0,0.0,0.0018531423144978,0.1008252049603361,0.1167903939471343,0.0,0.3174946004319654,0.0,0.0300751879699248,0.2256335593066108,0.214928303325084,0.178279324624205,0.0,0.4875,0.0,0.2548387096774193,0.3667967123486069,0.7288150733123986,0.5474651331992259,0.0,1.6489976689976689,0.25,0.6225,1.161307705706124,0.0,0.0,0.0,0.0,0.0,0.0,0.0,0.1757971014492753,0.3355696251524141,0.0,1.0,0.0,0.0,0.1883333333333333,3.180505366114562,2.7908787924061405,0.0,11.1620375,0.9433275,3.36279,4.21379,0.0,0.0,0.0,0.0,0.0,0.0,0.0,0.0,0.0,0.0,0.0,0.0,0.0,0.0,483.0658739999999,312.4306678986813,0.0,1102.05,256.61,376.5,727.749,111.9582958276892,58.50959428578457,0.0,271.41509693984517,91.08881319905768,117.49032744032692,136.80463181787536,2.3818056281565028,0.7907426309265826,0.0,3.278597604049757,2.097419462449847,2.7205812008463273,2.830832596528695,1.434782608695652,1.929768784449752,0.0,5.0,0.0,0.0,3.0,0.2166842376779222,0.3122678027851702,0.0,0.9547511312217196,0.0,0.0045146726862302,0.3639195363086914,0.0001835753058745,0.0005041214564578,0.0,0.0019880715705765,0.0,0.0,0.0,1.1211614209004868,0.5470435790926551,0.0,2.0,1.0,1.0,1.5443027353582814,0.9565217391304348,1.8761260009036016,0.0,5.0,0.0,0.0,0.5,23,11025.0,130.0,13.0,17500.0,0.0117913832199546,0.0011791383219954,479.3478260869565
66445435,2,2230.8153846153846,1038.313942331623,25.0,5456.0,1726.0,2192.0,2933.0,55.49230769230769,34.92767167334104,1.0,169.0,30.0,50.0,74.0,2.4153846153846152,3.012243261666564,0.0,12.0,0.0,1.0,4.0,26.815384615384616,7.1551859787522325,3.0,42.0,23.0,28.0,31.0,0.0324835097789245,0.0304327820317894,0.0012091898428053,0.1554621848739495,0.0131888836552049,0.0226666666666666,0.04,0.0013158525757861,0.0018925903042148,0.0,0.0083333333333333,0.0,0.0004710315591144,0.0022321428571428,0.232502471083537,0.1127216853233468,0.0,0.4686809137803979,0.1486268174474959,0.2221715328467153,0.3286290322580645,0.3289352474036442,0.1136691504706298,0.08,0.6058981233243967,0.2543774319066147,0.3169177288528389,0.3938388625592417,0.8938550569047965,0.2908697529731044,0.4572727272727273,2.1694117647058824,0.6772191673212883,0.8334027777777778,1.0032450331125828,0.0,0.0,0.0,0.0,0.0,0.0,0.0,0.3156605182277247,0.1726012553715375,0.0,1.0,0.2066666666666666,0.3094117647058823,0.3955,2.759346136681237,2.3235479073237943,0.0,13.827801703968252,1.3395175777777777,2.0688304142857143,3.491342904761904,4.106214070626882e-05,0.0003284971256501,0.0,0.0026690391459074,0.0,0.0,0.0,0.0007985045033186,0.0027542423472728,0.0,0.0147058823529411,0.0,0.0,0.0,1460.5250615384616,379.428248481597,744.0999999999999,2350.9999,1180.9999,1452.11,1709.5,205.64087406932467,81.01911703589822,101.67393824613528,460.94581355995433,154.74616749606716,180.8100215088864,223.91712019047296,2.248848558750888,0.3640925751808969,1.5520377831760368,3.1932696895151085,1.984249318762148,2.192424184293978,2.438323851091031,1.7846153846153847,5.067216828845253,0.0,38.0,0.0,0.0,2.0,0.2727588661948841,0.1416180147301932,0.0,0.5140449438202247,0.2016610433428497,0.3088852988691438,0.3586516853932584,6.838183678911778e-05,0.0002126106074475,0.0,0.0012820512820512,0.0,0.0,0.0,1.9337583984512108,0.5392814561185117,1.0,3.2264437689969605,1.4963474025974026,1.8689162881245944,2.3069620253164556,42.87692307692308,13.200824790441278,0.0,52.0,43.0,48.0,51.0,65,145003.0,3607.0,157.0,49000.0,0.0248753474066053,0.0010827362192506,2230.8153846153846
35136617,1,688.5555555555555,133.16443005584776,234.0,900.0,619.5,709.0,777.0,19.59259259259259,10.19171507850502,5.0,62.0,15.5,19.0,22.0,2.111111111111111,5.438772555786852,0.0,29.0,0.0,0.0,2.0,73.77777777777777,15.47359359571758,18.0,105.0,67.5,72.0,80.5,0.0289682434820721,0.0157559095158926,0.0059031877213695,0.1009771986970684,0.023163176973435,0.0282087447108603,0.0303451382054147,0.00289636968012,0.0072239623601004,0.0,0.03841059602649,0.0,0.0,0.0028651957849966,0.1060216444463765,0.0350159679839103,0.0341880341880341,0.1639344262295081,0.0847989077613736,0.1077654516640253,0.1356245572201199,0.2031628006577072,0.0535357361873859,0.0811965811965812,0.302734375,0.1716978480182403,0.1995277449822904,0.2437290798201121,1.498679376952364,0.249099935944019,0.926036036036036,1.8244235924932977,1.2747862677959994,1.646839378238342,1.6807254440883084,38.67261869601051,48.23192647487724,-3.3333333333333335,198.88888888888889,4.0,33.1578947368421,51.0,0.5751068783068783,0.4183940100403734,0.0,1.0,0.0,0.6675,1.0,8.042250769318834,16.319944600030894,0.5130206666666667,87.57142857142857,1.880952380952381,3.0,7.743802083333334,0.0,0.0,0.0,0.0,0.0,0.0,0.0,0.0,0.0,0.0,0.0,0.0,0.0,0.0,708.092262962963,56.38490575547185,630.0,855.5,674.5,701.25,727.25,132.21501352440396,12.515426609668978,102.2783805161838,151.8987551440289,123.73361260827583,135.3694040261068,139.01769724157143,2.6316570324710225,0.222391043379583,2.110610020971509,2.9690103549675992,2.5270724342023607,2.64861192071963,2.815138745168916,11.88888888888889,3.928371006591931,4.0,18.0,10.0,14.0,14.0,0.0268045171978776,0.0836906655917136,0.0,0.4487179487179487,0.0,0.007052186177715,0.0184074928511237,0.0012591147628005,0.0032238566430524,0.0,0.01171875,0.0,0.0,0.0,1.0646830317406284,0.1188362614296959,1.0,1.4661016949152543,1.0,1.0,1.089876231675078,8.222222222222221,5.057691856329352,0.0,16.0,6.0,8.0,12.0,27,18591.0,529.0,57.0,20500.0,0.0284546285837233,0.0030659996772631,688.5555555555555
73123168,0,3656.586206896552,2713.5125539601627,38.0,9099.0,574.0,3765.0,5994.0,89.20689655172414,65.74159409245325,4.0,229.0,33.0,68.0,162.0,0.2068965517241379,0.923983517722363,0.0,5.0,0.0,0.0,0.0,28.17241379310345,12.225098449691002,8.0,52.0,17.0,31.0,36.0,0.0687340212578189,0.1315641442522035,0.0015015015015015,0.7105263157894737,0.0205821817112613,0.0286458333333333,0.0418326693227091,4.435767241902741e-05,0.0002038812321477,0.0,0.001109631602308,0.0,0.0,0.0,0.2806600961665714,0.1094699727709006,0.0,0.4885941644562334,0.2345866950829654,0.3066202090592334,0.349454365079365,0.2570532799308461,0.1025045269540433,0.0,0.4323607427055703,0.192410119840213,0.2651041666666666,0.3278550358196376,1.301059703181827,0.2638683251453477,0.5,1.7395724465558196,1.09928525709409,1.3642257217847769,1.500702576112412,0.0,0.0,0.0,0.0,0.0,0.0,0.0,0.3954641934324249,0.2584444789134739,0.0,1.0,0.175,0.4444444444444444,0.5555555555555556,3.4140617488235576,5.859088662643627,0.4025394608695652,30.936784897435892,1.0,1.4148590212765957,2.7079505625,0.0009774398431699,0.0024426114478006,0.0,0.0113186191284663,0.0,0.0,0.0,0.0009774398431699,0.0024426114478006,0.0,0.0113186191284663,0.0,0.0,0.0,2069.811806551724,388.5492631502922,1026.0,2570.957,1895.777,2205.0,2357.6909,348.8060303640266,183.8162439071174,126.05632537512672,784.1609951941398,210.92792986520828,296.69834361959477,426.2861429026994,2.0718946284639435,0.506393613290847,0.703046751470455,2.797209752546023,1.7034590421965683,2.0923332570415116,2.4759528904267163,14.551724137931034,19.824377551469567,0.0,93.0,4.0,9.0,14.0,0.3759497354015679,0.1509548782515459,0.0,0.5947464531535328,0.2559055118110236,0.4301075268817204,0.4781048097631012,0.0,0.0,0.0,0.0,0.0,0.0,0.0,3.0231648681676373,1.896947207075528,0.0,7.5,1.7430167597765365,2.429483088704531,3.3197020592960422,32.93103448275862,13.26112034192243,0.0,68.0,27.0,37.0,42.0,29,106041.0,2587.0,6.0,22000.0,0.0243962241019982,5.658188813760715e-05,3656.586206896552
43149681,1,1290.2857142857142,1141.9473610942862,3.0,6007.0,712.75,985.0,1472.0,44.964285714285715,23.76293954708397,2.0,97.0,24.75,47.0,63.0,2.5714285714285716,3.167114182485052,0.0,15.0,0.75,2.0,3.25,51.32142857142857,15.563358000280594,3.0,78.0,44.75,53.0,63.25,0.075470725848685,0.1788186319882614,0.006269592476489,1.0,0.0327001617665162,0.041267723584279,0.0490931242370875,0.0037763382162204,0.0067735807084754,0.0,0.0345622119815668,0.0002518468770987,0.0018748901774732,0.0042785959259277,0.1415742893359608,0.0891434873070209,0.0,0.3715775749674054,0.0681630588172644,0.1570208291903278,0.1965779871011541,0.213250019802101,0.0953238586506746,0.0,0.3514056224899598,0.1517129812114045,0.2047233945393346,0.3186025725839045,1.1096363163604344,0.417632682789238,0.0,1.9866666666666664,0.8716517033291503,1.122196646619282,1.2985181451612904,37.5,110.37678974442822,-100.0,400.0,0.0,0.0,22.5,0.5102296136403279,0.363134247928605,0.0,1.0,0.2174999999999999,0.4805555555555555,0.8595238095238095,1.4187067380345957,1.0869409754427712,0.2954731666666667,6.283373275362319,0.7762730714285715,1.3148696730769232,1.6384741374999998,0.0,0.0,0.0,0.0,0.0,0.0,0.0,0.0,0.0,0.0,0.0,0.0,0.0,0.0,1019.965,341.06798265050577,120.0,1904.02,780.0,1035.0,1102.5,200.80323922121352,78.95167159198905,48.98979485566356,381.22316220464154,147.43092137808543,186.38625656700253,247.5698478259344,2.5624753677908285,0.318308276087926,1.584962500721156,3.2045118449931316,2.4250777781929136,2.592972343238946,2.781541907006469,17.535714285714285,13.1325172836011,0.0,44.0,9.0,12.0,23.0,0.1340899785119685,0.1277552574936686,0.0,0.3928242870285188,0.0048788440565719,0.1132093929634948,0.2441762991441921,0.0011905619549356,0.0018956214243446,0.0,0.0055197792088316,0.0,0.0,0.002333019774399,1.777780519998252,0.667403370140245,0.0,3.395104895104895,1.3353760068153655,1.7471796884148936,2.080665540887915,14.892857142857142,6.218286889227184,0.0,24.0,10.0,13.5,20.0,28,36128.0,1259.0,72.0,21250.0,0.0348483170947741,0.0019929140832595,1290.2857142857142
88980754,0,2943.2380952380954,2045.11736547044,184.0,6374.0,1492.0,1815.0,4933.0,21.0,9.591663046625438,7.0,40.0,13.0,20.0,30.0,0.0,0.0,0.0,0.0,0.0,0.0,0.0,14.0,4.298393941484479,7.0,21.0,11.0,14.0,17.0,0.0136541416640002,0.0144909530109299,0.0014119861939127,0.0655737704918032,0.0050778605280974,0.0080428954423592,0.0169300225733634,0.0,0.0,0.0,0.0,0.0,0.0,0.0,0.3064897204894276,0.1085513438569629,0.1611451942740286,0.5268524813052345,0.2441613588110403,0.2542966263526416,0.399095534200113,0.2078145912640543,0.1063425470163766,0.0918032786885245,0.4829581993569132,0.1360842844600527,0.1747864599810186,0.2183255625380093,0.9718346333806928,0.3229675718606624,0.7055435565154787,2.0459393939393937,0.7992560850188549,0.8530704441041349,0.97103134479272,0.0,0.0,0.0,0.0,0.0,0.0,0.0,0.2944444444444444,0.4009688443125568,0.0,1.0,0.0,0.0,0.55,20.769280284042285,43.46768654565203,-0.0462963,149.80259261999998,0.0,0.3627440294117647,1.3333333333333333,0.0002276714717607,0.0007575050146925,0.0,0.0035118525021949,0.0,0.0,0.0,0.0002427815718176,0.0007669949347757,0.0,0.0035118525021949,0.0,0.0,0.0,1294.9993333333334,283.8891836939419,726.0,1658.686,1140.98,1340.0,1554.0,243.19979603032473,91.568524842613,86.22065826115855,420.57584018015433,184.68278146787293,255.70653047567623,283.1626955753456,2.0539256048673575,0.2787914003484985,1.6095554072346696,2.453975802578707,1.81563394167292,2.047114591700544,2.307133242093598,6.333333333333333,3.919831548048891,1.0,11.0,2.0,8.0,10.0,0.002724016673742,0.0111667896008865,0.0,0.0524590163934426,0.0,0.0,0.0,0.0,0.0,0.0,0.0,0.0,0.0,0.0,2.898237745842134,0.4593778155287104,1.988826815642458,3.8694177501413223,2.6231699554423935,2.8789237668161434,3.2528216704288937,16.857142857142858,12.563309066240372,2.0,68.0,10.0,18.0,18.0,21,61808.0,441.0,0.0,16000.0,0.0071349987056691,0.0,2943.2380952380954
91294711,2,2529.162162162162,992.410293134674,760.0,4633.0,1671.0,2547.0,3178.0,196.97297297297297,77.02175420549159,37.0,399.0,152.0,185.0,221.0,1.3783783783783785,2.4752979766173646,0.0,13.0,0.0,0.0,2.0,71.72972972972973,24.39389450489903,23.0,125.0,59.0,64.0,85.0,0.0826044985824137,0.0275832965058824,0.0300324675324675,0.1363157894736842,0.0596966763472087,0.0845303867403314,0.0962145110410094,0.0006439445129788,0.0012794415528162,0.0,0.0070844686648501,0.0,0.0,0.000845665961945,0.1923189693285625,0.0623052231192959,0.0262483994878361,0.2838817624093698,0.1657894736842105,0.2003724394785847,0.2431165787932044,0.3168739517090765,0.0878309262893692,0.0307298335467349,0.4424976107040458,0.2822966507177033,0.3462407228138109,0.3749126484975542,1.6928335092987814,0.5440037388462842,1.0907006369426753,3.618168604651163,1.415286458333333,1.5456293103448275,1.8191347424042272,-32.527992277992276,56.289517059335694,-155.25,90.0,-77.14285714285714,0.0,0.0,0.3311706911706912,0.2454793391935812,0.0,0.7045454545454546,0.0,0.4,0.5,1.911320137846228,6.28753502744598,0.2478571428571429,39.33937623157895,0.307865702970297,0.5813396569767442,1.4731163272727277,0.0020779615826575,0.0049479696024528,0.0,0.0212014134275618,0.0,0.0,0.0010632642211589,0.0040616568948891,0.0070115961894163,0.0,0.0227718884962701,0.0,0.0,0.0048701298701298,1833.513508108108,369.6777495387273,1200.0,2445.0,1620.0,1860.0,2100.0,254.4781903535119,58.07141785375439,153.50892878109144,423.13546652354,227.01712014428443,253.4618848318406,278.25794160405167,2.107939180958782,0.3458163496894434,1.5217973943356584,2.9565673752904615,1.8697429992491323,2.1677543302782327,2.3503862106042357,19.945945945945947,10.572646874979988,0.0,47.0,13.0,18.0,26.0,0.5461945164068044,0.0935599234820443,0.281578947368421,0.7001287001287001,0.4692098092643051,0.559748427672956,0.6032315978456014,0.0001053927516046,0.0002608844640986,0.0,0.0011827321111768,0.0,0.0,0.0,1.646481034402876,0.3178786538442134,1.330910645575032,2.7941823515033,1.3984488608822103,1.590060145615701,1.8141361256544504,42.567567567567565,10.154324176855782,24.0,56.0,35.0,45.0,47.0,37,93579.0,7288.0,51.0,28000.0,0.0778807211019566,0.0005449940691821,2529.162162162162
45850956,1,663.0967741935484,415.2025044084074,57.0,1884.0,367.5,604.0,964.5,29.838709677419356,15.692810711038574,9.0,71.0,19.0,26.0,35.0,5.612903225806452,7.254264238073772,0.0,24.0,0.5,2.0,6.0,22.870967741935484,8.213843293131463,6.0,40.0,18.5,25.0,27.0,0.1124825107697281,0.2010515909095624,0.0155440414507772,0.8160919540229885,0.0253439071963864,0.0421511627906976,0.0626175548589341,0.0069959381133856,0.0069043840750531,0.0,0.0225140712945591,0.0007788161993769,0.0042194092827004,0.0117844650491366,0.2219984501991169,0.1430538259591787,0.0,0.4586092715231788,0.0925613866153105,0.2292993630573248,0.3379506283450828,0.2004093522423781,0.1091761686397167,0.0,0.4362745098039216,0.1356684018800059,0.2185185185185185,0.2431322075782537,1.075281925318999,0.2456645908404974,0.6903061224489796,1.7482758620689651,0.9318590308370044,1.0213026819923372,1.1858232931726909,61.82012879593525,42.288112847946735,0.0,100.0,0.0,68.75,100.0,0.7035320557458614,0.2622230360588897,0.1666666666666666,1.0,0.4766734279918864,0.7777777777777778,0.9333333333333332,1.913480186796096,1.889384727528049,0.5,10.00208335,0.7712650109461966,1.340078,1.9581900554054057,0.0,0.0,0.0,0.0,0.0,0.0,0.0,0.0,0.0,0.0,0.0,0.0,0.0,0.0,927.3548387096774,272.4861403266876,427.5,1350.0,761.25,839.0,1251.0,195.76050586648697,102.11343983523992,86.78353980128702,450.6121569988809,129.98066683093626,145.87938581486137,204.6117321567025,2.424513092873548,0.4413639656700922,1.3691119710559938,3.1458867117375395,2.2778555492401074,2.4280671590671385,2.732618888247072,10.096774193548388,5.607338732294391,1.0,21.0,6.5,8.0,14.5,0.559358174306444,0.186481719991976,0.1379310344827586,0.7886792452830189,0.4992414498202565,0.5915813424345847,0.7024563423527155,0.0019434418550862,0.0033910940946339,0.0,0.0117416829745596,0.0,0.0,0.0024649570369382,1.0770334098228296,0.395711778865673,0.0,2.0,1.0,1.0,1.1158906882591093,12.64516129032258,7.76072987545578,0.0,27.0,7.0,10.0,20.0,31,20556.0,925.0,174.0,23500.0,0.0449990270480638,0.0084646818447168,663.0967741935484
60188291,2,1353.0344827586207,558.4363936094164,658.0,2672.0,942.0,1134.0,1743.0,90.55172413793105,39.30129962481854,22.0,196.0,65.0,80.0,104.0,1.827586206896552,1.6623407990612344,0.0,6.0,1.0,1.0,3.0,52.0,14.718039599592482,22.0,88.0,44.0,53.0,60.0,0.0735744350297851,0.0336863131176595,0.0279209621993127,0.1422505307855626,0.0481283422459893,0.0656934306569343,0.0865102639296187,0.0014586504680894,0.0011938466241855,0.0,0.0043988269794721,0.0007710100231303,0.0012406947890818,0.0023201856148491,0.1979973345318496,0.167825795045778,0.0,0.5308641975308642,0.0478723404255319,0.1185383244206773,0.3642857142857142,0.2043477574096522,0.1162298766526343,0.0406290956749672,0.464726631393298,0.106951871657754,0.1965648854961832,0.3014649190439475,1.451424618353694,0.2239624972526916,0.9731632653061224,2.0349999999999997,1.3639939485627837,1.4484122748499,1.5606511627906976,0.0,0.0,0.0,0.0,0.0,0.0,0.0,0.6087108461485459,0.0956454832873643,0.4759259259259259,0.9230769230769232,0.527027027027027,0.5864864864864865,0.6666666666666666,16.060573231575628,25.08306092042855,0.209619677852349,95.20331788888888,0.3368544647887324,0.4791666756756756,26.656426559322032,0.0002657739334855,0.0010689674415956,0.0,0.0055096418732782,0.0,0.0,0.0,0.0002657739334855,0.0010689674415956,0.0,0.0055096418732782,0.0,0.0,0.0,1239.658872413793,393.51262825983713,660.0,2431.0,930.0,1275.0,1380.0,230.57295032186963,90.03543094299647,126.35473187637248,548.912519573246,180.4704072495448,215.6138765644934,239.75554037060397,2.639637609081773,0.3584654946414654,1.8041401038459863,3.1359840288818166,2.392455255173888,2.6972316254800117,2.9391069972636563,35.37931034482759,14.68147740640296,6.0,63.0,22.0,35.0,46.0,0.1828086655472924,0.1058550389553922,0.0359947643979057,0.3874570446735395,0.1033724340175953,0.1598951507208388,0.2344290657439446,0.0093529172744406,0.0036658182809019,0.0027548209366391,0.0170380078636959,0.006310958118187,0.0091514143094841,0.0114503816793893,1.4287807479100083,0.2585481725630476,1.0040513166779204,1.975028376844495,1.1935853379152348,1.4275956284153006,1.656208277703605,42.0,12.843890268971442,12.0,62.0,32.0,48.0,48.0,29,39238.0,2626.0,53.0,22000.0,0.0669249197206789,0.0013507314338141,1353.0344827586207
77152348,2,2495.4358974358975,608.3605878631687,1331.0,3785.0,2036.5,2482.0,3022.0,78.53846153846153,27.849270260518363,22.0,170.0,61.5,71.0,91.0,2.4358974358974357,2.549961003169604,0.0,10.0,1.0,2.0,3.0,94.3846153846154,12.976537771854968,74.0,128.0,85.5,90.0,105.5,0.0326670861872015,0.0117553325173456,0.0110943015632879,0.0602339181286549,0.024971379974948,0.0305152576288144,0.0381321883592146,0.0010251520404947,0.0010917452105017,0.0,0.0045829514207149,0.0002941368745058,0.000760167236792,0.0012573770152498,0.155089058900966,0.0525541799836883,0.0833638025594149,0.2802604320804971,0.1087766714082503,0.1441737985516787,0.2011898682059139,0.2844258552757513,0.0741616865357378,0.1626591230551626,0.4173267326732673,0.2280465753096571,0.2768766503206337,0.3513978384252041,1.4431080033504493,0.2646282441375952,0.9188294314381272,1.954742547425474,1.305671133937203,1.4527630729502905,1.60543685313133,21.011238359064446,48.762989522054234,-100.0,200.0,0.0,5.555555555555555,41.25,0.3957204063248761,0.122818685989519,0.1052173913043478,0.6,0.332843137254902,0.42,0.4880952380952381,13.449452369875525,34.87345996713791,-1.360962204918033,213.32804021507044,0.6329105469652441,1.1005309235294118,14.147736146146386,0.0003439192683865,0.0012176512948544,0.0,0.0052242054854157,0.0,0.0,0.0,0.0003657525232758,0.0013037197955439,0.0,0.0056595559425337,0.0,0.0,0.0,1481.3989794871795,368.1166771480165,909.4436,2085.0,1203.808,1425.0,1770.638,186.47778020745687,46.236023752345325,119.02822435913508,317.88842908813507,153.32114817496162,173.85475954000873,204.48509807347543,1.921506101980288,0.2735178836050091,1.3404086178132897,2.4379137006229676,1.727582970873956,1.9082420195873744,2.152666719023859,13.666666666666666,6.918326955503611,2.0,30.0,9.0,12.0,17.0,0.5976857631213514,0.1031138144863904,0.3903177004538578,0.7900082349711776,0.5131890113798009,0.6063177746346063,0.6644359941849082,0.0,0.0,0.0,0.0,0.0,0.0,0.0,1.2373721110592006,0.1423339337639015,1.003370786516854,1.696469509399358,1.1532446844141917,1.2126018002571797,1.3005206384484649,22.897435897435894,6.075570551638928,10.0,32.0,20.0,23.0,28.5,39,97322.0,3063.0,95.0,29500.0,0.0314728427282628,0.0009761410575203,2495.4358974358975
15029162,0,447.09090909090907,259.39712898067313,102.0,1156.0,230.0,383.0,662.0,25.939393939393938,24.152218536580673,0.0,73.0,7.0,18.0,51.0,0.5454545454545454,0.9241182231501156,0.0,3.0,0.0,0.0,1.0,15.424242424242424,7.897181326962643,3.0,33.0,8.0,15.0,21.0,0.0669458578076313,0.0772152986368466,0.0,0.2943925233644859,0.0152505446623093,0.0306122448979591,0.0886699507389162,0.0012096124321872,0.0022584851436863,0.0,0.0099502487562189,0.0,0.0,0.0022396416573348,0.1426267212650012,0.099266843241174,0.0,0.3804034582132565,0.0784313725490196,0.1288981288981289,0.2191582002902757,0.2057616702941588,0.0754442671768986,0.0,0.3107049608355091,0.1588785046728972,0.2067510548523206,0.2654639175257732,1.0859782733108307,0.7113955133643657,0.0,2.0,0.96,1.019,1.795,0.0,0.0,0.0,0.0,0.0,0.0,0.0,0.5628519889345316,0.3500637484013512,0.0,1.0,0.25,0.575,0.875,2.0937824404392256,4.482154751022638,0.0,21.333333333333332,0.1713523809523809,0.5,1.6335934705882351,0.0,0.0,0.0,0.0,0.0,0.0,0.0,0.0,0.0,0.0,0.0,0.0,0.0,0.0,614.4072818181818,201.4228012615277,180.0,1031.0,570.0,600.0,655.6115,130.86650525760035,48.50360159728571,49.77995367439436,320.0822479441946,109.84459883175865,123.12585659873427,157.5378920512744,2.507635324131833,0.3468220468184067,1.6608628069502456,3.308759288926875,2.2865246742152134,2.535954545915232,2.682770106793248,4.757575757575758,5.365604843367604,0.0,16.0,0.0,2.0,7.0,0.0101081810137924,0.0498390181599572,0.0,0.2886597938144329,0.0,0.0,0.0,0.0118629094206727,0.0137666540390739,0.0,0.0406976744186046,0.0,0.0078387458006718,0.0201729106628242,1.1171818540555905,0.7299559291838011,0.0,2.0,1.0,1.0484848484848486,1.7737226277372262,3.8181818181818183,2.907196352778535,0.0,9.0,1.0,3.0,6.0,33,14754.0,856.0,18.0,25000.0,0.0580181645655415,0.0012200081333875,447.09090909090907
65328500,0,1170.142857142857,495.5389836871984,10.0,2003.0,776.0,1146.0,1477.0,60.23809523809524,23.88046574066196,5.0,105.0,42.0,58.0,79.0,0.6666666666666666,0.642416074439621,0.0,2.0,0.0,1.0,1.0,48.333333333333336,14.257273276115644,6.0,73.0,41.0,45.0,60.0,0.0800453113281134,0.0970613311178241,0.0164752870693959,0.5,0.0486244401791426,0.064118372379778,0.077485380116959,0.0054850952165942,0.0211591834309866,0.0,0.1,0.0,0.0005434782608695,0.0013440860215053,0.2295998147915003,0.0697298725346525,0.1029619181946403,0.3446043165467626,0.1806543385490754,0.2213348545350827,0.2937062937062937,0.3259181192523758,0.071912602293029,0.2,0.4690860215053763,0.2667525773195876,0.3183114660581859,0.3697552447552447,1.3486100822449585,0.4451235023968601,0.0,2.148486842105263,1.168791208791209,1.2841943127962088,1.752639175257732,22.41211090496805,28.70200230391504,-23.8,55.0,-15.8,35.45454545454545,46.666666666666664,0.5067738790968639,0.069978798148575,0.3333333333333333,0.64,0.4879220779220779,0.5,0.5131578947368421,26.320734391669816,69.48388636295702,0.1899684999999999,289.33363213793103,0.259287698630137,0.3537109433962264,0.741334,0.0,0.0,0.0,0.0,0.0,0.0,0.0,0.0,0.0,0.0,0.0,0.0,0.0,0.0,912.9690619047618,238.48841303685708,719.3503000000001,1935.0,810.0,870.0,930.0,157.0654111113666,35.78478766348551,118.42679871972496,274.4473720041786,134.74033260342242,146.34282074389523,172.19196542740346,2.378699080819582,0.2452549565371264,1.654019835315944,2.7219280948873625,2.288963155911241,2.350986577026009,2.5636160967352253,0.3809523809523809,0.7221786137191952,0.0,3.0,0.0,0.0,1.0,0.2635360591048704,0.1169937564080643,0.0,0.4572425828970332,0.1832579185520362,0.2083926031294452,0.3323741007194244,0.0,0.0,0.0,0.0,0.0,0.0,0.0,1.6699425685339075,0.7201199284171814,0.0,2.815035799522673,1.065606361829026,1.6673796791443851,2.2658959537572256,12.714285714285714,4.142036043425263,0.0,20.0,11.0,12.0,17.0,21,24573.0,1265.0,14.0,16000.0,0.0514792658609042,0.0005697310055752,1170.142857142857
49987007,1,1140.057142857143,546.2754377395628,31.0,2697.0,824.0,1112.0,1382.0,41.97142857142857,12.740230350655168,7.0,65.0,33.0,43.0,50.0,2.657142857142857,4.228764474357946,0.0,21.0,1.0,1.0,2.5,64.94285714285714,22.291501080191154,4.0,124.0,57.0,67.0,74.5,0.0493409059955058,0.036679547183176,0.0088531187122736,0.2258064516129032,0.0311589316620726,0.0436090225563909,0.0533265937954129,0.0034762911803764,0.0076268275461145,0.0,0.0431211498973305,0.0004726513259797,0.0012269938650306,0.0023042329514587,0.1113444177527739,0.0795543177235476,0.0,0.2651911468812877,0.0468447870775413,0.1224773834377174,0.1577538787340386,0.1769742185801396,0.1013774520894235,0.0,0.3552361396303901,0.1044044331484151,0.1614996395097332,0.2442428980284078,1.5119636133236294,0.4406224334059215,0.5225806451612903,2.795265957446809,1.291298919305966,1.4825935162094763,1.6419455105425254,3.9747515558793753,18.011099378663477,-27.5,70.0,-7.147727272727273,5.0,14.0,0.5881271902700475,0.31717870089115,0.0,1.0,0.4017857142857143,0.625,0.8257575757575758,1.397093907583821,0.851754135724485,0.6601009696969696,5.890660758620689,1.0319564289855072,1.25,1.5701715000000005,0.0006963048430276,0.0032615762574746,0.0,0.0189798339264531,0.0,0.0,0.0,6.77851211659041e-05,0.0003952517807046,0.0,0.0023724792408066,0.0,0.0,0.0,1343.9785,278.4448312948207,541.095,1980.0,1188.0285,1328.0,1495.5,230.27635440686024,113.17792884316094,140.28246626227093,653.5847245844849,172.91166399456,194.07256641141225,227.1641700672975,2.349241192164602,0.2715379325388951,1.6746786481368705,2.7848277324587234,2.1540422785388724,2.395006124402549,2.5419932899547986,10.0,3.86929303250976,0.0,18.0,8.0,9.0,12.5,0.1628760413210577,0.1156721635853574,0.002053388090349,0.6451612903225806,0.0809736482005389,0.1448140900195694,0.227027652527832,0.0018160075859178,0.0032875161836008,0.0,0.0150602409638554,0.0,0.0008361204013377,0.0019259746207141,1.5009407691454335,0.3528830210669265,1.0,2.6666666666666665,1.2548442387798433,1.4409722222222223,1.71368004522329,6.257142857142857,2.061107291071021,3.0,10.0,5.0,6.0,7.0,35,39902.0,1469.0,93.0,26500.0,0.0368151972332213,0.0023307102400882,1140.057142857143
58299009,0,2981.0,1864.99712753513,536.0,7506.0,1673.5,2303.0,4152.5,53.885714285714286,34.280999675848285,4.0,125.0,22.5,52.0,81.0,3.5142857142857142,3.6829446958450327,0.0,14.0,0.0,3.0,5.5,36.02857142857143,7.572452760917464,20.0,55.0,32.5,35.0,39.5,0.0243768549048787,0.022917748096604,0.00396522800061,0.1153846153846153,0.0092495729580526,0.0155875299760191,0.0314306321676579,0.0020180313403446,0.0026291182140233,0.0,0.0104895104895104,0.0,0.0008654262224145,0.0036405195119736,0.323606205433643,0.0891877279774768,0.1211583924349881,0.4565450643776824,0.2823496924246883,0.3433578537429684,0.3867202894515835,0.3068225254751766,0.0815661152397674,0.1343218491059747,0.4432560903149138,0.2458818621998298,0.3353846153846154,0.359177870523767,0.9379618690583864,0.2476238369147242,0.5968918918918918,1.6152380952380954,0.7232771781534459,0.8757584793142005,1.0885852286167916,3.2479461113262373,15.566371214582224,-30.0,50.0,0.0,3.8461538461538463,8.333333333333334,0.4653166648787782,0.1436186897558376,0.0,0.6666666666666666,0.4742393320964749,0.5,0.5088702147525677,76.87474253986701,200.92607790718984,0.0468448076923076,846.9067506025641,0.181986909037037,0.2889372,0.4348341176470588,0.0,0.0,0.0,0.0,0.0,0.0,0.0,0.0,0.0,0.0,0.0,0.0,0.0,0.0,1428.034002857143,584.9324875281002,351.124,2399.5,953.117,1452.03,1848.186,215.9018858292264,87.63900282617476,69.03092522120852,419.50354947656336,134.8357088151397,229.20546716840724,280.65490990497597,2.242493657560106,0.3149150148934667,1.714847740662898,3.080105672645056,2.0334743106551967,2.2043193668616055,2.439466845094324,3.2285714285714286,2.293913864190748,0.0,8.0,1.5,3.0,5.0,0.1374945935850176,0.1723685104870315,0.0058873002523128,0.5006485084306096,0.0193866614877792,0.0303550973654066,0.3132819558889229,3.026634382566586e-05,0.0001764815948803,0.0,0.0010593220338983,0.0,0.0,0.0,1.6435755913417551,0.3760986782322248,1.00355871886121,2.4387906823062946,1.20260700958168,1.693491124260355,1.9041318702660712,19.314285714285713,3.1146788742655187,14.0,29.0,18.0,20.0,20.5,35,104335.0,1886.0,123.0,26500.0,0.0180763885560933,0.0011788949058321,2981.0
93758124,2,595.829268292683,269.0240629766048,31.0,1342.0,409.0,563.0,681.0,40.09756097560975,21.84625310067987,8.0,96.0,26.0,42.0,53.0,1.2195121951219512,1.660329017084635,0.0,8.0,0.0,1.0,2.0,41.36585365853659,11.819281678393924,13.0,68.0,34.0,42.0,46.0,0.084841846968279,0.0669221568524916,0.0146252285191956,0.3225806451612903,0.0422751729438893,0.0673316708229426,0.1119005328596802,0.0023929564266489,0.0032062428250789,0.0,0.0122249388753056,0.0,0.0012121212121212,0.0037243947858473,0.0641960746592087,0.0435380033201913,0.0,0.2155844155844155,0.0318181818181818,0.0576652601969057,0.0795228628230616,0.0794120943994759,0.0680869212998577,0.0,0.2974634896233666,0.0482180293501048,0.062730627306273,0.0778267254038179,1.111147659442835,0.4416384791189768,0.2307692307692307,2.2073366834170853,0.8264320154291225,0.961150442477876,1.3451373626373626,94.63414634146342,151.815799187067,0.0,360.0,0.0,0.0,90.0,0.5630694152947022,0.4239585121042487,0.0,1.0,0.0,0.7142857142857143,0.9610810810810811,153.8000009671096,964.0144245953744,0.12380224,6250.75,0.2814815294117647,0.3441666666666667,1.8755102040816327,0.0055704335319693,0.013354193192221,0.0,0.064516129032258,0.0,0.0,0.0046801872074883,0.002237728366377,0.0088719984361363,0.0,0.0508274231678487,0.0,0.0,0.0,1108.747219512195,396.33160065164896,462.0,2370.0,870.0,1080.0,1110.0,201.49874957093337,85.21753877370591,95.38494730701176,521.3048925432564,136.5142636186018,177.15197605290035,229.7067928412001,2.243707225151834,0.452156649239567,0.8292670782445579,2.962187863153342,2.1037697082912774,2.289851398407449,2.5803034273526944,11.341463414634148,8.948660496838949,0.0,36.0,3.0,12.0,17.0,0.0182934008989061,0.0289332865179432,0.0,0.1328767123287671,0.0,0.0,0.0323488045007032,0.0,0.0,0.0,0.0,0.0,0.0,0.0,2.090499810079006,0.3838422518237525,1.217283950617284,3.1681901279707496,1.8129675810473815,2.111428571428571,2.369137670196672,17.24390243902439,5.230214694119106,1.0,23.0,15.0,18.0,21.0,41,24429.0,1644.0,50.0,31000.0,0.0672970649637725,0.0020467477178762,595.829268292683
65544062,2,1454.2058823529412,574.7781044691618,140.0,2913.0,1100.5,1300.0,1782.5,97.26470588235294,42.540160142076274,7.0,225.0,66.25,99.0,123.75,1.588235294117647,2.4509019595293715,0.0,12.0,0.0,0.5,2.0,70.76470588235294,22.851256656819725,15.0,118.0,54.25,72.0,81.75,0.0719225653137921,0.0322555030911964,0.0158959537572254,0.1456736035049288,0.04423828125,0.0705508131832115,0.0906522435451076,0.0013385397038528,0.0020738517025127,0.0,0.0084626234132581,0.0,0.0003915426781519,0.0016391150107334,0.1346355795959921,0.0662774531464946,0.037359900373599,0.2584181675802662,0.0808097966479352,0.1275737163192679,0.1931580711528236,0.1944373870935563,0.0801287728663101,0.0428571428571428,0.3970690858339148,0.1364651536251749,0.1877868738865244,0.2509662426614481,1.4517326976835931,0.2643236161871873,0.5,1.8906532663316584,1.3583501386741426,1.451703680257327,1.5906172939212837,50.264969050818536,55.48913047246085,-30.0,130.0,1.0,19.159663865546214,114.375,0.3682937567404899,0.1664930154233927,0.0,0.6548,0.2394886363636363,0.3834635416666666,0.479861111111111,1.2187177365587063,1.6386582762671864,0.2276086050847457,9.30381215116279,0.4514216764051168,0.5048052781424281,1.245652402056338,0.0003394565580121,0.001002265254959,0.0,0.0048060418812221,0.0,0.0,0.0,0.0002878766044474,0.0009918057197281,0.0,0.0048060418812221,0.0,0.0,0.0,1740.8307176470587,475.72110792001456,810.0,2451.0,1376.847225,1720.0,2185.791675,262.03276818374934,110.94039710212328,102.21987326963382,603.8295067007857,179.44771162411217,243.98533613245937,303.91688445861587,2.103550073344861,0.2757473251589643,1.6559237261053146,2.8544247897718056,1.868667096844524,2.136024916190474,2.307541639701042,20.823529411764707,8.79662565063276,3.0,41.0,15.0,18.5,25.5,0.4523658283291099,0.1391560002043001,0.1503838101884159,0.7378048780487805,0.3484158827562179,0.4903643850643875,0.5280120426251629,0.000117002241996,0.000303797895425,0.0,0.0012453300124533,0.0,0.0,0.0,1.4150761657472433,0.2266387146501191,1.0,1.881841876629018,1.2717942059905116,1.4327568241604318,1.5595002916420084,28.0,5.800608487351083,9.0,40.0,27.0,27.0,29.0,34,49443.0,3307.0,54.0,25750.0,0.0668851000141577,0.0010921667374552,1454.2058823529412
41893726,2,4062.3333333333335,2152.7715000234302,147.0,9673.0,2508.0,3802.0,5266.0,64.81818181818181,48.41453234462521,3.0,220.0,26.0,59.0,83.0,3.606060606060606,4.059701391761012,0.0,22.0,1.0,3.0,5.0,62.42424242424242,19.37982440898391,8.0,95.0,46.0,66.0,75.0,0.0216956537102616,0.0211668094168738,0.0006561679790026,0.0843234955921809,0.0083637143469869,0.0141631344980874,0.0263019463440294,0.0010529573183767,0.0011453844639117,0.0,0.0054862842892768,0.0003355704697986,0.0008317161075686,0.0012607449856733,0.2373604258912607,0.1129756037265949,0.0272108843537414,0.4868421052631579,0.1581155211358502,0.2389787739349859,0.307970639925566,0.1635282965386847,0.094096191249963,0.0204081632653061,0.3519736842105263,0.0832054560954816,0.1299316149395055,0.2412280701754386,0.9920789857131652,0.2764070194346799,0.507921568627451,1.6262402402402405,0.8130611407468199,1.0426476014760149,1.1684968496849686,-12.087179068311144,26.875813779926567,-80.0,0.0,0.0,0.0,0.0,0.4967896901560377,0.2267445947660983,0.0,0.9102564102564102,0.4285714285714285,0.5333333333333333,0.6223809523809524,15.082207983201595,43.80384732947659,0.3760601875,190.5241026226415,0.78684346875,1.161232819672131,2.687498888888889,0.000124085033224,0.0004793970996003,0.0,0.0027353544563483,0.0,0.0,0.0,0.0001032271332104,0.0004792971940895,0.0,0.0027353544563483,0.0,0.0,0.0,1832.6328363636364,451.6255828061572,629.014,2417.014,1521.763,1949.01,2168.4861,283.4305345551426,157.1346368375579,112.73323515970294,674.8811423024905,157.8659247368888,214.00501172941637,397.8501240891802,2.0748871302338494,0.5183947774958102,0.4955595088875006,3.090936813596947,1.7107898799857766,2.035742885359923,2.375483231436695,12.06060606060606,15.769051765153302,0.0,55.0,0.0,3.0,26.0,0.3242081783802295,0.2165518713700392,0.0,0.8351259552787998,0.1468552512789648,0.257985257985258,0.4496644295302013,0.0006379451501928,0.0015159486755503,0.0,0.0073710073710073,0.0,0.0,0.0003797949107481,1.7357641043986154,0.409773547026932,1.1102941176470589,2.756666666666667,1.460827363069101,1.6710634789777412,1.963151207115629,22.727272727272727,12.42498150055992,1.0,57.0,16.0,20.0,28.0,33,134057.0,2139.0,119.0,25000.0,0.0159558993562439,0.000887682105373,4062.3333333333335
38038529,2,1565.8292682926829,1085.789538570987,169.0,5673.0,914.0,1235.0,1777.0,37.31707317073171,25.765773311905463,8.0,109.0,21.0,28.0,48.0,3.3658536585365852,2.376265748062166,0.0,9.0,1.0,3.0,5.0,69.4390243902439,21.840942511253782,25.0,110.0,57.0,73.0,82.0,0.0310074479724436,0.0209433774408161,0.0021367521367521,0.0999000999000999,0.0117096018735363,0.0268346111719605,0.0446153846153846,0.0024885726059094,0.0022576974336006,0.0,0.0123796423658872,0.0010576414595452,0.0022637238256932,0.0034682080924855,0.1269488986525861,0.0964308469059421,0.0052137643378519,0.3795289855072464,0.0492831541218638,0.1014832162373146,0.1866740088105727,0.1664190016309793,0.1058352835041457,0.0024291497975708,0.4449114380066046,0.0729270729270729,0.1790123456790123,0.2483108108108108,1.2583984835953943,0.3684011074383035,0.5323913043478261,2.2633766233766233,1.0810775862068966,1.3260477941176472,1.5043654822335026,34.23301862050879,106.08650204934678,-118.0,360.0,0.0,0.0,0.0,0.7566955854184283,0.2228333581030251,0.0,1.0,0.6370731707317073,0.8333333333333334,0.9166666666666666,2.5777178619135483,7.125833594571753,0.0411041578947368,35.96142857142857,0.2136744615384615,0.4166666666666667,0.860118,0.0,0.0,0.0,0.0,0.0,0.0,0.0,0.0,0.0,0.0,0.0,0.0,0.0,0.0,1222.9652609756097,329.04285267074545,690.0001,1852.09,957.5,1185.0030000000002,1447.5,206.69480780184975,87.14967314888989,76.10726455974986,490.13906396240503,142.21586829041445,181.0774504242623,263.56117463385146,2.264095687693549,0.3614770637862304,1.3854918923893025,2.989958920390675,2.0256473691161436,2.207110470591788,2.6051433005866818,24.97560975609756,24.38560931576999,0.0,92.0,9.0,18.0,33.0,0.2353722110678078,0.2053107547241869,0.0,0.662630579297246,0.0657334144856968,0.1872340425531914,0.4136895827078955,0.0084265828187311,0.0135966052634996,0.0,0.0579420579420579,0.000821692686935,0.0023076923076923,0.0089068825910931,1.0498738023856764,0.2453707035341412,0.0,2.0,1.0,1.0193236714975846,1.0393041237113405,14.585365853658535,9.35473170935201,0.0,35.0,10.0,15.0,17.0,41,64199.0,1530.0,138.0,31000.0,0.0238321469181762,0.0021495661926198,1565.8292682926829
63707301,2,2597.275,1108.2840337093196,1192.0,7983.0,2067.0,2399.0,2898.75,67.45,45.35027563312047,4.0,239.0,38.25,54.5,94.0,4.35,3.8506492958980303,0.0,18.0,2.0,3.0,6.25,95.725,18.201631108227637,23.0,127.0,88.0,93.0,105.5,0.0271107058553026,0.0155373637678576,0.0021822149481723,0.0546095126247798,0.0148441844238097,0.0247900951705921,0.0416405105342254,0.0019776841680747,0.0020199195820325,0.0,0.0104166666666666,0.0008176834295933,0.0013767290850188,0.0025709107180762,0.2605639311247459,0.1039801354429457,0.1104090455603591,0.5335515548281505,0.1748943602285935,0.2433500070722026,0.3035467830038729,0.2791444237093348,0.0806849205827765,0.1080196399345335,0.4064377682403433,0.2223528780718226,0.256018173905509,0.3578123990074794,1.3715218798841966,0.3257733401118747,0.8092514124293785,2.283991416309013,1.112723161851069,1.3374489703510806,1.5424306736741522,-11.245178955949635,85.5708648843475,-214.0,166.66666666666666,-82.33333333333333,-20.066666666666663,65.53571428571428,0.5051225778478965,0.3258517225992385,0.0,1.0,0.25,0.5062427409988386,0.7097402597402597,0.9975199038249988,0.8251721650094855,0.0,3.3244500188679247,0.451231527093596,0.738416751276813,1.2915972596348886,0.0018565367093965,0.003434708950501,0.0,0.0170697012802275,0.0,0.0004367902040025,0.0019035505520675,0.0025429007909417,0.0044585318367037,0.0,0.0237079184447605,0.0,0.0004651246559883,0.0034749630900437,1366.6268275,531.5152996801085,648.0,2460.0,912.75,1213.75,1728.75,178.61874658563448,57.786828336775535,91.6713643882211,300.9970474589276,132.16382181728883,165.66074234941652,225.92692775480648,2.156329971430489,0.3419209648543954,1.2647517613540755,2.8201914052105335,1.9180730303822584,2.1658985678848586,2.377343402541533,12.175,10.042130003141764,0.0,44.0,3.5,11.5,18.0,0.353571641291334,0.224267369341648,0.0290227773695811,0.9268957992362248,0.2112549283591479,0.2376580869588671,0.4994827553574791,0.0001930545086009,0.0006198103849284,0.0,0.0031225604996096,0.0,0.0,0.0,1.6030588871152278,0.5220806567447934,1.0,2.8158368326334733,1.1712151824022157,1.4945678398413058,2.042893453332664,14.0,2.9916550603303182,8.0,19.0,11.0,15.0,16.0,40,103891.0,2698.0,174.0,30250.0,0.0259695257529526,0.0016748322761355,2597.275
32243307,2,1062.0,322.99588459207126,78.0,1627.0,849.0,1067.0,1301.0,37.68292682926829,13.59598043969604,10.0,86.0,30.0,39.0,44.0,2.097560975609756,2.2932018094718356,0.0,10.0,0.0,2.0,3.0,66.85365853658537,12.244582626136376,30.0,91.0,62.0,66.0,72.0,0.041000959360519,0.0222768203866222,0.0127431254191817,0.1282051282051282,0.0262645914396887,0.0382513661202185,0.0492721164613661,0.0017339826361083,0.0016428771450727,0.0,0.0061462814996926,0.0,0.0014005602240896,0.0028653295128939,0.1407572756286105,0.0663156123084644,0.037509976057462,0.318051575931232,0.0954301075268817,0.1333333333333333,0.1692634560906515,0.1530335820373739,0.0612245087684788,0.0455182072829131,0.3517329910141206,0.1153846153846153,0.1491935483870967,0.1634854771784232,1.441458886278906,0.3522447122599279,0.8613953488372093,1.9044295302013423,1.1721818181818182,1.4866666666666666,1.7484821428571429,0.0,0.0,0.0,0.0,0.0,0.0,0.0,0.2566186895760066,0.2507350370959669,0.0,1.0,0.0,0.18,0.425,179.586956752578,209.38446743346856,0.6276296,554.7664080000001,0.8559404,1.53125,372.1131214814814,0.0005897468301107,0.0037298864520289,0.0,0.0241796200345423,0.0,0.0,0.0,0.0,0.0,0.0,0.0,0.0,0.0,0.0,989.7463024390244,259.1637433599091,496.62475,1890.5,930.0,985.0,1050.0,157.89700691356776,33.42369221292887,80.41955344849757,217.37879266840264,141.36848094212613,158.9375703992405,182.45104798571845,2.39114489244165,0.3295318355955275,1.4089827800766048,2.766698005703582,2.2529155250902635,2.4933458756143643,2.625906968021539,11.585365853658535,6.0444516374819655,1.0,28.0,6.0,12.0,16.0,0.2386498934784926,0.0583827940513368,0.0877893056664006,0.4257731958762886,0.218522372528616,0.2355712603062426,0.2684729064039409,0.0,0.0,0.0,0.0,0.0,0.0,0.0,1.2680345961476118,0.3107441443049375,1.0,2.091463414634146,1.0,1.1661237785016287,1.485254691689008,2.4146341463414633,0.8256737014541833,0.0,4.0,2.0,2.0,3.0,41,43542.0,1545.0,86.0,31000.0,0.0354829819484635,0.0019751044968076,1062.0
2877459,2,356.3157894736842,102.30915616357632,131.0,563.0,301.25,360.0,421.5,12.421052631578949,12.729227824075974,0.0,31.0,0.0,4.0,25.0,0.5526315789473685,1.0686284475919448,0.0,4.0,0.0,0.0,0.75,34.86842105263158,13.740395789579484,12.0,69.0,25.25,33.5,42.75,0.0331905789117305,0.0326398165311784,0.0,0.0970873786407767,0.0,0.0211184939091915,0.0639242256637168,0.0015767963842877,0.0031475636001006,0.0,0.0117647058823529,0.0,0.0,0.0015625,0.1625206664011223,0.0819914924011081,0.0457142857142857,0.3992248062015504,0.0954444444444444,0.1490304035934567,0.2179587935429057,0.3249857969528654,0.0954322972393228,0.099236641221374,0.5214899713467048,0.2729501687512408,0.3303186703915904,0.4039722024796651,0.0,0.0,0.0,0.0,0.0,0.0,0.0,0.0,0.0,0.0,0.0,0.0,0.0,0.0,0.0,0.0,0.0,0.0,0.0,0.0,0.0,1.7063157356188852,3.593788824552701,0.0,10.0,0.0,0.2441404999999999,0.2441405,0.0,0.0,0.0,0.0,0.0,0.0,0.0,0.0,0.0,0.0,0.0,0.0,0.0,0.0,390.9407894736842,59.48433656640336,270.0,494.0,374.0,401.25,404.0,111.3690783168766,9.974706728223284,93.63579262311856,130.3150877145493,103.93007467655514,110.26846558142422,118.60693446572331,2.932226410440803,0.2019536476149762,2.461580256794682,3.201072836637695,2.79878046523101,3.0246611224210556,3.0819836366350097,12.105263157894736,12.648672644494756,0.0,30.0,0.0,4.0,24.0,0.0,0.0,0.0,0.0,0.0,0.0,0.0,0.0206966785169411,0.0217598194177607,0.0,0.0647249190938511,0.0,0.0079056323724709,0.0415744837758112,0.0,0.0,0.0,0.0,0.0,0.0,0.0,0.0,0.0,0.0,0.0,0.0,0.0,0.0,38,13540.0,472.0,21.0,28750.0,0.0348596750369276,0.0015509601181683,356.3157894736842
62906815,2,3799.16,1676.2960640650565,273.0,8492.0,2826.0,3873.5,4650.75,283.44,116.65833189275423,60.0,655.0,191.5,275.0,360.25,4.02,3.8703488214888337,0.0,14.0,1.0,3.5,6.0,89.88,39.82744782182258,8.0,166.0,70.25,90.0,108.0,0.1108129636890003,0.1425039959338145,0.0297927461139896,0.7838827838827839,0.0492835962553462,0.075852541389789,0.0982755940718059,0.001315734687583,0.0015496095986056,0.0,0.0065952184666117,0.0001766888662558,0.0008579945947346,0.0016850890338156,0.2138294367523978,0.097833579360139,0.0405643738977072,0.4229962232480067,0.136377331248956,0.2016433495469587,0.2870614102912496,0.279123389328458,0.0802338545880157,0.1062271062271062,0.4461267605633803,0.2406545557151609,0.2781429985392044,0.3234112495089317,1.2384864352819354,0.4109534667310305,0.7427999999999999,2.6611340996168584,0.9566509249125666,1.1589341974169316,1.4131372644182747,18.625618131868137,34.193146521808956,0.0,128.0,0.0,0.0,31.928571428571427,0.6189642992144848,0.199030747331697,0.0,0.9291512752808988,0.4884413172877846,0.6380191166776532,0.7734707506441224,1.2304108552372863,1.6309904433256128,0.1530524784574468,9.083524613445377,0.399251633492936,0.6613750257143882,1.209557715379053,0.0045438490208938,0.0238307332276957,0.0,0.1684981684981685,0.0,0.0,0.0,0.0005929678820857,0.0032691857988206,0.0,0.0223223867782786,0.0,0.0,0.0,2213.8084599999997,320.37416024968115,1492.6,2565.0,1983.75,2392.0,2456.25,349.6741039373524,150.49469484087751,136.39609846429312,742.0777315011195,233.3256435863028,350.21868330668883,437.96689322744896,1.9668785856659443,0.3975855487944876,1.227949978654702,3.0509779567711224,1.6983888882054066,1.8746468683982704,2.220427578369068,100.18,73.808316604567,10.0,273.0,55.0,74.5,135.25,0.1974825641520711,0.2207159155079485,0.0,0.6422579913851735,0.0,0.0857285966577778,0.4278901212045514,0.0190517634498471,0.0391416172452032,0.0,0.2469135802469135,7.200460829493088e-05,0.0022129985415197,0.02618983155589,1.5256678490999491,0.4728328554689742,1.0,2.7790725904345717,1.171342075122756,1.34728660342425,1.8816018960447771,67.24,23.810552282549015,24.0,98.0,49.0,67.0,93.0,50,189958.0,14172.0,201.0,37750.0,0.0746059655292222,0.0010581286389622,3799.16
44749165,0,1682.7777777777778,640.1513902735319,139.0,2811.0,1170.5,1638.0,2202.0,30.703703703703702,26.37874398887724,1.0,117.0,13.5,27.0,37.0,0.4444444444444444,0.7370277311900889,0.0,2.0,0.0,0.0,1.0,63.96296296296296,13.92966852781948,8.0,89.0,60.5,64.0,69.5,0.0195549371902968,0.0178276857032374,0.0025594149908592,0.0783132530120482,0.0096487799010689,0.0128314798973481,0.0196675894398851,0.0002984835709098,0.0005107798426579,0.0,0.0017064846416382,0.0,0.0,0.0005143202720933,0.1903948178880277,0.0747398564291739,0.0699728260869565,0.3669108669108669,0.1212102671353772,0.2003841229193342,0.2363596389882916,0.2374040601658127,0.1197203304139453,0.0254350736278447,0.3947100712105799,0.1730075462053188,0.25,0.3283716487289137,1.4397144863159412,0.3371803748815037,0.8944403669724771,2.467692307692307,1.2599049134231168,1.4184320557491288,1.662055284857571,1.4137806637806638,11.052332326750774,-25.714285714285715,40.0,0.0,0.0,2.625,0.4098301621656663,0.2922916566088159,0.0,1.0,0.225,0.4285714285714285,0.5228079710144928,3.881836973183589,4.012460279287957,0.0,16.435914,1.3368202347826088,2.1703708333333336,5.311388708333333,0.0,0.0,0.0,0.0,0.0,0.0,0.0,0.0,0.0,0.0,0.0,0.0,0.0,0.0,1276.1614925925926,192.5633831488122,935.118,1785.0,1110.173,1179.182,1453.211,185.9760913402151,74.86857545846763,108.67319751478952,423.799208053518,143.47638177132404,152.27111649075712,216.2093733195002,1.9413614878749144,0.247101843184097,1.4567358190264643,2.581522691255401,1.8136939369334992,1.897992204898604,2.071801074146345,4.444444444444445,4.9541104021351,0.0,20.0,1.0,3.0,6.0,0.4508847704535136,0.1811544634084058,0.1164658634538152,0.7410071942446043,0.350409977346597,0.533690316822847,0.5744969714603977,0.0002918025156164,0.0008381293645749,0.0,0.0029585798816568,0.0,0.0,0.0,1.3516282965915905,0.3646359125991696,1.0,1.984251968503937,1.0604,1.1175257731958763,1.6352453102453102,39.96296296296296,16.833567614390535,11.0,66.0,31.0,34.0,52.5,27,45435.0,829.0,12.0,20500.0,0.0182458457136568,0.0002641135688345,1682.7777777777778
60699482,0,2112.52,854.2056951343745,223.0,4216.0,1512.0,1970.0,2618.0,57.64,60.96614142292425,6.0,275.0,32.0,42.0,50.0,1.12,0.9086253353280438,0.0,3.0,0.0,1.0,2.0,49.32,9.561255147730344,18.0,65.0,45.0,49.0,56.0,0.0278644441708739,0.0241925589932843,0.0090446579988694,0.1233737101839389,0.015625,0.0201965065502183,0.0269058295964125,0.0005409374167974,0.0005082078449382,0.0,0.0019841269841269,0.0,0.0004486316733961,0.0007788161993769,0.2793253461443579,0.1046611348297864,0.0699865410497981,0.485222381635581,0.211984171848502,0.261639344262295,0.3148148148148148,0.3334638216269409,0.0586460143014629,0.2134724857685009,0.4230512991339107,0.302139037433155,0.3152850982271202,0.3882275132275132,1.3350698410291104,0.3187993401296716,0.8986486486486487,2.191706715958102,1.1301190476190477,1.299047619047619,1.447142857142857,187.99584415584417,622.834572543848,0.0,2300.0,0.0,0.0,12.857142857142858,0.4018903470798207,0.2067161035216122,0.0,1.0,0.2994736842105263,0.4,0.5,491.3013686883343,578.4895634016838,0.8872962777777778,1781.35641665625,1.1459261111111112,313.98979173124997,690.2643218275863,0.0071468682498108,0.0191313384244996,0.0,0.0771646478241363,0.0,0.0,0.0026229508196721,0.0029282640113479,0.0048909271786066,0.0,0.0197397936294302,0.0,0.0003256268316509,0.0042533081285444,1467.6256400000002,699.0765057807553,754.0,2580.0,892.3499999999999,1095.0,2281.25,248.28157113585448,168.82264994229814,120.61836962226047,678.438288424256,141.57634812928066,157.64740776143793,308.2059764972724,2.2931484831130073,0.3434176930914747,1.147415039684113,2.7388869158675324,2.155082457338948,2.329155523917454,2.543692025857586,0.88,0.9516301802696256,0.0,2.0,0.0,0.0,2.0,0.4840571563500256,0.140491380087748,0.2510917030567685,0.7192654839713664,0.3697539797395079,0.4887892376681614,0.6218202374222724,0.0,0.0,0.0,0.0,0.0,0.0,0.0,1.546150617264278,0.3622157018995269,1.0,2.327188940092166,1.2706459525756335,1.466760961810467,1.7742271622091004,30.32,20.80138456930211,1.0,74.0,19.0,23.0,27.0,25,52813.0,1441.0,28.0,19000.0,0.0272849487815499,0.0005301724954083,2112.52
54587623,1,241.11111111111111,189.17840557474435,18.0,813.0,110.5,180.0,282.0,65.25925925925925,59.6002688240225,7.0,277.0,24.0,55.0,77.5,0.8888888888888888,1.5947444549341472,0.0,7.0,0.0,0.0,1.0,10.925925925925926,5.220514561880785,4.0,24.0,8.0,9.0,12.0,0.3368833749697172,0.1937835912533062,0.028290282902829,0.7857142857142857,0.2161349285476902,0.3136363636363636,0.4765625,0.0030183276916374,0.0048488255410266,0.0,0.0186915887850467,0.0,0.0,0.0047748394150608,0.0529556864000638,0.0600597731955346,0.0,0.1939393939393939,0.0,0.0277777777777777,0.097806304213135,0.0295262895811375,0.0443818149229515,0.0,0.1466666666666666,0.0,0.0,0.04852316244163,2.65436763995263,0.7715927004713595,1.4493939393939392,4.318920741989881,2.1625120504264,2.3947368421052633,2.913426573426573,0.0,0.0,0.0,0.0,0.0,0.0,0.0,0.4533944286166508,0.4567227698290971,0.0,1.0,0.0,0.4861111111111111,1.0,1.0106983435281796,0.9017968899387568,0.0,3.5,0.3911764705882353,0.4794117647058823,1.2425490196078433,0.0020576131687242,0.0104918096987505,0.0,0.0555555555555555,0.0,0.0,0.0,0.0,0.0,0.0,0.0,0.0,0.0,0.0,1282.376911111111,446.98281952160033,405.0,1995.0,960.0,1260.0,1699.0,307.77869273987744,136.4646774442772,90.95215772122052,531.550536686454,198.8792115360428,307.2531218240006,434.65743677808587,2.4536102231686905,0.3528400103052838,1.2274025692592485,2.9474282493732833,2.209946179193465,2.5040875313442115,2.6771411216176855,15.74074074074074,33.21489245704078,0.0,167.0,2.0,5.0,12.5,0.0037319924815636,0.0142993815883177,0.0,0.070631970260223,0.0,0.0,0.0,0.0008292000992139,0.0021700843174597,0.0,0.0093457943925233,0.0,0.0,0.0,1.3070272991152945,0.7641557872524338,0.0,3.402173913043478,1.0,1.0555555555555556,1.813095238095238,8.481481481481481,12.68527980499991,0.0,49.0,1.0,6.0,11.5,27,6510.0,1762.0,24.0,20500.0,0.2706605222734255,0.0036866359447004,241.11111111111111
16294328,0,781.0357142857143,243.27034963226424,433.0,1364.0,585.25,787.0,973.5,7.357142857142857,5.5175970812501705,0.0,18.0,3.0,5.0,12.25,0.9642857142857144,1.4755663042938283,0.0,5.0,0.0,0.0,2.0,35.0,8.22018421760903,23.0,55.0,29.5,35.0,38.25,0.0111072189589639,0.0100053098495332,0.0,0.0323325635103926,0.0039225423684071,0.0067938010457679,0.0161117320044416,0.0012351501992306,0.0023890330232382,0.0,0.0115473441108545,0.0,0.0,0.0017706364826183,0.138339864697849,0.0634464980097288,0.0341981132075471,0.2941903584672435,0.0949328338304114,0.1295996652252755,0.1712776186579377,0.224205898136525,0.2163760391763765,0.0278164116828929,0.703862660944206,0.0907362902999128,0.1339163938897981,0.2731640756356864,1.2942935921103411,0.2289977578371389,0.9423376623376624,1.832258064516129,1.161740905057675,1.2321679795467109,1.315288825757576,0.0,0.0,0.0,0.0,0.0,0.0,0.0,0.7494363275613276,0.3627724448968766,0.0,1.0,0.7443181818181819,0.8791666666666667,1.0,0.6052759492491635,0.7572497214224174,0.0,4.2,0.2734375,0.4056818181818181,0.6166666666666666,0.0,0.0,0.0,0.0,0.0,0.0,0.0,0.0,0.0,0.0,0.0,0.0,0.0,0.0,819.7441892857142,286.652457006603,390.0,1469.5,635.3961,770.3961,911.547075,175.0356346415971,86.55289240440857,86.91453432482028,434.8998191355952,122.35360541857328,144.1676008080646,199.34606050729232,2.7125335368790395,0.3316378918103237,1.856516538048199,3.2322828086692175,2.507128347991771,2.783803728751902,2.9704102055616737,5.107142857142857,3.9851446085456432,0.0,16.0,2.75,5.0,7.0,0.0,0.0,0.0,0.0,0.0,0.0,0.0,0.0012802481841084,0.0022649839055252,0.0,0.0076555023923444,0.0,0.0,0.0014013308846551,1.124712699725199,0.7932584572172091,0.0,2.952380952380953,1.0,1.0,1.0,4.357142857142857,2.1582778471054467,1.0,7.0,2.75,3.5,7.0,28,21869.0,206.0,27.0,21250.0,0.0094197265535689,0.0012346243541085,781.0357142857143
51526526,0,452.0810810810811,417.48354092032395,4.0,1544.0,92.0,348.0,818.0,64.27027027027027,30.28571034792325,0.0,131.0,43.0,60.0,86.0,0.8648648648648649,3.426148749253127,0.0,20.0,0.0,0.0,0.0,9.83783783783784,3.672494648964979,2.0,18.0,8.0,9.0,12.0,0.3093216842063877,0.290826137045693,0.0,1.0,0.1134846461949265,0.1802120141342756,0.403041825095057,0.0013764090488292,0.0050297510031519,0.0,0.0244498777506112,0.0,0.0,0.0,0.1152397445998258,0.139493079002654,0.0,0.5523012552301255,0.0038461538461538,0.0597014925373134,0.1739130434782608,0.1824275444097576,0.1343882792424658,0.0,0.4232309746328438,0.0553470919324577,0.1666666666666666,0.2738386308068459,1.656310034275922,0.7034077009928135,0.0,3.28,1.5031683168316832,1.8313592233009708,2.0,0.0,0.0,0.0,0.0,0.0,0.0,0.0,0.4653499662028627,0.1852606157765194,0.0,0.8866666666666667,0.37,0.453125,0.5833333333333334,7.44303318698628,11.03091170100945,0.0,50.523809523809526,0.7601852083333335,1.2576229069767442,13.263143646341463,0.000239838455221,0.0010250672429275,0.0,0.0053404539385847,0.0,0.0,0.0,0.000239838455221,0.0010250672429275,0.0,0.0053404539385847,0.0,0.0,0.0,1401.9269648648649,330.2849903917919,840.0,2235.0,1174.3516,1350.0,1632.005,312.3214541442571,85.8330695229724,141.68710637689384,488.66535435391495,259.6328547328986,295.2740045993129,369.3927036760281,2.5311028971883416,0.4748708940441541,0.8112781244591328,3.171145796105842,2.275033154723087,2.603606246124025,2.816270548316184,7.378378378378378,5.374370365894295,0.0,18.0,3.0,6.0,12.0,0.1894135440630468,0.2337449862854876,0.0,0.7744305657604702,0.0,0.0803571428571428,0.315086782376502,0.0008980282018695,0.0032633635783431,0.0,0.019047619047619,0.0,0.0,0.0,2.8031605433422344,0.9791338564126072,1.0,4.9119804400978,2.2,2.8771084337349397,3.309623430962343,20.783783783783782,17.510051376180876,0.0,63.0,8.0,18.0,25.0,37,16727.0,2378.0,32.0,28000.0,0.1421653613917618,0.0019130746696957,452.0810810810811
54530713,2,1875.9333333333336,592.1181713888612,830.0,3081.0,1396.75,1658.0,2224.5,95.7,64.51519200932444,29.0,234.0,52.5,65.5,148.25,2.1666666666666665,1.9163043135739748,0.0,7.0,1.0,2.0,3.0,207.86666666666667,41.184732877878695,88.0,269.0,183.25,220.5,238.0,0.0569324472099356,0.04672812907527,0.0156319785618579,0.1812548412083656,0.0243777736314312,0.036407471195359,0.0737384933100724,0.0011796411409771,0.0010032637937371,0.0,0.0032743942370661,0.0003492372740838,0.00091066508188,0.0018478614209526,0.179261164205851,0.0813871817236979,0.0306748466257668,0.3246621621621621,0.1073361121399112,0.201652549752954,0.240459302668871,0.2458780416007779,0.0567575326908807,0.1662650602409638,0.4018561484918793,0.2084845413091034,0.2408374615789432,0.2672288131374415,1.110411454116696,0.3304172758558643,0.5585995085995086,1.755410447761194,0.8509278709337682,1.0877961926091826,1.350216519028365,2.6521296296296293,82.10751129574732,-122.16666666666669,229.5,-56.75,-3.25,33.641666666666666,0.4019291387804605,0.1976870547561068,0.0769230769230769,0.8333333333333334,0.268796992481203,0.3964285714285714,0.5388586956521739,0.902455306599884,0.8262456225654962,0.2736385976744186,4.125584173913043,0.5217857646929824,0.5978825066740823,0.9041432738095238,0.0033460217954677,0.0050744314257844,0.0,0.0250354274917335,0.0,0.0011306716565151,0.0044554704541622,0.002038905878678,0.0052685533929531,0.0,0.0269248937175248,0.0,0.0,0.0007923930269413,1751.1916666666666,557.5049576884695,780.0,2460.0,1356.5625,1622.125,2358.75,258.06998256380865,119.89071672472166,101.45508591551662,479.9378477076295,156.35911023934435,222.7069988907212,357.3313033132145,1.9737378713069484,0.3003511036056858,1.3785373766743445,2.5163002754285144,1.785179942548926,1.961667641586553,2.2137085648771007,9.166666666666666,8.741027145339132,0.0,33.0,2.0,8.0,14.75,0.1451946181611571,0.1101348772366343,0.0217065868263473,0.5733108108108108,0.0606333263434487,0.1152750912516457,0.2026477203849399,0.0010877314913166,0.0013550193933607,0.0,0.0048192771084337,0.0,0.0,0.0020432913266933,1.558553484877422,0.4436870531054179,1.0,2.439536567704562,1.0562179016874542,1.598691750727149,1.8339250105437288,12.9,4.39203825119955,6.0,25.0,11.0,12.0,15.75,30,56278.0,2871.0,65.0,22750.0,0.0510146060627598,0.0011549806318632,1875.9333333333336
24302376,1,835.0666666666667,376.4639808652202,171.0,1673.0,641.5,702.0,1027.75,21.9,15.43232538105216,3.0,75.0,12.0,18.0,26.0,3.466666666666667,2.9522119767312707,0.0,12.0,1.0,2.0,5.0,62.8,14.406942770761605,26.0,90.0,54.5,64.5,73.25,0.0349677101045431,0.0350666049949631,0.0029886431560071,0.1590909090909091,0.0155088232378308,0.0201343454424965,0.0368791216276624,0.0051625967883275,0.0073640359595974,0.0,0.0409356725146198,0.0016387726638772,0.0030833111626315,0.0056832426043979,0.2245716049262546,0.1470321106551086,0.068013468013468,0.5911078717201166,0.1227069351230425,0.181277471912627,0.2459987382882777,0.2359543908449736,0.0943554376548919,0.0632996632996633,0.4505766062602965,0.1732925371034676,0.2456163710106927,0.3059346397187731,1.414595854764315,0.2204805063362633,0.9732380952380952,1.794225352112676,1.216794134560092,1.381295822676897,1.6004657968421871,0.0,0.0,0.0,0.0,0.0,0.0,0.0,0.4286900971628893,0.4303345791866595,0.0,1.0,0.0,0.3714285714285714,0.8806318681318682,0.5611522724417977,0.5359009909827632,0.0,2.304357294117647,0.2458333333333333,0.5,0.7531945914351852,0.0,0.0,0.0,0.0,0.0,0.0,0.0,0.0,0.0,0.0,0.0,0.0,0.0,0.0,725.9726835333333,175.81873051730895,438.35684,1095.0,611.785715,720.0,807.5,135.0017338833282,22.35212722215572,83.71663420908145,178.0502694328268,125.1811839788409,134.84965258489854,151.40265088173038,2.7361469550957573,0.2576484671124226,2.205315749286292,3.245008033258477,2.5964081271463426,2.7240276234994365,2.928371176051008,8.133333333333333,7.017755259973725,0.0,26.0,2.25,7.5,12.0,0.0615979955372838,0.0805396303607389,0.0,0.2874074074074074,0.0077353498164045,0.0191544430819346,0.1097202114500302,0.0041827322543806,0.0064020351984841,0.0,0.0292397660818713,0.0,0.0,0.0070785704260495,1.0914553243678304,0.6695579453360562,0.0,2.4330794341675737,1.0,1.1115641215715346,1.3831753889674685,3.9,2.599358895317587,0.0,7.0,0.5,5.0,6.0,30,25052.0,657.0,104.0,22750.0,0.0262254510617914,0.0041513651604662,835.0666666666667
13364710,2,506.962962962963,161.6542908164488,24.0,822.0,413.5,521.0,616.5,10.555555555555555,4.991350543381378,0.0,18.0,8.0,11.0,13.0,1.1851851851851851,1.1874977438430665,0.0,4.0,0.0,1.0,2.0,51.07407407407408,11.306916683313888,16.0,65.0,44.0,53.0,60.0,0.020532456428063,0.0100950680281006,0.0,0.0423076923076923,0.0145132696025614,0.0182926829268292,0.0279177538958781,0.002519492422224,0.002778954511574,0.0,0.0100755667506297,0.0,0.0017513134851138,0.0041181193089878,0.1189854137150423,0.074224297204554,0.0185758513931888,0.2908805031446541,0.0652723042475135,0.0870337477797513,0.17687777730547,0.0679758749367616,0.0658983180509624,0.0,0.2596774193548387,0.0314412638747353,0.0453400503778337,0.0805487801956095,0.6889281293988965,0.3822505740379782,0.0,1.338285714285714,0.6633333333333333,0.722,0.84,0.0,0.0,0.0,0.0,0.0,0.0,0.0,0.8436875367430923,0.3523994891022212,0.0,1.0,0.9543650793650792,1.0,1.0,0.4883030886902518,0.4147931114890859,0.0,2.04063,0.3033088235294118,0.4267227142857143,0.4374912767857143,0.0,0.0,0.0,0.0,0.0,0.0,0.0,0.0,0.0,0.0,0.0,0.0,0.0,0.0,764.9864259259259,155.22294744601342,468.282,971.5,631.767,789.0,900.0,152.2641437489625,39.85555855276597,92.12168104962278,222.3470461033436,114.58176968698348,156.00616959249507,183.2320801072254,2.7153163395860713,0.2639224943271413,2.099636642776186,3.0240766456649175,2.5459632856832775,2.751026216172058,2.921404692170688,9.185185185185183,5.185714258722115,0.0,17.0,7.0,10.0,12.5,0.0,0.0,0.0,0.0,0.0,0.0,0.0,0.0,0.0,0.0,0.0,0.0,0.0,0.0,0.6666666666666666,0.4714045207910317,0.0,1.0,0.0,1.0,1.0,0.0,0.0,0.0,0.0,0.0,0.0,0.0,27,13688.0,285.0,32.0,20500.0,0.0208211572180011,0.0023378141437755,506.962962962963
84330334,2,1181.82,457.8257174952058,315.0,2193.0,898.5,1163.0,1452.75,78.72,47.15804915388252,11.0,224.0,45.5,71.5,99.0,2.1,2.670205984563738,0.0,11.0,0.0,1.0,3.0,42.04,9.682892129937212,8.0,58.0,37.25,45.0,48.0,0.0768601955431017,0.0574895574567433,0.0090460526315789,0.321377331420373,0.0413456974918768,0.0601789758253437,0.0950529749676633,0.0021295071391748,0.0030166709324779,0.0,0.0120689655172413,0.0,0.0011232466393921,0.0022101656878193,0.1205242417401079,0.0935851013415345,0.0,0.409375,0.0522368149329814,0.0882086235482149,0.1809659172481121,0.1495567409794067,0.0854795653410834,0.0193236714975845,0.3522355507088331,0.0799144350644051,0.1339370568952811,0.2066130284909918,1.2194529456703262,0.4318368838588026,0.5,1.898844884488449,0.8085421792418442,1.2249889530697824,1.6657460231799142,13.97785714285714,33.22717585766492,-50.0,100.0,0.0,0.0,19.166666666666668,0.5913858598920635,0.2321880278953468,0.0,1.0,0.4378496503496503,0.5738721804511278,0.8009615384615385,1.997954143543156,1.7111322084651048,0.1090909090909091,7.940650390243903,0.8266760300675676,1.4979676130952382,2.6514263143115944,0.0060172467884631,0.0100592297792592,0.0,0.040625,0.0,0.0,0.0101335184573596,0.0092018390629518,0.0135123097002626,0.0,0.0488656195462478,0.0,0.0,0.0132068234950321,1302.813124,357.6662480305921,600.4200000000001,2025.0,1080.0,1245.00005,1552.02075,215.81113472933131,83.84371621279585,100.56700633655602,412.63840689740374,140.13446684706048,191.3801771409585,278.1787853319909,2.4422262936142345,0.4113451103805898,1.3076393033765372,3.187323428801391,2.1838646270777327,2.468901435741605,2.768096706606478,11.44,9.43432032528046,0.0,35.0,2.0,10.0,19.0,0.2689258074847973,0.2182093067624529,0.0,0.7312874251497006,0.0780604629288839,0.2317449397410606,0.413522656384655,0.0020026150848733,0.0022178270318654,0.0,0.0074812967581047,0.0,0.0015148082806468,0.0034798700126376,1.755411669639213,0.5071940335479018,1.0,2.802013422818792,1.3409771837999898,1.7459294349097876,2.1541897577996716,25.86,6.936886909846519,11.0,40.0,24.0,26.5,31.0,50,59091.0,3936.0,105.0,37750.0,0.0666091282936487,0.0017769203431994,1181.82
75214901,2,3657.6296296296296,731.3140455345837,1460.0,5219.0,3413.0,3616.0,4180.0,83.92592592592592,30.190660716735422,18.0,190.0,71.0,74.0,95.5,2.259259259259259,2.1359808674512912,0.0,7.0,0.5,1.0,4.0,72.81481481481481,12.869824129095727,33.0,107.0,66.0,71.0,78.5,0.0236055411206597,0.0121095716357815,0.0123287671232876,0.0810580204778157,0.0188202009377329,0.021505376344086,0.0243587218512564,0.0006301216912052,0.0005867687901794,0.0,0.0022264631043256,0.0001365747063643,0.0004772130756382,0.0011222799620285,0.1380393396248384,0.0402709566431813,0.054054054054054,0.1983855945358584,0.1123218248853578,0.1354047890535918,0.1690980978619353,0.189172066332218,0.0836596021022208,0.0840871021775544,0.3487454186636594,0.1106183061469386,0.1801959412176347,0.2471582146538599,1.1782753494672071,0.5523553758299085,0.5943400138217001,3.2727927927927927,0.8536241680159862,0.9769506398537476,1.5067489685411095,-0.321937321937322,15.751715631011404,-60.0,41.0,0.0,0.0,0.0,0.438079997362514,0.1045648781589001,0.2857142857142857,0.75687205,0.3542532467532467,0.4333333333333333,0.5,1.3699326439256714,4.684664741038557,-2.534725,24.526564395348835,0.0255206679487179,0.2932610491803279,1.126638636639676,0.0003934285619185,0.0009865174352875,0.0,0.0036579789666209,0.0,0.0,0.0,0.0005912868468262,0.0014199422814058,0.0,0.0054869684499314,0.0,0.0,0.0,1050.444962962963,177.4733084860893,850.0000000000001,1485.65,900.15,1005.0,1180.96,139.14457062483837,20.074399150024956,111.91379713823622,187.04392947931876,123.87476992844104,134.91959744552005,141.1235512250611,2.285614448676923,0.206200221363354,1.9387863427709064,2.6054706433653285,2.1040622209393773,2.2737412987820673,2.4654162490782405,28.14814814814815,28.87354768347499,2.0,133.0,9.0,20.0,28.0,0.4896459246414488,0.091150715568312,0.338654503990878,0.6515867656988521,0.4094074488590437,0.5054976036086833,0.5534239180050615,0.0008692453962067,0.0041831781100949,0.0,0.0221843003412969,0.0,0.0,0.0,1.6411246101388988,0.6662727703512784,1.0,4.191780821917808,1.2576748194597165,1.4830148619957535,1.8012566137566135,22.666666666666668,5.62402254881945,15.0,33.0,20.0,20.0,27.5,27,98756.0,2266.0,61.0,20500.0,0.0229454412896431,0.0006176839888209,3657.6296296296296
26674148,1,615.5806451612904,206.7321430746291,127.0,1037.0,525.5,660.0,743.0,20.06451612903226,14.194354815800422,3.0,56.0,7.5,18.0,30.0,2.870967741935484,3.62555388857474,0.0,16.0,1.0,1.0,3.5,43.645161290322584,8.73461185908247,26.0,61.0,37.0,45.0,49.0,0.0401485398238606,0.0335667034657165,0.0040106951871657,0.1276595744680851,0.0148693411851306,0.0272572402044293,0.0586579539066891,0.0055348323143523,0.007572119145193,0.0,0.0283687943262411,0.0013452095342517,0.0019230769230769,0.0061266332633724,0.1377824145503333,0.077684654050071,0.0,0.2528735632183908,0.0636590318271044,0.1189189189189189,0.2161840520809814,0.2616271737129196,0.1071184642073867,0.0860366713681241,0.4315424610051993,0.1577573861283995,0.2810810810810811,0.3511025912934714,1.1738502167358342,0.2155056660185852,0.8263725490196078,1.5821794871794872,1.042612423447069,1.15125,1.3021911196911198,0.0,0.0,0.0,0.0,0.0,0.0,0.0,0.4707997544716342,0.4157423619761121,0.0,1.0,0.0,0.7000000000000001,0.8089285714285714,1.5270671747649684,1.8172619928944196,0.0,6.833333333333333,0.5,0.728,1.9094954184397164,0.0,0.0,0.0,0.0,0.0,0.0,0.0,0.0,0.0,0.0,0.0,0.0,0.0,0.0,794.9481806451613,189.73519492125016,420.0,1339.5366,660.0,760.857,870.5,156.95980995471274,46.196163965553595,87.36288243089555,293.2235091402963,122.89271829003758,147.77143079099216,190.64147563171665,2.6999347610311175,0.2956297010139308,1.9465324291618584,3.205048436830072,2.5275409333507897,2.644161602143012,2.9099903105893015,9.225806451612904,6.499179488755112,2.0,27.0,5.0,6.0,14.0,0.0083174974393364,0.0275040373711507,0.0,0.1381294964028777,0.0,0.0,0.0,0.0047135913729079,0.0096000851403949,0.0,0.0425531914893617,0.0,0.0,0.0050590219224283,0.8064516129032258,0.3950789907714803,0.0,1.0,1.0,1.0,1.0,2.032258064516129,2.1019786525993434,0.0,6.0,0.0,1.0,4.0,31,19083.0,622.0,89.0,23500.0,0.0325944557983545,0.0046638369229156,615.5806451612904
59561688,0,1129.3461538461538,1459.595147827688,8.0,7901.0,245.5,994.5,1235.25,8.307692307692308,3.483689807453616,1.0,19.0,6.25,8.5,10.0,1.0384615384615383,1.849756100986315,0.0,8.0,0.0,0.0,1.75,23.192307692307693,7.364254783799245,3.0,37.0,19.25,21.5,28.0,0.0192909993579153,0.0241331909791129,0.0006328312871788,0.125,0.0066757733650203,0.0112071665726993,0.0266422018348623,0.0010058472994924,0.0018229077072099,0.0,0.0078431372549019,0.0,0.0,0.0012278529730941,0.2418029962334567,0.136243133711618,0.0601092896174863,0.5358649789029536,0.1295940960830522,0.227078078583039,0.3274622958073675,0.2145705431543817,0.1079686549537437,0.0,0.3934426229508196,0.1261078431372549,0.2390602357647484,0.3012153616559839,0.8351462809886564,0.4920661530529011,0.0,2.0356756756756753,0.5076639833035181,0.6813416711493635,0.8876517775224619,36.79670329670329,37.69353352378248,-17.0,79.0,0.0,38.5,70.0,0.2987179487179487,0.3955393125815708,0.0,1.0,0.0,0.0,0.5,31.967672313605007,70.957996893023,0.0,286.5064375714286,0.7464285714285713,1.0746582875,11.771193388888888,0.0,0.0,0.0,0.0,0.0,0.0,0.0,0.0,0.0,0.0,0.0,0.0,0.0,0.0,826.2258846153846,297.96275844371985,300.0,1412.17,660.0,750.0,1056.0525,175.48383235606178,118.7225291430602,68.79219747910183,448.429674763865,108.66916723088131,117.10060561295391,149.47180711825382,2.366204004037425,0.3953137240775624,1.487577630583488,3.0142910278683632,2.15854616657089,2.360443262226059,2.715393168450729,0.8461538461538461,1.4058205294228512,0.0,5.0,0.0,0.0,2.0,0.3727928804697574,0.2722801682389242,0.0,0.824,0.1000988961633471,0.3938935232917799,0.5592213114754099,0.0,0.0,0.0,0.0,0.0,0.0,0.0,1.4260289266608182,0.5958245901998945,0.0,2.092592592592593,1.0,1.3978974682794956,1.9943214385224697,14.653846153846152,13.332846391502764,0.0,33.0,4.0,9.0,31.0,26,29363.0,216.0,27.0,19750.0,0.0073561965739195,0.0009195245717399,1129.3461538461538
56252663,1,1045.8636363636365,685.5673360903725,194.0,2593.0,506.75,807.5,1317.25,83.9090909090909,44.84610968321565,36.0,169.0,50.5,60.5,136.75,1.0,1.1677484162422844,0.0,4.0,0.0,1.0,1.0,30.227272727272727,15.482928482046454,11.0,70.0,16.25,30.5,40.75,0.1146123546735943,0.0711214521811182,0.0216526734423331,0.2405891980360065,0.0541432073690138,0.0969858706714895,0.1697772220959308,0.0010683261131604,0.001365121667587,0.0,0.0051085568326947,0.0,0.0005960394208141,0.0016002131087697,0.2419472884517097,0.1270403185596112,0.0496350364963503,0.6494845360824743,0.1487617135207496,0.2379765292443733,0.3001128441747329,0.2920351910563273,0.1056285752918126,0.0891089108910891,0.4595669465311533,0.2291389226873098,0.28364825875537,0.3640137002205967,1.2353308871178028,0.4633084804460042,0.6048659793814433,2.221338912133891,0.8671777661552766,1.0639818104906935,1.5227416556510245,44.31818181818182,111.5316450664997,0.0,325.0,0.0,0.0,0.0,0.4428030303030303,0.4244150419926291,0.0,1.0,0.0,0.5,0.825,1.8351616075910135,1.0202559574058718,0.71777952,4.613060536170213,0.9402069554085768,1.572713834427684,2.240145679411764,0.0049324928161136,0.0109991631123842,0.0,0.0419485791610284,0.0,0.0,0.0037303302201217,0.0001004298397139,0.0004602273425215,0.0,0.0022094564737074,0.0,0.0,0.0,1421.1747818181818,459.4367976236079,954.2002,2070.0,1028.625,1140.0,2055.0,263.60215656084836,119.14464724806584,148.08164817890918,585.2141622285143,194.3799504508168,221.83190914218935,298.3899072669557,2.208328788286155,0.4088823143827843,1.045504768830813,2.921903028000493,2.0221976839510005,2.2738064322696525,2.439005882916942,16.318181818181817,12.614516758792275,1.0,45.0,7.25,10.5,21.75,0.2925979876918133,0.1749195191853296,0.0099009900990099,0.5810983397190294,0.1539209964504639,0.2867923443876085,0.4367252834745961,0.0010542916469391,0.0019820676460841,0.0,0.0064724919093851,0.0,0.0,0.0011482408542351,1.6538382801989344,0.6706191118629126,1.0,2.931578947368421,1.0523877004746158,1.379910734013876,2.2777949456875213,6.818181818181818,1.79990817029303,3.0,9.0,6.0,6.5,9.0,22,23009.0,1846.0,22.0,16750.0,0.0802294754226606,0.0009561475944195,1045.8636363636365
69979225,2,2548.818181818182,1445.5102161949485,606.0,7098.0,1668.0,1987.0,2799.0,44.60606060606061,17.4389661111727,7.0,82.0,40.0,48.0,55.0,2.3333333333333335,1.5699192541804383,0.0,6.0,1.0,2.0,4.0,55.93939393939394,9.075239019940696,35.0,75.0,50.0,54.0,62.0,0.0207064346694984,0.0100629143116537,0.0044474854601436,0.040922619047619,0.0124843945068664,0.0223152022315202,0.0300546448087431,0.0011851383093167,0.0009695483233606,0.0,0.0040983606557377,0.0004335573379579,0.0010230179028132,0.001850138760407,0.1875181249721404,0.0708405768104744,0.0601233299075025,0.308294930875576,0.1227768215720023,0.1967871485943775,0.2470226661544372,0.3220914649148994,0.0687530561730231,0.2149933065595716,0.4637978142076502,0.2644061515656846,0.3154129633644049,0.3521667580910587,1.1679181465992836,0.2430699054092309,0.7429887054735013,1.873978494623656,0.99534435261708,1.1180655226209049,1.316052382455033,80.92292212252687,5.1331415812585535,70.0,90.0,78.33333333333333,80.66666666666667,85.45454545454545,0.1308513708513708,0.2642256801040834,0.0,1.0,0.0,0.0,0.0,6.772400380695807,14.437752907999434,0.0,60.0,0.1666666666666666,1.5,2.0,0.0005436374163935,0.0016450546839495,0.0,0.0082508250825082,0.0,0.0,0.0,0.0002550343995037,0.0009081182530177,0.0,0.0047543581616481,0.0,0.0,0.0,1415.8028181818183,473.5332915588969,863.0965,2435.0,1009.304,1233.75,1667.0,280.3867194018946,144.7813474855779,175.2817873375778,807.8230377995568,192.59047152990487,222.66380282709255,298.9804831085345,2.6688912616102285,0.3873075165707811,1.562554675267245,3.2463321773076057,2.390519918900151,2.8131754678399177,2.927986223151347,1.4242424242424243,2.283409240458728,0.0,9.0,0.0,0.0,2.0,0.5813511859344446,0.1256256403031383,0.2962150301700493,0.75187265917603,0.4817232375979112,0.6221498371335505,0.6742220514790627,0.0,0.0,0.0,0.0,0.0,0.0,0.0,1.5147978954493049,0.4812473290511252,1.022222222222222,2.704876937101185,1.1299212598425197,1.3198924731182795,1.852664576802508,43.06060606060606,24.266124778256263,0.0,60.0,16.0,60.0,60.0,33,84111.0,1472.0,77.0,25000.0,0.0175006836204539,0.0009154569556895,2548.818181818182
16000285,0,327.22,398.6030250763283,0.0,1843.0,16.0,103.0,580.5,20.32,13.417063762239486,0.0,53.0,11.0,17.5,29.0,0.02,0.1399999999999999,0.0,1.0,0.0,0.0,0.0,7.68,6.549625943517691,0.0,27.0,2.0,6.0,12.0,0.4087728477253631,0.441262328784426,0.0,1.0,0.0337794824458096,0.0993491712352922,1.0,0.02,0.1399999999999999,0.0,1.0,0.0,0.0,0.0,0.1294794411750245,0.1611591434015094,0.0,0.603542234332425,0.0,0.0466996307253284,0.2456892913556727,0.07565986518421,0.1081424452738147,0.0,0.3909348441926346,0.0,0.0026881171263193,0.1217891980886831,0.5864100958809453,0.5759344166813198,0.0,2.0,0.0,0.5612910145628135,0.7823669197408694,0.0,0.0,0.0,0.0,0.0,0.0,0.0,0.5606426258926259,0.3263213572547526,0.0,1.0,0.3692307692307692,0.5777777777777777,0.8295454545454546,27.909395231554043,51.95167590757415,0.0,184.97115384615384,0.1645833333333333,0.9472222222222222,37.24048402255639,0.0,0.0,0.0,0.0,0.0,0.0,0.0,0.0,0.0,0.0,0.0,0.0,0.0,0.0,639.1531001999999,363.7842965522227,0.0,1230.0,400.5,630.9608000000001,902.25,121.56317784145791,69.03845275648102,0.0,335.3701051644534,91.45725500476382,118.93401281213544,160.2023072763423,1.820366226798706,0.8422380079076001,0.0,3.169925001442312,1.317581190696809,1.8892635875650816,2.3469775166972955,4.08,6.402624461890608,0.0,32.0,0.0,0.5,6.5,0.0,0.0,0.0,0.0,0.0,0.0,0.0,0.0,0.0,0.0,0.0,0.0,0.0,0.0,1.324115731534448,1.1857762125315472,0.0,3.6842105263157894,0.0,1.2537796976241902,2.3953896706681577,2.08,2.8763866221354877,0.0,8.0,0.0,0.0,4.0,50,16361.0,1016.0,1.0,37750.0,0.0620988937106533,6.112095837662735e-05,327.22
14958919,0,963.7777777777778,752.9612322583087,77.0,2908.0,361.5,757.0,1435.5,7.851851851851852,7.011650113303249,0.0,24.0,2.0,4.0,13.0,0.7777777777777778,2.499382639822665,0.0,13.0,0.0,0.0,0.0,11.925925925925926,8.696214271806998,1.0,31.0,3.5,8.0,19.0,0.0095667898867926,0.0070305572923853,0.0,0.0259740259740259,0.0040203260791496,0.0088888888888888,0.0132797372148267,0.0012135343761789,0.0048245559970829,0.0,0.0255905511811023,0.0,0.0,0.0,0.1577237178129714,0.1660499416614618,0.0,0.7843137254901961,0.0328471834913552,0.1110729023383769,0.2448121214459318,0.1406575986633545,0.1625384798110428,0.0,0.7843137254901961,0.0272409878749287,0.0955882352941176,0.2200335895988069,1.224911095637239,0.6173991139953541,0.0,2.0,0.9688583891232576,1.4494285714285713,1.6764774738410904,0.0,0.0,0.0,0.0,0.0,0.0,0.0,0.3939434022767356,0.3471774737773444,0.0,1.0,0.0,0.5,0.6125,3.822673015508144,6.150414217276857,0.0,24.441666666666663,0.0,1.25,3.926236269480519,0.0,0.0,0.0,0.0,0.0,0.0,0.0,0.0,0.0,0.0,0.0,0.0,0.0,0.0,660.9338259259259,205.5874485030777,270.0,1048.3,533.8967,642.289,840.0,138.681609753015,41.94859713450115,69.80710887731475,245.0805412323868,103.88306871000732,142.43189149596557,163.74435944597215,2.862544378710808,0.2677462888422218,2.2857317864592903,3.321928094887362,2.68986374169125,2.836988410061554,3.0498776422748133,1.4074074074074074,2.265019977988245,0.0,10.0,0.0,0.0,2.0,0.0,0.0,0.0,0.0,0.0,0.0,0.0,0.0003623976226715,0.001847872549682,0.0,0.009784735812133,0.0,0.0,0.0,1.1584498322349677,0.2894167839973931,1.0,2.1214717741935485,1.0,1.0065502183406114,1.1581525929201957,8.0,5.069882020688815,0.0,15.0,5.0,6.0,12.5,27,26022.0,212.0,21.0,20500.0,0.0081469525785873,0.0008070094535393,963.7777777777778
74216097,1,1481.4418604651162,618.8281612300965,6.0,2978.0,1020.0,1568.0,1808.0,62.395348837209305,29.43983974842928,3.0,124.0,38.5,54.0,88.0,1.6511627906976745,2.1661639111060498,0.0,8.0,0.0,1.0,2.0,26.511627906976745,4.966736296899819,3.0,35.0,25.0,27.0,29.0,0.0589080164714278,0.0743543514900459,0.0144462279293739,0.5,0.0262211567275996,0.041015625,0.0556110805225065,0.0011429986692403,0.0014994509749774,0.0,0.0066390041493775,0.0,0.0005800464037122,0.0020965990207842,0.2639321515312837,0.0995482817366881,0.0,0.4151785714285714,0.2057026503247433,0.2795419052576783,0.3335667903969921,0.2445104507974278,0.090360744141605,0.0,0.399234693877551,0.1728218742962796,0.2586765386395187,0.313158332495385,1.275040168844246,0.2894353555295108,0.0,1.7034106280193235,1.1391857385398982,1.2340322580645162,1.4670842049025197,0.5936608611027216,5.544309070581432,-22.5,15.0,0.0,0.0,0.0,0.5071082401524785,0.179427937241611,0.0,0.8687037037037036,0.4422222222222222,0.5192957746478873,0.5957685810810811,1.0659298955672818,0.8806446068638318,0.29210632,6.09433962264151,0.5826889286184211,0.9445176705882352,1.274757271029014,0.0001471304955539,0.000953514590513,0.0,0.0063266113088177,0.0,0.0,0.0,0.000213471939361,0.0011096788449544,0.0,0.0071174377224199,0.0,0.0,0.0,1686.9930232558138,520.4329698480041,330.0,2397.95,1289.5,1661.97,2212.5,335.350698564621,203.19730930954304,121.7579566188592,726.9242860620546,167.58633415979864,267.1545524079042,454.4913222017816,2.3687212783484863,0.2731414448969722,1.7858053709705637,2.8760553314694706,2.219892298036714,2.4125815081063258,2.55479529915388,15.44186046511628,20.57578428308994,0.0,94.0,1.5,7.0,20.5,0.0,0.0,0.0,0.0,0.0,0.0,0.0,0.0036679601610534,0.0032884802847164,0.0,0.0115321252059308,0.0004672991156706,0.0025536261491317,0.0052840588112865,2.032719259458122,0.5193103658426969,1.0,3.06052036199095,1.8100004835344623,2.046846846846847,2.4079564690044917,17.25581395348837,4.656043950363041,0.0,24.0,14.0,18.0,19.5,43,63702.0,2683.0,71.0,32500.0,0.0421179868763932,0.0011145646918464,1481.4418604651162
34194741,1,658.72,298.1590877367316,5.0,1452.0,517.0,619.0,747.0,12.44,6.905534012659702,0.0,29.0,8.0,9.0,17.0,1.16,1.22245654319489,0.0,3.0,0.0,1.0,2.0,40.68,12.96061726925072,3.0,64.0,34.0,40.0,50.0,0.0222659342209502,0.0230924281844276,0.0,0.1255411255411255,0.0119402985074626,0.0162454873646209,0.027807486631016,0.0019262606205571,0.0023154835683437,0.0,0.0083333333333333,0.0,0.0011668611435239,0.0033333333333333,0.0382153806583244,0.0398190833489323,0.0,0.1437802907915993,0.0079575596816976,0.0275862068965517,0.0618436406067677,0.1147664321273173,0.1248771932493383,0.0,0.5428109854604201,0.0233333333333333,0.0904836193447738,0.1702127659574468,1.6316573815998578,0.3762445427028671,0.62,2.4453,1.467272727272727,1.647391304347826,1.8668181818181817,76.15494805194805,118.63576098714852,-207.0,218.2,0.0,23.5,187.5,0.396873601953602,0.2898491592348022,0.0,1.0,0.2,0.4428571428571428,0.55,2.4273498098504276,3.862327913473395,0.0,17.276353076923076,0.4495036875,0.7844353333333333,2.5657799999999997,0.000107095046854,0.0005246564375439,0.0,0.002677376171352,0.0,0.0,0.0,0.000107095046854,0.0005246564375439,0.0,0.002677376171352,0.0,0.0,0.0,1014.12864,407.4711693522259,34.0,1845.0,695.6999999999999,1005.5,1106.25,181.98463390397384,83.33815753327579,11.790462247087683,373.66322027268143,136.1019912019235,153.0980275708341,229.57791293199577,2.4090038121600355,0.3317096620052855,1.9219280948873625,2.8762649283666017,2.129998990100461,2.3488449022336524,2.703357527193513,5.84,3.4488258871679793,0.0,17.0,4.0,5.0,8.0,0.1875278670111979,0.1790883952646492,0.0079575596816976,0.621900826446281,0.0483592400690846,0.0794223826714801,0.2495164410058027,0.0003117046254688,0.0006885852321476,0.0,0.0023201856148491,0.0,0.0,0.0,1.0033014298234253,0.0086097044097376,1.0,1.037037037037037,1.0,1.0,1.0,10.24,2.596613178738797,0.0,13.0,10.0,11.0,12.0,25,16468.0,311.0,29.0,19000.0,0.018885110517367,0.0017609910128734,658.72
57020936,1,1031.74,443.6967347186589,2.0,1795.0,681.0,1191.5,1351.25,32.92,16.87582886853265,2.0,66.0,17.25,35.5,44.0,1.5,1.9621416870348585,0.0,6.0,0.0,1.0,2.0,27.4,9.68090904822476,1.0,46.0,25.25,30.0,33.0,0.0956245030985493,0.2318963085306112,0.0035294117647058,1.0,0.0225645316811343,0.0307307595295898,0.0436066728893281,0.0018758712407212,0.0031982672588179,0.0,0.0146627565982404,0.0,0.0007158825257725,0.0018186928955657,0.1424139522005494,0.0739488472744845,0.0,0.3263954588457899,0.0964799089799089,0.1406515019418245,0.1825145224478767,0.0922733595962625,0.0869097749003054,0.0,0.5076923076923077,0.0417247858208331,0.0714703583886698,0.1252588426972197,1.3981243458032864,0.4855699847482133,0.0,1.995702005730659,1.190017832941567,1.5246127704592554,1.7567783432287247,3.5024990009990007,20.454412122674928,-34.333333333333336,74.75,0.0,0.0,3.0625,0.4452222525427263,0.324397535196102,0.0,1.0,0.20625,0.4154761904761904,0.625,3.764225153475737,3.8913602583756006,0.0115227055555555,20.0,1.1482721985645934,2.606321361111111,4.598767086413043,0.000869231238383,0.003640404764905,0.0,0.0225752508361204,0.0,0.0,0.0,0.0010646090211362,0.0038759617277846,0.0,0.0225752508361204,0.0,0.0,0.0,1050.8610744,417.45182222342623,60.5,2309.7038,772.5,981.5,1170.0,202.1067821077677,121.41379281058278,27.15810192189432,531.1877758940577,127.36522655350024,157.27426392003838,212.5069730134789,2.37032935432533,0.3454249001786604,1.0,3.0001992227237633,2.300951703000779,2.405832649414049,2.5417499898228924,6.66,7.672313862193073,0.0,22.0,0.0,4.0,9.75,0.2681343149279841,0.1541891633894938,0.0,0.5575657894736842,0.1865599294947121,0.2904096678031452,0.3949515706011826,0.0,0.0,0.0,0.0,0.0,0.0,0.0,1.199464251659633,0.370061890639379,0.0,2.291970802919708,1.0,1.0706584860879664,1.2757063246351172,16.96,7.525848789339313,0.0,29.0,12.25,19.0,20.0,50,51587.0,1646.0,75.0,37750.0,0.0319072634578479,0.0014538546533041,1031.74
1331004,1,234.96153846153845,74.49237481330182,37.0,379.0,191.5,234.0,274.25,2.6923076923076925,2.4300875382971254,0.0,8.0,1.0,2.0,3.0,1.3461538461538465,1.466086042503532,0.0,4.0,0.0,1.0,2.0,21.346153846153847,6.219957381082703,10.0,37.0,17.5,21.5,25.75,0.011447067101591,0.0099597509617493,0.0,0.0366492146596858,0.0036617797007192,0.0096656520829944,0.0167225595939454,0.0055247335935214,0.005966079257093,0.0,0.0206185567010309,0.0,0.0039894038894705,0.0090570129045906,0.0601475394132006,0.0593787003002298,0.0,0.2137203166226912,0.0104796019528254,0.0385039795271523,0.0960638939119951,0.304004488813588,0.0839252121079434,0.1466165413533834,0.4511873350923482,0.2336206896551724,0.3049574607329843,0.3488191244239631,0.0,0.0,0.0,0.0,0.0,0.0,0.0,0.0,0.0,0.0,0.0,0.0,0.0,0.0,0.0,0.0,0.0,0.0,0.0,0.0,0.0,0.3033424908424908,0.2253846304536511,0.0,0.5,0.0,0.4642857142857143,0.5,0.0,0.0,0.0,0.0,0.0,0.0,0.0,0.0,0.0,0.0,0.0,0.0,0.0,0.0,374.3076923076923,37.36799250569028,270.0,432.0,355.0,372.5,412.5,110.31757068120724,11.468881605437494,92.38143668372992,130.51330363272484,99.07693796926792,112.85558130475772,119.26396590433284,2.9678810318951583,0.1730310762919333,2.530644060943239,3.274411652082679,2.859112772209704,2.973358856842051,3.097353952741478,2.0384615384615383,2.084388293052189,0.0,7.0,1.0,1.0,3.0,0.0,0.0,0.0,0.0,0.0,0.0,0.0,0.0085704140930971,0.0084737681532308,0.0,0.031413612565445,0.0033535074679691,0.0053379263223822,0.0142621703853955,0.0,0.0,0.0,0.0,0.0,0.0,0.0,0.0,0.0,0.0,0.0,0.0,0.0,0.0,26,6109.0,70.0,35.0,19750.0,0.0114585038467834,0.0057292519233917,234.96153846153845
59951770,1,1131.5172413793102,1033.4623300506746,129.0,3715.0,349.0,674.0,1601.0,14.586206896551724,12.209428921038178,2.0,54.0,6.0,10.0,18.0,1.1724137931034482,1.4637920880545603,0.0,5.0,0.0,1.0,1.0,21.344827586206897,7.443005798405713,11.0,42.0,15.0,20.0,25.0,0.0228217211792874,0.0188981180840125,0.0025862068965517,0.0801186943620178,0.0073855243722304,0.016,0.0387596899224806,0.0030442603842063,0.0078242102086596,0.0,0.0318471337579617,0.0,0.000394632991318,0.0016,0.2419622871230617,0.140787342400293,0.0026402640264026,0.5230769230769231,0.1696,0.2165605095541401,0.3395161290322581,0.3053320887463197,0.1374425074268321,0.0525862068965517,0.5668789808917197,0.1923076923076923,0.2866666666666667,0.4015915119363395,1.5514558431003629,0.434547590594579,0.6258687258687259,2.0,1.378,1.695744680851064,1.949375,49.9051724137931,11.02004713072394,30.0,58.0,45.0,58.0,58.0,0.6332040947558188,0.3628483684854915,0.0,1.0,0.4285714285714285,0.75,0.9090909090909092,26.4285852334472,54.48273635457827,0.0,216.66666666666663,0.5,1.3888866666666668,6.293486551724138,0.0,0.0,0.0,0.0,0.0,0.0,0.0,0.0,0.0,0.0,0.0,0.0,0.0,0.0,950.668275862069,478.1665370909795,370.0,2190.0,540.0,825.0,1200.0,184.65774753169995,110.29627625181404,87.80224331406487,493.4692263819781,102.58737766982144,143.18631819847295,227.23240671218215,2.6813471004256617,0.2907901977753842,2.046697341222138,3.081530779243892,2.511591896357108,2.7179938303683886,2.9408677233023717,6.551724137931035,6.223349840258455,0.0,20.0,2.0,5.0,6.0,0.184174484376368,0.1735987397376506,0.0,0.4254062038404727,0.0,0.2023735165521549,0.3692307692307692,0.0085714008952426,0.0128354242432123,0.0,0.0457142857142857,0.0,0.0008539709649871,0.0105610561056105,2.3798397412080665,0.7849924887338088,1.0449141347424042,3.3891129032258065,1.4745308310991958,2.707865168539326,3.1251078515962036,7.0,4.502872646318738,0.0,12.0,1.0,9.0,10.0,29,32814.0,423.0,34.0,22000.0,0.0128908392759188,0.0010361431096483,1131.5172413793102
30239113,1,822.3103448275862,291.30172809225877,197.0,1376.0,647.0,749.0,995.0,14.827586206896552,14.874344878108522,0.0,58.0,2.0,13.0,23.0,1.7586206896551724,5.007960369553679,0.0,20.0,0.0,0.0,1.0,33.06896551724138,7.6515990417273345,21.0,52.0,26.0,33.0,37.0,0.0189096847675662,0.0180521889367822,0.0,0.0702179176755447,0.0015151515151515,0.0140845070422535,0.029145728643216,0.0027282959552104,0.0088767333268404,0.0,0.0471698113207547,0.0,0.0,0.0014204545454545,0.0290640909022091,0.0454488259974967,0.0013755158184319,0.2357473035439137,0.0044576523031203,0.015228426395939,0.0291828793774319,0.1075612671710824,0.0941036213612498,0.0,0.3299492385786802,0.0145278450363196,0.0931818181818181,0.1773584905660377,1.3886995322340878,0.1795930699324175,1.1065625,1.7045703125,1.2478048780487805,1.3619607843137254,1.5929353233830843,0.0,0.0,0.0,0.0,0.0,0.0,0.0,0.3420472021042769,0.3865946273021514,0.0,0.8285714285714285,0.0,0.0,0.8166666666666668,8.446827885019696,18.337034017873044,0.0,90.0,0.2413793103448276,1.58,7.812159791666667,0.0,0.0,0.0,0.0,0.0,0.0,0.0,0.0,0.0,0.0,0.0,0.0,0.0,0.0,894.9831172413793,556.2178440117208,318.1004,2426.32,586.0,765.0,840.0,197.3512059464879,150.11067428774498,99.60935307728056,770.3760723604478,113.35255747689196,150.57885085478475,172.5132869140368,2.6302890368752405,0.3179919813512115,1.675464873667501,3.181822504616818,2.5083669418266106,2.671293520353543,2.8146770176451836,7.551724137931035,14.318028680765048,0.0,56.0,0.0,0.0,7.0,0.0,0.0,0.0,0.0,0.0,0.0,0.0,0.0082829582772208,0.0158535968247542,0.0,0.0677966101694915,0.0,0.0,0.0096286107290233,1.1356232915008762,0.4722026950652962,0.0,2.8973684210526316,1.0,1.0,1.0169133192389006,2.5517241379310347,1.275396000614271,0.0,4.0,2.0,2.0,4.0,29,23847.0,430.0,51.0,22000.0,0.0180316182329014,0.0021386337904138,822.3103448275862
65181054,1,2980.266666666667,1882.7055165963216,101.0,9448.0,2153.0,2888.5,3372.0,99.0,50.52326196911676,32.0,249.0,72.0,87.0,109.75,3.3,3.9340394846349303,0.0,16.0,0.0,2.0,5.0,30.633333333333333,10.578227114639244,7.0,54.0,22.5,29.5,37.0,0.0548486485832917,0.0607800785171958,0.0046880634691669,0.3168316831683168,0.0241875559372924,0.0325530710785199,0.0680301195277764,0.0014070876716089,0.0020955010174813,0.0,0.0103626943005181,0.0,0.0007035218218145,0.0015812217314253,0.1566019481227898,0.1177089718094847,0.0,0.4058180069719918,0.0820559610105449,0.1167721762185632,0.2588574889014849,0.0973341633013755,0.0826016004911778,0.0,0.3142493638676845,0.031425690173937,0.0775087839976339,0.1395186335403726,1.4181096568057412,0.4518646201838607,0.6735072940209574,2.3574193548387097,1.0241649441507334,1.416084607110009,1.798478633444451,12.077859686609688,31.781564393768157,-17.0625,90.0,0.0,0.0,3.616666666666667,0.37183875611251,0.2544181245339447,0.0,0.8,0.0588333333333333,0.4382142857142857,0.5093481989708404,38.97908961875597,77.84070084047697,0.0,313.564120125,0.5274045,1.4833134383783784,16.883423174492943,0.0,0.0,0.0,0.0,0.0,0.0,0.0,0.0,0.0,0.0,0.0,0.0,0.0,0.0,1593.3359933333334,353.58543117773854,978.1,2385.0,1290.25,1611.5,1756.0,278.73583058131135,125.36054452770682,131.4617935107269,650.8779569313242,202.5975251605879,224.09942621293703,322.9838745525264,2.342222656087538,0.3494038103990893,1.3602778769321353,2.888941235084461,2.186538070136378,2.3474089369517435,2.545546229623973,53.86666666666667,53.79760424240305,0.0,182.0,10.5,26.0,83.0,0.1200322722247013,0.0915545840302899,0.0,0.3789473684210526,0.0503296590237862,0.0908588082706199,0.1615277131628232,0.0,0.0,0.0,0.0,0.0,0.0,0.0,1.4976170323525233,0.4719520026024623,1.0,3.2098670756646217,1.107199873739673,1.4973886017364275,1.6559302292414768,27.933333333333337,7.615481308200787,6.0,36.0,23.0,29.0,35.75,30,89408.0,2970.0,99.0,22750.0,0.0332185039370078,0.0011072834645669,2980.266666666667
37957443,2,1042.3103448275865,368.50135483288824,416.0,2371.0,786.0,983.0,1191.0,140.41379310344828,85.40754922676749,32.0,319.0,62.0,136.0,187.0,3.793103448275862,4.619145393004235,0.0,19.0,0.0,3.0,6.0,57.0,11.434973576255224,33.0,76.0,50.0,59.0,64.0,0.1360411185319887,0.0709381315413865,0.036979969183359,0.2805628847845207,0.0769230769230769,0.1158129175946547,0.1807095343680709,0.0034744658789544,0.0042705165059782,0.0,0.015952980688497,0.0,0.0026666666666666,0.0051948051948051,0.0514826029488325,0.0392534949837734,0.0,0.157688540646425,0.0261941448382126,0.0394626364399664,0.0795334040296924,0.0696380821814226,0.0592940035541389,0.0072115384615384,0.2517006802721088,0.0310421286031042,0.0486985726280436,0.094017094017094,1.6203670493771063,0.4831605669595047,0.6639999999999999,2.0,1.5666666666666664,1.86547700754976,1.9549866666666669,0.0,0.0,0.0,0.0,0.0,0.0,0.0,0.5105939440691785,0.0902444587884986,0.3052499999999999,0.7368421052631579,0.4548148148148148,0.5,0.5571428571428572,1.338369782068649,0.9706863967499963,0.27708345,5.095037123595506,0.8062054468085106,1.0383172475884244,1.6473958750000002,0.0019289526765649,0.0069070837916352,0.0,0.0360576923076923,0.0,0.0,0.0,0.0011361085347338,0.004622959133495,0.0,0.0240384615384615,0.0,0.0,0.0,1485.3602862068967,338.8136004503073,930.0,2070.0,1215.432,1412.92,1722.4923,268.5051211945456,83.6125584506146,173.8295304649395,476.5304216285208,197.4116668778824,245.91362912971576,312.7684521956285,2.5742655091479114,0.2415339638953162,1.9226079448059636,2.965407413264643,2.460637976941213,2.5852702574209343,2.70119451904342,8.413793103448276,4.552507769535004,2.0,19.0,6.0,7.0,9.0,0.4011993041575075,0.1641639374756993,0.0608020698576972,0.6895674300254453,0.2761653474054529,0.4326923076923077,0.5015906680805938,0.0029962789966777,0.0024503876003495,0.0,0.0111358574610244,0.0017559262510974,0.0023112480739599,0.0048076923076923,1.6968908259636497,0.5185048023874997,1.0,2.662043795620438,1.1370967741935485,1.6358695652173914,2.152542372881356,8.862068965517242,2.897372625875863,4.0,12.0,7.0,10.0,11.0,29,30227.0,4072.0,110.0,22000.0,0.1347139974195255,0.0036391305786217,1042.3103448275865
3913600,0,382.74285714285713,68.95147065960558,43.0,446.0,378.5,399.0,412.5,8.057142857142857,2.596072386651554,0.0,14.0,8.0,8.0,10.0,0.0571428571428571,0.3331972511340171,0.0,2.0,0.0,0.0,0.0,16.62857142857143,2.5307899871746913,7.0,22.0,17.0,17.0,17.0,0.0202200595124287,0.0063781451935764,0.0,0.0371352785145888,0.0197045530378863,0.020671834625323,0.0228201723554375,0.0001515725653656,0.0008838123372255,0.0,0.0053050397877984,0.0,0.0,0.0,0.0114512336749053,0.0060995645620497,0.0,0.0268292682926829,0.0081867730934758,0.0117370892018779,0.0143543956043956,0.006293824377996,0.0097187370832095,0.0,0.0465116279069767,0.0,0.0026954177897574,0.0076353674884886,0.0,0.0,0.0,0.0,0.0,0.0,0.0,0.0,0.0,0.0,0.0,0.0,0.0,0.0,0.0,0.0,0.0,0.0,0.0,0.0,0.0,0.3782647102040816,0.0955521918464374,0.0,0.5,0.3899992,0.406249375,0.406249375,0.0,0.0,0.0,0.0,0.0,0.0,0.0,0.0,0.0,0.0,0.0,0.0,0.0,0.0,373.6571428571429,26.628602084593023,293.0,464.0,374.0,374.0,374.0,102.40341001530967,1.9072242607484815,97.14989129825598,106.11296628657244,101.32751521727906,102.03594648456004,103.39647084183342,3.113427467617748,0.0692383169809246,2.784067577256918,3.1690019117040067,3.1106885056801437,3.134440892315863,3.146136452967984,8.057142857142857,2.596072386651554,0.0,14.0,8.0,8.0,10.0,0.0,0.0,0.0,0.0,0.0,0.0,0.0,0.0,0.0,0.0,0.0,0.0,0.0,0.0,0.0,0.0,0.0,0.0,0.0,0.0,0.0,0.0,0.0,0.0,0.0,0.0,0.0,0.0,35,13396.0,282.0,2.0,26500.0,0.0210510600179157,0.0001492982979994,382.74285714285713
83302544,2,2338.0444444444443,1403.215924709389,611.0,6215.0,1271.0,1794.0,3567.0,336.8666666666667,195.16962423036588,15.0,771.0,191.0,322.0,444.0,2.9555555555555557,2.430871408048796,0.0,8.0,1.0,3.0,5.0,83.26666666666667,40.30020678193434,15.0,177.0,51.0,79.0,109.0,0.2106828714851555,0.1906771654880098,0.0086124401913875,0.7495908346972177,0.0656695489600373,0.1577270313329793,0.308172826652785,0.001765034141506,0.001846828767284,0.0,0.0065359477124183,0.0003137747097583,0.0009684292078249,0.0027173913043478,0.1981536924789784,0.0817194696701221,0.0155400155400155,0.3452967393854093,0.1403162055335968,0.2110047846889952,0.2610887096774194,0.1534541259481971,0.0905529384522026,0.0,0.3416095890410959,0.0762635379061371,0.1426630434782608,0.2228477597935726,1.4475047249314568,0.518881975099383,0.7111864406779662,2.9455725190839694,1.0122293307086614,1.259126984126984,1.8596847635726792,13.534192464311229,114.66881968545331,-360.0,360.0,0.0,0.0,24.75,0.6941399112061117,0.2441201236757012,0.0,1.0,0.541095890410959,0.7491111111111112,0.8778736290322581,2.2493790188588996,6.184489194152974,0.0,41.654688115384616,0.3794921702479338,0.8652200892485548,1.6794967580357143,0.0033369847208756,0.0118716536060163,0.0,0.0725075528700906,0.0,0.0,0.0005574136008918,0.0002426992910544,0.0010151080625941,0.0,0.005708848715509,0.0,0.0,0.0,2321.11164,354.0024521295796,840.0,2561.0,2370.0,2441.68,2490.0,463.97590865573375,148.25880752822982,134.28188434001797,803.6058818810753,362.2543612363291,477.7108520689143,525.4861672703561,2.3948028137193154,0.3203368557520408,1.6521618969161906,3.12359185330989,2.2313465799910706,2.337273833093247,2.646104764389449,113.24444444444444,86.08088071512371,10.0,349.0,40.0,105.0,160.0,0.4182421354916589,0.1752166107273811,0.1140031233732431,0.7128732849071832,0.2798861480075901,0.4486842105263158,0.5585241730279898,0.0157803257147723,0.0208982283810976,0.0,0.0865036231884057,0.0010240655401945,0.0079660116834838,0.0195928753180661,1.6305112938475337,0.7323520216080599,1.0,4.045674238762687,1.021413276231263,1.3679123711340206,1.988642816581488,58.0,28.095867628136663,16.0,99.0,34.0,54.0,85.0,45,105212.0,15159.0,133.0,34000.0,0.1440805231342432,0.0012641143595787,2338.0444444444443
59502709,2,2203.296296296296,1335.857175632929,931.0,9554.0,1460.0,1956.5,2544.5,147.53703703703704,88.01845617970066,12.0,428.0,84.5,122.5,186.0,4.814814814814815,2.5609176167500043,0.0,13.0,3.0,4.0,6.0,70.18518518518519,24.404821984124727,21.0,112.0,49.0,67.5,94.0,0.0781177026361713,0.0485329198550198,0.0052334100900146,0.2501461133839859,0.042762613508552,0.0705875903123233,0.0965102319236016,0.0027247174953656,0.001837588996161,0.0,0.0096153846153846,0.0014073335341808,0.0023722765063041,0.0035950442639667,0.1478386005688636,0.0806051732262496,0.0,0.3558441558441558,0.0983138280483818,0.1334979843736776,0.1865583616759534,0.1930635172294923,0.0920200355905291,0.0169154228855721,0.3762481410664967,0.1285060979545261,0.1989200217440668,0.2635874345077463,1.6946732493096064,0.5822331540468269,0.7232404891304348,4.113861985472155,1.4338043779844605,1.6530297104077087,1.889861211747941,20.91172839506173,51.316279096450785,0.0,245.0,0.0,0.0,0.0,0.5385860931348447,0.1680888274311771,0.0,0.8897727272727273,0.4390140577507599,0.5554563492063491,0.6478941710463451,1.388848698598714,1.6050513197500136,0.1279010699588477,8.163217720930232,0.4767067342594905,0.7696822932563026,1.3514035654882155,0.0,0.0,0.0,0.0,0.0,0.0,0.0,0.0,0.0,0.0,0.0,0.0,0.0,0.0,1798.6467555555555,433.95359858955464,750.0,2550.0,1518.75,1747.5,2190.0,284.2869283942883,82.8489458781817,140.81263015759316,524.50169666563,227.21624545741227,270.5776231671216,323.9550713718716,2.506219782270262,0.2963921456779322,1.9704220080591677,3.1502858468735906,2.2573336550994707,2.5141879568227896,2.7235867804604466,56.24074074074074,43.695467679698766,4.0,189.0,25.0,38.5,77.0,0.0977487727395969,0.1017109950117959,0.0,0.5368852459016393,0.0262008644116148,0.0747179785794658,0.1402336731822412,0.0052487740128317,0.0074941955840726,0.0,0.0375802016498625,0.0004726723638305,0.0028330700861709,0.0083579415124807,2.278493426402864,0.5415039927545946,1.0053619302949062,3.55357936860827,1.928803180602363,2.241446377615726,2.6695321871251494,20.166666666666668,6.8468700608109705,10.0,32.0,16.25,19.0,23.0,54,118978.0,7967.0,260.0,40750.0,0.0669619593538301,0.0021852779505454,2203.296296296296
67381033,1,1151.8064516129032,539.2181567821489,9.0,2639.0,815.0,1048.0,1344.0,119.74193548387096,93.75498876771596,1.0,326.0,54.0,84.0,134.0,1.3225806451612905,1.5940837549168825,0.0,7.0,0.0,1.0,2.0,78.06451612903226,19.83469668303008,4.0,111.0,70.5,82.0,89.5,0.1083485850215273,0.0735696742711103,0.0169204737732656,0.3802612481857765,0.0566146182584538,0.1009174311926605,0.1186974109377151,0.0012549186467462,0.0015360195425611,0.0,0.0056726094003241,0.0,0.0007490636704119,0.001529547925835,0.1626576056570067,0.0789691395043734,0.0,0.3739424703891709,0.111262930731158,0.1561679790026246,0.1911421911421911,0.1220919887480877,0.06880472153409,0.0,0.3327693175408911,0.0844865689865689,0.1076115485564304,0.1549728372334997,2.0957730639176315,0.7261490740502603,0.0,3.260115273775216,1.554249505936792,2.067183673469388,2.6932474327572127,-2.9569892473118276,39.180912479973266,-95.0,120.0,-8.75,0.0,0.0,0.6521164200981748,0.2615010151297885,0.0,1.0,0.499,0.615,0.8969232050641347,5.284533753724418,14.79168775062248,0.4741902517730497,81.44330174358976,0.7692517045454544,1.1987531090909092,1.7115795081018517,0.0019380534051186,0.0032070942286102,0.0,0.0096463022508038,0.0,0.0,0.0040617519337832,0.0019380534051186,0.0032070942286102,0.0,0.0096463022508038,0.0,0.0,0.0040617519337832,1276.4270262454838,347.19742249637744,270.0,2179.1254,1050.0,1334.99850464,1472.5,239.4055903862698,88.33257866355005,90.0947375177655,406.21860001969094,170.9239777289641,250.198028849964,304.3607893667122,2.5808660158307037,0.3422115621114844,1.6776678561989142,3.0061232059293035,2.3747939950422055,2.650285950726548,2.8838541662381587,57.193548387096776,82.02376498852524,0.0,262.0,6.0,16.0,51.5,0.1397292216886185,0.1274974837210912,0.0,0.4675690919345742,0.0429400369867503,0.0979381443298969,0.2165392101735791,0.0036809927552903,0.0060975831067579,0.0,0.0224719101123595,0.0,0.0009541984732824,0.002556898737684,1.1536573749698746,0.2513462466890289,1.0,2.0656213704994193,1.0306259479980973,1.0653357531760437,1.112358725965067,21.29032258064516,21.981214191106385,0.0,71.0,10.0,14.0,14.0,31,35706.0,3712.0,41.0,23500.0,0.1039601187475494,0.0011482663978042,1151.8064516129032
96682975,2,1724.6363636363635,1037.8586585086248,275.0,5129.0,774.0,1463.0,2246.0,90.48484848484848,57.520547692065875,3.0,221.0,31.0,85.0,134.0,4.090909090909091,3.654500225862142,0.0,17.0,2.0,3.0,6.0,47.09090909090909,17.24926636360644,10.0,87.0,39.0,47.0,56.0,0.0615167116554418,0.043349508550419,0.0043478260869565,0.2121212121212121,0.0348791121680539,0.0577777777777777,0.0756901157613535,0.0024739388923481,0.0021904165023831,0.0,0.0070093457943925,0.0005849093390524,0.0018341892883345,0.0041039671682626,0.1889076885717764,0.1142683909525099,0.0218165627782724,0.4661016949152542,0.1032553407934893,0.1489665003563791,0.2453271028037383,0.2125587558091899,0.0814709007081596,0.0672306322350845,0.3349282296650718,0.1298076923076923,0.2079439252336448,0.2803970223325062,1.296112831148592,0.3479972765910626,0.6618062827225131,2.2457319391634982,1.0201020408163264,1.2827039748953977,1.514928229665072,135.03838383838382,284.39628811753346,-68.0,800.0,0.0,0.0,91.0,0.5143473154970222,0.3113795584904272,0.0,1.0,0.4192307692307692,0.5079365079365079,0.6679999999999999,23.485239861188074,123.96399426851688,0.0,724.657142857143,0.33661564,0.7903784479338841,1.8727964909638553,0.0007407071807322,0.0017933955769459,0.0,0.0070093457943925,0.0,0.0,0.0,0.0014114175570394,0.0023109198046823,0.0,0.0067681895093062,0.0,0.0,0.0029629629629629,1601.4724545454546,401.2535898026591,1058.73,2370.0,1335.0,1440.0,1950.0,247.06241417877337,90.6454290025425,142.42682952286336,613.9189532995169,185.08357280840477,237.2751570134249,276.20789819872056,2.2648623114202993,0.4339600638234692,1.1762910027564153,2.9083287948923964,1.918937990413435,2.409852140440263,2.6114250306087667,12.757575757575758,10.269195781648948,1.0,33.0,3.0,11.0,21.0,0.2460077551762811,0.177948212544419,0.0,0.6170388751033913,0.1111665004985044,0.2614213197969543,0.3273582133411695,0.0007727217056938,0.0021811097179874,0.0,0.010703363914373,0.0,0.0,0.0,2.054131172055488,0.4603765428319157,1.0247813411078717,2.89237668161435,1.7532299741602069,2.0449688334817453,2.3855278766310795,24.90909090909091,10.352466069444915,10.0,39.0,17.0,21.0,35.0,33,56913.0,2986.0,135.0,25000.0,0.0524660446646636,0.0023720415370829,1724.6363636363635
85726632,0,2043.2692307692307,3642.1424755396624,21.0,14562.0,395.0,407.0,2429.25,60.65384615384615,18.497281105179315,21.0,104.0,51.5,58.5,68.75,0.0,0.0,0.0,0.0,0.0,0.0,0.0,10.0,9.926654095840226,3.0,41.0,4.0,5.0,9.75,0.1935921515074394,0.2752299070085019,0.0027639155470249,1.0,0.0280538664798955,0.1270427990936364,0.1607142857142857,0.0,0.0,0.0,0.0,0.0,0.0,0.0,0.0666633488195424,0.1144258494444734,0.0,0.3856209150326797,0.0,0.0,0.0959682171635003,0.0612243813385895,0.0992507020000931,0.0,0.3092691622103387,0.0,0.0,0.0958720219430772,1.3380260375763782,0.4093037986216583,0.4696263586956521,2.0,1.0363933982683982,1.5,1.5028738447470689,0.0,0.0,0.0,0.0,0.0,0.0,0.0,0.3239850427350427,0.3614034725628113,0.0,1.0,0.0,0.2395833333333333,0.5,6.325636447651608,8.769057275287297,0.198355,37.36394441875,1.1892249682539682,4.676560368421052,6.0625,0.0,0.0,0.0,0.0,0.0,0.0,0.0,0.0,0.0,0.0,0.0,0.0,0.0,0.0,2206.730769230769,337.0144436179266,1080.0,2340.0,2310.0,2310.0,2340.0,489.9966606955364,138.4812891398618,127.60248947124806,673.9955079073038,409.8645409882769,515.0740282204034,603.8695683476367,2.6315749220567946,0.6494729505207202,0.8605377542347654,3.168929736083472,2.4807321715070265,2.91264461601932,3.098957577334764,0.0769230769230769,0.2664693550105965,0.0,1.0,0.0,0.0,0.0,0.1413787639996142,0.2224493843892024,0.0,0.6465346534653466,0.0,0.0,0.3484690865530661,0.0,0.0,0.0,0.0,0.0,0.0,0.0,2.117972945196169,0.7007069203462541,0.0,2.994269340974212,1.997869318181818,2.0956363987037143,2.3783033926124473,88.15384615384616,21.07622121234535,40.0,100.0,97.0,98.0,99.75,26,53125.0,1577.0,0.0,19750.0,0.0296847058823529,0.0,2043.2692307692307
34715086,2,1047.65,646.121526881747,260.0,3406.0,717.0,926.5,1318.75,136.525,150.64079585225247,4.0,425.0,21.75,31.5,307.25,0.925,1.2121777922400658,0.0,5.0,0.0,0.0,2.0,45.65,32.5204166639974,4.0,92.0,9.75,40.5,79.0,0.250767931001034,0.3702103540598344,0.0028248587570621,1.0,0.0220811392541601,0.0324155405405405,0.3273267382650782,0.0008415649635754,0.0011758657689523,0.0,0.0053078556263269,0.0,0.0,0.0014395501707804,0.1074419549292815,0.1104897204812158,0.0,0.5172656800563777,0.0180443312713647,0.1018507964123946,0.1320494765995399,0.1863473476815951,0.1335300492352587,0.0,0.5172656800563777,0.0743843220837622,0.1950106157112526,0.2611155892264958,1.004650393992751,0.3693372843514911,0.5686567164179105,1.9158199356913184,0.6584601751459549,0.8994112838153481,1.2358331806765428,1.875,11.709371246996996,0.0,75.0,0.0,0.0,0.0,0.3221102898735252,0.2879498432929931,0.0,1.0,0.055,0.3054166666666666,0.5,1.2715074100112604,2.633767637179529,0.0,16.542361333333336,0.4299230502136752,0.6343229804518913,0.7087856059969854,0.0,0.0,0.0,0.0,0.0,0.0,0.0,0.0,0.0,0.0,0.0,0.0,0.0,0.0,1356.6309004999998,434.31568727165336,698.436,2370.909,1134.374825,1316.585,1537.5,225.19905382112273,109.19987090371838,91.27356613698718,657.1807482405733,162.94183851527916,203.1715702757952,262.29431640095515,2.1814105608032586,0.4148068931655188,1.4425698393128663,3.1253170499949197,1.8612445136961815,2.0600599423467685,2.5483039051544907,2.85,3.9594822893908743,0.0,19.0,0.0,1.0,3.25,0.0800940082313137,0.102753654976164,0.0,0.3040123456790123,0.0,0.0,0.1793795185527385,9.539518311448136e-05,0.0003884845477755,0.0,0.0022556390977443,0.0,0.0,0.0,1.3411211896623991,0.8108280079673585,0.0,3.1598758246022505,1.0,1.1149035563592524,1.871296012225547,12.05,9.181367000615976,0.0,29.0,5.0,9.0,20.0,40,41906.0,5461.0,37.0,30250.0,0.1303154679520832,0.0008829284589318,1047.65
14309696,0,391.6304347826087,316.54420384326653,19.0,1039.0,82.0,295.0,699.0,11.869565217391305,8.479152684422347,0.0,42.0,7.0,11.0,16.75,0.8043478260869565,1.512549894504257,0.0,7.0,0.0,0.0,1.0,13.608695652173912,9.302823930467856,3.0,35.0,6.0,11.0,19.0,0.1159122672490348,0.1740890018674205,0.0,0.631578947368421,0.0150343124587245,0.0265280012041505,0.1617399714069464,0.0037553442069306,0.0100488038732906,0.0,0.0476190476190476,0.0,0.0,0.0017542228283651,0.2169162656405701,0.1539258664116453,0.0,0.5395232120451694,0.0637472283813747,0.2264887192217422,0.3492749393912184,0.2944303181071627,0.1734613014430149,0.0,0.6034712950600801,0.1665730078528071,0.3085396797620089,0.4473466617302233,1.2907337916909185,0.6721220081007846,0.0,2.0,1.11746301457976,1.3670650669127826,1.843286055888972,0.0,0.0,0.0,0.0,0.0,0.0,0.0,0.6923717747281074,0.3209797157664368,0.0,1.0,0.6782692307692307,0.7704166666666665,0.8781666666666667,1.6648115601956517,3.373218654889516,0.0,17.320454545454545,0.4535869565217391,0.5,0.5382575757575757,0.0,0.0,0.0,0.0,0.0,0.0,0.0,0.0,0.0,0.0,0.0,0.0,0.0,0.0,771.2271260869566,297.42979886953043,173.25,1599.0,585.0,721.75,840.0,161.5307234888134,59.26377879225208,44.530166620889034,319.79339378750785,125.172117062927,138.53198087512988,209.35185004465345,2.1399172783623737,0.5604658992054127,0.2584722831695116,2.9521090323544605,1.8184656068620653,2.344449921691497,2.5814352712780666,5.282608695652174,3.090399182589601,0.0,12.0,3.0,7.0,7.0,0.0648230694116492,0.1990770889870241,0.0,0.7964989059080962,0.0,0.0,0.0,0.0497765936687428,0.0749456267876845,0.0,0.3684210526315789,0.0059096251795742,0.0114573957395739,0.0659574468085106,0.9455673129235992,0.7290827769925804,0.0,2.8461538461538463,0.0,1.0,1.1533475145544112,3.217391304347826,2.2833332183479795,0.0,7.0,1.0,3.0,5.0,46,18015.0,546.0,37.0,34750.0,0.0303080766028309,0.0020538440188731,391.6304347826087
54899406,1,926.2142857142856,315.5432228874581,32.0,1560.0,744.0,918.5,1103.5,49.07142857142857,22.22599599476216,4.0,82.0,32.25,52.5,67.75,1.7857142857142858,1.7187442022165664,0.0,7.0,0.0,2.0,2.0,68.07142857142857,22.13421490335167,5.0,110.0,56.25,67.5,79.25,0.0599003234450804,0.0298286158885556,0.0089743589743589,0.125,0.0407896435950413,0.0602757399889034,0.0722451007192764,0.0019679847492116,0.0019722814600273,0.0,0.0088300220750551,0.0,0.0017112958640404,0.0027704160246533,0.1786927419912756,0.0673864192890537,0.0,0.2915282392026578,0.1305096418732782,0.1817052233164084,0.2215036900369003,0.2285939844646586,0.1106932296809745,0.0292072322670375,0.46875,0.1526694098457888,0.2408106805475226,0.2955201441388839,1.1298099880341883,0.3504047077666072,0.6283703703703704,2.0,0.8466826923076923,1.0454729406130268,1.3671192621192625,0.4937458854509545,1.3257421814487222,0.0,4.285714285714286,0.0,0.0,0.0,0.4707874316359136,0.3235185868870738,0.0,1.0,0.2083333333333333,0.59375,0.7374999999999999,56.81872035576684,156.00980075162897,0.25,773.4669353846153,0.9072312777777778,1.592929303030303,28.738425005494506,0.0060410753705455,0.0243137113583173,0.0,0.125,0.0,0.0,0.0,0.0060410753705455,0.0243137113583173,0.0,0.125,0.0,0.0,0.0,926.2738571428572,192.9073973971735,540.5,1170.0,801.75,970.167,1095.0,164.8548686944477,54.85466048921178,85.95803638348548,295.8881867785714,129.84454685409366,154.5417036749465,199.79253917936612,2.3998389613762567,0.2366884426038701,1.822342310493268,2.729194675356281,2.2752115145417235,2.4029176648401247,2.621353769819141,8.392857142857142,5.948224739451294,0.0,25.0,5.75,7.0,8.25,0.2341648997928216,0.1500370998177132,0.0,0.5191761363636364,0.0944306191378104,0.2441105514316012,0.332484120561794,0.0001669506339806,0.0004493913834572,0.0,0.0019960079840319,0.0,0.0,0.0,1.253584522102709,0.3748850310384866,1.0,2.2644067796610168,1.0,1.0,1.4887768190298507,7.714285714285714,2.851780682525304,0.0,14.0,6.0,7.0,9.0,28,25934.0,1374.0,50.0,21250.0,0.0529806431711267,0.0019279710033161,926.2142857142856
2546328,0,164.0,56.48564925207615,35.0,299.0,153.0,175.0,185.5,2.4,1.4966629547095769,0.0,6.0,2.0,3.0,3.0,2.6,3.3568692897656036,0.0,13.0,0.0,2.0,4.0,5.857142857142857,2.641891715558133,1.0,11.0,4.0,6.0,8.0,0.0126849917971513,0.0074148893103722,0.0,0.0287081339712918,0.0111787665886026,0.0147058823529411,0.0166484968310574,0.0153124089383613,0.0203042481719342,0.0,0.0844155844155844,0.0,0.0086206896551724,0.0236719543369401,0.0680143684711213,0.1962357024939603,0.0,0.7245508982035929,0.0,0.0,0.0,0.1823597026189963,0.0937420695212425,0.0,0.3452380952380952,0.1606636750118091,0.2076502732240437,0.2404802500710429,0.0,0.0,0.0,0.0,0.0,0.0,0.0,0.0,0.0,0.0,0.0,0.0,0.0,0.0,0.8,0.4,0.0,1.0,1.0,1.0,1.0,0.4,0.2,0.0,0.5,0.5,0.5,0.5,0.0,0.0,0.0,0.0,0.0,0.0,0.0,0.0,0.0,0.0,0.0,0.0,0.0,0.0,253.6,42.74322001373852,150.0,300.0,270.0,270.0,270.0,103.73383580749964,23.480989499207517,50.68283733178323,123.35646482189684,108.46941841085828,113.9420329694454,117.11171412770068,2.2945702849913907,0.3203789100535978,1.6079058020896242,2.7551107126493912,2.053556515043577,2.365160017777053,2.5524282738303503,2.371428571428571,1.4944796377853735,0.0,6.0,2.0,3.0,3.0,0.0,0.0,0.0,0.0,0.0,0.0,0.0,0.0125596785139433,0.0074428474181118,0.0,0.0287081339712918,0.0098504457865976,0.0147058823529411,0.0166484968310574,0.0,0.0,0.0,0.0,0.0,0.0,0.0,0.0,0.0,0.0,0.0,0.0,0.0,0.0,35,5740.0,84.0,91.0,26500.0,0.0146341463414634,0.0158536585365853,164.0
27399722,1,741.5714285714286,357.88230593025855,51.0,1403.0,536.75,744.0,1001.75,23.5,8.269997408878503,0.0,35.0,19.5,26.5,28.0,3.3214285714285716,4.03603032896515,0.0,16.0,1.0,2.0,4.0,31.071428571428573,7.435093290934415,7.0,41.0,30.0,32.0,34.25,0.0354764747418373,0.0171132258611458,0.0,0.0816326530612244,0.024735392199507,0.030540930904347,0.043227419331615,0.0047686616607648,0.0058146789019032,0.0,0.0220385674931129,0.0009035280850236,0.0030879524600608,0.0050312884912151,0.2352719950521129,0.146162726721711,0.010204081632653,0.6274509803921569,0.1493991039535024,0.1987735429546856,0.2928386461677367,0.312511757305034,0.0952534684462509,0.0924092409240924,0.5088757396449705,0.2823007426466288,0.3192885753464203,0.3576802289064136,1.2089083623880703,0.2918220976654999,0.7670106761565836,2.0,1.077695652173913,1.1481331008734856,1.2872691610491136,0.0,0.0,0.0,0.0,0.0,0.0,0.0,0.3318418367346938,0.4307240722807439,0.0,1.0,0.0,0.0,0.79575,1.142190463435374,2.7218634091477085,0.0,11.333333333333334,0.0,0.3012995714285714,0.759563875,0.0,0.0,0.0,0.0,0.0,0.0,0.0,0.0,0.0,0.0,0.0,0.0,0.0,0.0,836.6081553571429,194.89063826750757,364.11455,1295.11455,744.85,791.534,967.659,146.9062075008813,23.606456477063507,110.0546580077022,210.43710092335672,132.09559954817547,140.35276035634976,160.0135396921741,2.5276168571725743,0.2075168342247554,2.122998282120726,3.07897532292717,2.3933420327810553,2.5340892570725746,2.6105834820972085,21.571428571428573,9.255996401671464,0.0,35.0,19.25,24.0,27.0,0.0745484647135578,0.0505639599902991,0.0,0.1685214626391097,0.0341338038974988,0.0699716965919138,0.1082156811480529,0.0009429596505445,0.0018144305908185,0.0,0.0060240963855421,0.0,0.0,0.0001947040498442,1.2209776471140616,0.2598743684319631,1.0,2.0,1.0,1.1254385443301422,1.3780676220331394,4.821428571428571,3.928409087554869,0.0,15.0,2.5,5.0,5.0,28,20764.0,658.0,93.0,21250.0,0.0316894625313041,0.0044789057984973,741.5714285714286
35648730,2,1434.354838709677,453.21400971905,497.0,2336.0,1147.5,1334.0,1660.5,62.58064516129032,19.36037555212323,33.0,92.0,49.0,56.0,83.5,1.6774193548387095,2.1004929801418974,0.0,7.0,0.0,1.0,3.0,86.41935483870968,19.401985587693268,45.0,123.0,76.5,82.0,93.5,0.0462306174962451,0.0151479418146033,0.0226086956521739,0.0784708249496981,0.0346283992079093,0.0428816466552315,0.057394480347223,0.0011469328672919,0.0013166827172765,0.0,0.0042143287176399,0.0,0.0008431703204047,0.0020103426573497,0.1386630916536305,0.0642393403664659,0.0222984562607204,0.2807486631016043,0.0935005777571278,0.132582322357019,0.1831074273229607,0.1232010628975654,0.0708874385225409,0.0214408233276157,0.3081550802139037,0.0770635653903391,0.1092477240057498,0.1540938835682543,1.5119411104675236,0.2146438515644826,1.072539682539683,1.9491525423728813,1.369551085568327,1.5444444444444445,1.6791250000000002,0.0,0.0,0.0,0.0,0.0,0.0,0.0,0.2928053097207772,0.2254143274029796,0.0,0.6777777777777777,0.084537037037037,0.2588235294117647,0.5,112.4946472739655,160.92449285786978,0.5054798148148149,653.0322580645161,1.113871455934195,7.164343642857142,220.8696577188525,0.0001156166494709,0.0004577123273547,0.0,0.0025157232704402,0.0,0.0,0.0,0.0,0.0,0.0,0.0,0.0,0.0,0.0,1172.4015096774192,230.97413774402472,639.2234,1674.0,1051.5,1140.0,1302.0,218.5778365121139,40.79667833507032,128.22034173818489,286.64412092408315,181.43535812549976,228.6276737750531,257.2712672017713,2.5998314205651636,0.2418681341317789,2.145536095962279,3.040989590520527,2.4658841477623796,2.573275748023104,2.77995028431031,18.06451612903226,12.631081694212453,4.0,60.0,10.5,15.0,20.0,0.1042250386179398,0.0516335399897603,0.0462351387054161,0.2607204116638079,0.067735076635198,0.0943396226415094,0.115990098674631,0.0001620386012915,0.0005396710460353,0.0,0.0024096385542168,0.0,0.0,0.0,1.242443506129635,0.2110883731240777,1.0,1.748447204968944,1.067350332594235,1.1961206896551724,1.345205032990427,4.645161290322581,1.3571409011588793,2.0,6.0,3.5,5.0,6.0,31,44465.0,1940.0,52.0,23500.0,0.0436298212076914,0.0011694591251546,1434.354838709677
37186574,1,1403.468085106383,828.0917014453871,266.0,4115.0,938.5,1102.0,1466.0,21.617021276595743,38.405758207170344,0.0,158.0,1.0,2.0,27.5,0.7446808510638298,1.3600388778295225,0.0,7.0,0.0,0.0,1.0,40.0,8.920452235459052,10.0,65.0,35.5,39.0,43.0,0.0132410221612608,0.0215115535568518,0.0,0.102880658436214,0.0007800373664041,0.0018148820326678,0.0243128181071062,0.0006598245389523,0.0013566157930361,0.0,0.0076502732240437,0.0,0.0,0.0007518395025253,0.3011193786318364,0.0803320863224271,0.0601503759398496,0.4869933454325469,0.2546542272823108,0.2948717948717949,0.3405131640335746,0.1640228138475269,0.0735729337804451,0.0451127819548872,0.3312142403051494,0.0987909383048066,0.1610576923076923,0.2183822529151055,1.226813124951525,0.2317320910529683,0.6631144781144781,1.8604458598726112,1.0956552574711873,1.2228631578947369,1.354431669637552,-60.765957446808514,50.05622913431579,-102.0,0.0,-102.0,-102.0,0.0,0.2094816824257613,0.3159624758716391,0.0,1.0,0.0,0.0,0.385,5.688501134819555,8.320188377850606,0.0,49.61363636363637,0.9890210535714286,5.0,5.0,0.0,0.0,0.0,0.0,0.0,0.0,0.0,0.0,0.0,0.0,0.0,0.0,0.0,0.0,978.1900829787234,449.4631109913174,294.5,1947.17,630.8025,802.5,1380.0,189.98411163235212,144.71851803689657,79.46896972533534,745.3083743895701,117.99008602995464,145.32151503564947,192.99424064218184,2.5329314441274047,0.4080011618053373,1.4318759950698925,3.120355531220389,2.258427747222618,2.612421813197425,2.884206349973186,3.5531914893617023,7.391221102690931,0.0,28.0,0.0,0.0,0.0,0.028155858682513,0.0295772808343071,0.0,0.1733011660635303,0.0119504537997615,0.0219863532979529,0.0356986138328183,0.000948846248815,0.0020194329947373,0.0,0.0089001907183725,0.0,0.0,0.0,1.3884627521123607,0.6736381872876426,1.0,4.398039215686275,1.0,1.0,1.5802780371407823,22.53191489361702,2.474130527093777,12.0,28.0,22.0,22.0,22.0,47,65963.0,1016.0,35.0,35500.0,0.0154025741703682,0.0005306004881524,1403.468085106383
