id,obj_count,trigger_count,portal_count,x_min,x_max,y_min,y_max,stars
85617039,53403,3344,95,-29.0,27585.0,-109.489,2119.74,10
62877097,22305,903,56,-29.0,25717.0,-165.0,1965.0,8
41619770,29247,1050,77,-29.0,22185.0,-180.0,2339.0,6
37169373,16717,404,23,-29.0,24975.0,-100.0,1469.25,7
77780116,70320,4342,91,-29.0,34635.0,15.0,2355.0,9
81025028,39286,7085,69,-29.0,35506.3,-180.0,2400.0,4
569467,3714,122,2,675.0,26535.0,2.0,885.0,6
460862,6043,141,19,15.0,24525.0,-135.0,855.0,6
56680161,43302,840,239,-29.0,26115.0,-147.877,2392.25,8
57276799,60861,1435,55,-29.0,28005.0,-180.0,2220.0,8
36473087,44733,1807,58,-29.0,25259.0,-180.0,2385.0,10
882417,4919,24,9,315.0,44265.0,2.0,465.0,8
73845625,9119,2074,0,-29.0,22035.0,45.0,2400.0,1
24811499,14551,1155,13,1.0,29385.0,-172.463,1095.0,3
91438845,38192,3657,14,-29.0,24135.0,-15.0,2349.19,6
63422509,268774,6295,439,-29.0,73005.0,-180.0,2295.0,10
32371324,27983,914,87,-29.0,31031.1,-172.5,1515.0,9
6767410,16959,319,14,301.0,19450.0,-4.0,1039.0,2
43423579,59245,4119,86,-29.0,39649.0,-180.0,2385.0,9
63521481,39586,1067,19,-29.0,26385.9,-180.0,2285.31,4
14037498,20000,2458,20,3.97504,20385.0,-135.0,1185.0,3
69119712,27498,692,62,-29.0,22155.0,-180.0,1845.0,6
6170849,21433,1537,15,1.0,28289.9,-15.0,1485.0,4
62540072,38474,5820,38,-29.0,27803.0,-180.0,2400.0,9
158692,3808,48,7,285.0,24285.0,2.0,525.0,1
58674244,34834,1073,46,-29.0,22319.2,-180.0,1485.0,6
278956,4004,86,9,315.0,24261.0,1.0,525.0,9
77192355,62110,2201,50,-395.0,29352.0,-180.0,2244.12,6
37641514,42727,2876,88,-29.0,26575.0,-180.0,1967.13,6
28750,3554,29,94,465.0,29912.0,2.0,1185.0,1
90562111,30829,2846,72,-29.0,28994.0,-180.0,1665.0,8
337929,4360,111,18,315.0,23991.3,2.0,675.0,1
35569937,16174,401,8,-29.0,19559.0,-150.001,1530.0,4
39599737,33397,699,47,-29.0,30075.0,-165.0,1275.0,10
59508012,35649,2233,75,-29.0,21017.0,-135.0,2348.0,4
42159901,52354,2913,92,-29.0,29196.0,-180.0,2295.0,9
13767461,14583,295,36,1.0,23775.0,-195.0,1035.0,2
55985772,73562,2002,79,-149.0,20716.0,-180.0,2400.0,10
35834655,21143,607,50,-29.0,20175.0,-173.48,1515.0,5
34238194,28569,1138,2,-29.0,16125.0,-180.0,2400.0,2
9191033,14015,2081,66,45.0,19725.0,1.0,1039.0,1
38181863,21851,513,30,-29.0,20595.0,-180.0,885.0,6
31085942,23041,1065,9,-180.455,22275.0,-165.0,2205.0,5
31372254,15073,753,26,-29.0,25515.0,-180.0,1665.0,8
1034459,4771,1170,5,328.0,28995.0,6.0,345.0,6
12756371,17565,1110,28,135.0,31909.0,-165.0,1395.0,9
6937526,19937,69,16,181.0,20445.0,1.0,495.0,3
36767254,62362,427,29,-585.0,27645.0,-15.0,2385.0,7
73631611,67157,2952,92,-29.0,27935.8,-180.0,2374.0,8
16859692,15791,1383,11,1.0,23276.1,-91.2293,1185.0,3
31087323,26069,1662,15,-29.0,19657.0,-180.0,1780.81,4
70140401,28013,1664,87,-29.0,22575.0,-167.0,2385.0,6
61945844,38021,1439,36,-29.0,22035.0,-180.0,855.0,4
63336521,26226,3674,36,-29.0,26571.8,-180.0,2391.0,8
35335302,21805,540,63,-29.0,18975.0,-180.0,1185.0,5
35115143,34926,1540,101,-29.0,21745.0,-157.23,1252.5,6
44013066,51508,379,55,-29.0,20120.7,-180.0,1545.0,6
13434068,26486,265,88,1.0,15615.0,-93.158,1440.0,1
11239705,10203,81,25,-138.25,19635.0,-140.375,855.0,3
4192027,7566,176,34,135.0,21255.0,-105.0,1005.0,6
62105830,29003,815,38,-970.64,21075.0,-180.0,2385.0,5
88556820,136908,3576,111,-29.0,52155.0,-170.374,2325.0,10
19351745,18104,799,70,0.0,48102.8,-180.0,1545.0,1
24276088,14489,660,4,1.0,18989.2,-75.0,1635.0,1
48441790,20910,1233,62,-29.0,32115.0,-90.0,1351.0,8
228804,3411,68,72,315.0,26085.0,1.0,1200.0,1
4024683,12561,128,33,315.0,18469.5,1.0,495.0,5
13226698,13882,366,62,525.0,19427.1,-102.0,555.0,2
55183166,14932,1542,65,-29.0,39015.0,-180.0,1785.0,8
58679611,41761,1225,34,-29.0,24555.0,-180.0,2301.0,4
55499424,41334,828,58,-29.0,20832.1,-165.0,2400.0,5
36007540,31117,717,193,-29.0,19392.9,-180.0,2325.0,6
65755048,19015,1607,35,-29.0,23949.3,-180.0,1659.51,6
60373613,21364,3204,79,-29.0,17685.0,-180.0,2329.36,4
47800315,48701,4043,27,-2319.85,25035.0,-341.0,2400.0,7
93136999,28771,1705,135,-29.0,34754.6,-180.0,2385.0,10
35280911,47128,763,51,-29.0,23545.0,-180.0,1665.0,5
58658447,40106,1639,17,-29.0,19865.0,-182.5,1410.0,6
81186977,65675,4036,137,-29.0,31395.0,-165.0,2385.0,10
94802277,22080,122,37,-29.0,16545.0,15.0,1425.0,3
96366045,51220,3759,22,-1379.38,23565.0,-135.0,2346.5,7
69230086,179889,7565,271,-19157.6,79605.0,-142.953,3164.75,10
29389904,3610,2025,18,-29.0,33015.0,-180.0,1575.0,3
79604,3977,121,47,1.0,22746.2,1.0,1200.0,1
86151468,79826,2330,28,-29.0,22845.0,-143.5,2327.0,7
75765104,53595,3243,36,-29.0,28413.8,-165.0,2370.0,10
1589851,2114,20,2,405.0,25065.0,1.0,795.0,2
3378669,14814,63,56,405.0,26375.0,1.0,295.0,3
13726066,4860,2,14,1.0,10928.0,1.0,375.0,5
37592899,30141,264,48,-29.0,21756.2,-143.2,1071.62,7
34362272,40079,2725,31,-29.0,22277.0,-180.0,2037.21,9
11306807,24425,426,21,1.0,15555.0,-138.5,1740.0,2
84330334,44728,3054,86,-29.0,37403.5,-180.0,1845.0,8
2978563,7587,12,3,615.0,25695.0,2.5,645.0,2
39237764,36258,1133,99,-29.0,28751.0,-180.0,2385.0,10
97187904,27295,1895,31,-772.5,24315.0,-180.0,2370.0,7
5017264,11400,257,22,300.75,22294.9,1.0,735.0,5
83652253,88460,3670,56,-29.0,28676.0,-180.0,2400.0,7
55215779,24183,3078,70,-29.0,28635.0,-180.0,2265.0,2
67821476,72292,1391,145,-29.0,25087.8,75.0,2235.0,8
83294687,107849,6802,112,-194.0,40395.0,-180.0,2385.0,10
15718315,7812,4725,9,1.0,20062.5,-23.0,1800.0,4
29012340,16445,288,217,-29.0,21024.0,-135.0,1129.75,4
28601858,12517,600,33,-291.0,19858.7,-95.5,1335.0,2
29103993,48800,1754,44,-29.0,25335.0,-180.0,1455.0,7
50360796,59764,499,30,-29.0,16845.0,-153.073,1905.0,5
11664153,8614,1106,48,273.713,21267.0,-2633.5,3951.5,1
837852,6464,60,50,310.5,28229.0,1.0,1395.0,1
7398966,19313,1294,13,-90.0,30089.2,2.0,1425.0,3
61757,2283,33,6,435.0,26355.0,2.0,1065.0,4
11534553,12237,314,65,15.0,30555.0,-135.0,1575.0,1
59892507,21320,611,25,-29.0,26609.0,-153.24,1515.0,6
32993087,20304,977,45,-29.0,25995.0,-180.0,1125.0,9
11360630,9780,359,21,1.0,20835.0,-165.0,1785.0,9
63153955,33455,1754,15,-29.0,19919.3,-175.0,2400.0,7
58558910,36868,2088,93,-29.0,27165.0,-180.0,2362.5,10
806706,4269,28,65,315.0,28635.0,-4.5,1195.0,1
80736286,180486,12424,86,-29.0,39615.0,-440.0,2400.0,10
1174225,2712,15,3,465.0,26415.0,2.5,585.0,2
92704715,113568,5805,152,-29.0,49905.0,-180.0,2385.0,10
88266256,39994,2558,71,-29.0,27857.6,-1331.44,2385.0,5
56590379,16992,1240,51,-29.0,20631.0,-180.0,1905.0,5
46823268,27553,1558,46,-29.0,29459.5,-165.0,1275.0,6
56703691,267211,4426,206,-29.0,65940.0,-180.0,2400.0,10
38348152,38053,1247,50,-29.0,20712.3,-180.0,2400.0,2
13059832,6746,1990,320,1.0,22826.7,-150.0,1695.0,2
11208388,7732,999,30,0.75,28725.0,-135.0,915.0,5
59767,2539,20,3,495.0,26361.0,1.0,465.0,3
12341888,20853,2739,83,15.0,42075.0,-45.0,885.0,8
137573,1279,3,4,435.0,18405.0,15.0,285.0,2
71970437,19375,439,13,-285.0,16425.0,-180.0,2122.5,3
6431528,9742,1295,29,405.0,18349.3,2.0,795.0,2
32338202,7009,1131,41,-29.0,29175.0,-180.0,1229.81,3
78957052,37836,2537,53,-29.0,42635.5,-180.0,1875.0,9
11398172,23074,544,15,1.0,20801.0,-172.5,1095.0,9
25674590,46920,4587,302,-2302.06,71010.0,-176.0,1875.0,1
36107975,82508,4303,117,-29.0,63165.0,-166.0,2374.0,10
4454123,6182,64,6,419.0,25515.0,1.0,555.0,2
35669648,78170,4155,61,-29.0,28398.3,-180.0,2385.0,10
40751958,18017,300,60,-15.0,24345.0,-165.0,2400.0,6
142845,4309,117,39,315.0,24859.0,1.0,1125.0,1
32586330,11353,278,25,-29.0,16995.0,-180.0,1383.0,3
36080060,32523,556,41,15.0,24677.0,-180.0,2247.0,9
34447420,17804,207,16,-29.0,19647.2,-165.0,1056.75,2
39368204,24275,196,1,-29.0,21405.0,-45.0,1415.0,1
51420551,36438,2822,58,-29.0,26625.0,-165.0,2295.0,6
45063264,42901,3249,50,-29.0,25550.1,-170.0,1324.71,9
56607302,96825,3349,230,-29.0,25635.0,-180.0,2393.0,8
60878509,150668,7632,405,-29.0,130725.0,-180.0,2400.0,10
62932710,65775,5009,67,-15.0,44214.0,-180.0,2385.0,10
56850761,40623,459,52,-29.0,26765.0,45.0,1609.75,8
45706143,29791,1213,53,-29.0,25965.0,-171.0,1793.52,7
93369357,33590,2329,84,-29.0,28394.3,-165.0,2385.0,8
66133800,40000,1780,27,-29.0,24465.0,-180.0,2085.0,10
33807439,113654,4859,126,-29.0,29685.0,-180.0,2115.5,10
24962941,7103,572,30,1.0,18639.2,-180.0,1505.92,5
61061511,63439,455,32,-29.0,23427.0,15.0,1725.0,5
47234639,33122,241,166,15.0,20805.0,-165.0,2325.0,8
88901565,36841,1906,102,-29.0,24930.0,-177.0,2325.0,7
67839652,35246,543,13,-29.0,16575.0,15.0,1715.0,8
66144274,21043,2709,1,-29.0,23925.0,-180.0,2385.0,1
90979159,57131,3639,29,-29.0,33678.3,-180.0,2360.11,7
48094983,39995,1455,80,-29.0,27175.0,-149.421,2386.0,6
60179265,38490,1642,28,-29.0,22755.0,-180.0,2310.0,8
13480854,3770,307,10,1.0,19845.0,-52.5,705.0,3
69354386,18330,1673,34,-29.0,22729.6,-78.3651,2350.98,5
55320441,26107,1169,39,-29.0,19104.8,-165.0,2385.0,5
13735881,12370,528,1,1.0,20273.0,-165.0,1035.0,1
34684470,22762,531,35,15.0,22169.6,-168.5,801.213,5
42986230,23647,858,20,-29.0,17852.0,-165.0,1275.0,2
68668045,17566,549,18,-29.0,58125.0,-15.0,2400.0,10
36054065,23475,700,58,-29.0,22989.6,-178.0,1245.0,6
69069448,25478,259,33,-29.0,17385.0,-165.0,1257.0,2
31533991,10835,963,15,-29.0,19275.0,-180.0,1710.0,3
23154530,20610,4808,4,-29.0,49695.0,-180.0,1725.0,1
12962585,16162,395,7,1.0,25245.0,-135.0,1545.0,1
24911156,18533,1077,51,1.0,26835.0,-330.0,1185.0,5
5719010,15898,362,26,301.0,25505.0,1.0,735.0,7
85596448,82328,2992,133,-29.0,38625.0,-180.0,1665.0,8
62756354,9996,647,15,-29.0,20217.0,-165.0,2384.0,4
11113225,16358,280,24,45.0,31745.0,-165.0,945.0,8
27091198,7617,181,8,-402.751,16245.0,-165.0,630.0,2
66982422,50434,3166,341,-29.0,31155.0,-180.0,2310.0,9
50865104,40462,1165,75,-29.0,18998.2,-180.0,2400.0,7
55161747,46860,2441,117,-29.0,32820.0,-180.0,2325.0,7
156124,835,44,11,315.0,9615.0,-3.0,765.0,2
1694003,9765,395,9,15.0,36225.0,-180.0,1676.0,6
49191804,31608,1156,101,-29.0,27681.7,-180.0,2300.7,6
25190466,6617,240,21,1.0,17147.7,-85.0,825.0,3
38857027,39137,826,65,-29.0,32609.3,-165.0,1409.0,8
57061521,19462,1925,0,-29.0,19275.0,-180.0,1455.0,2
17760092,11269,228,28,1.0,18110.0,-150.0,585.0,3
12872593,21822,419,18,1.0,19259.0,-76.015,1665.0,3
87236826,73185,314,16,-29.0,17104.2,-165.0,2385.0,2
35418014,73517,2844,182,-29.0,64293.5,-54.3043,2385.0,10
59593470,20998,915,45,-29.0,21885.0,-180.0,2130.0,5
1132530,9743,211,30,465.0,31635.0,1.0,825.0,9
58711844,59911,1956,99,-29.0,27978.0,-180.0,2310.0,8
90053107,84362,2652,73,-29.0,24811.0,-180.0,2362.31,8
61127840,209631,3218,212,-29.0,53325.8,-180.0,2370.0,10
56858926,34112,2044,73,-29.0,25515.0,-180.0,2295.0,7
57545756,34125,833,17,-29.0,16407.3,-180.0,1935.0,2
36824954,50110,1054,91,-29.0,25639.3,-180.0,2175.0,6
63733496,36516,1328,49,-29.0,25645.0,-81.6149,2265.0,7
20731603,5497,294,25,-4768.2,24180.0,-167.221,915.0,5
33681157,34397,1087,158,-75.0,35445.0,-180.0,1335.0,7
57326896,44354,1465,71,-29.0,24345.0,-180.0,1770.0,9
14153813,17937,1809,3,1.0,16646.0,-9.0,1785.0,1
25336017,19403,1012,52,1.0,22366.4,-180.0,1515.0,9
90117883,117410,2357,74,-29.0,27495.0,-180.0,2400.0,5
11440123,26642,1759,26,1.0,33106.0,-165.0,1305.0,6
5272241,10406,630,12,320.0,19824.0,1.0,975.0,6
69872317,24877,2776,27,-208.0,32715.0,-195.0,2385.0,6
835854,4074,20,9,135.0,26384.0,1.0,1455.0,5
36847362,25977,347,21,-29.0,20595.0,-150.0,1995.0,5
93134931,39584,5826,125,-29.0,32297.6,-180.0,2375.22,8
92488018,36016,654,21,-29.0,25485.0,-180.0,2400.0,7
50374878,35087,883,57,-29.0,20228.1,-180.0,1665.0,5
59103225,46867,1485,39,-29.0,20595.0,-180.0,2249.0,6
27090448,29959,986,12,-29.0,25245.0,-148.0,1425.0,3
33118209,16666,441,43,-29.0,19575.0,-180.0,1665.0,5
14757713,7490,188,15,15.0,18425.0,-54.6816,705.0,3
857195,4430,32,9,301.0,20565.0,1.0,825.0,8
80380213,36671,3538,62,-29.0,30465.0,-180.0,2385.0,8
16754209,11814,322,23,45.0,21665.0,-180.0,1215.0,2
61573311,31910,1708,39,-29.0,23085.0,-180.0,2357.0,8
89717065,32938,3385,12,-29.0,36075.0,-180.0,2115.0,7
55007449,23016,998,31,-29.0,21765.0,-165.0,1376.25,6
35851713,18589,321,65,-29.0,24895.0,-180.0,735.0,7
56321709,72285,2106,77,-29.0,47955.0,-165.0,2385.0,10
61090121,56110,656,57,-29.0,28128.0,-135.0,1680.83,10
62047559,16599,730,10,-29.0,20355.0,-52.3503,1814.8,5
26102677,9941,1671,12,15.0,17805.0,-180.0,1545.0,3
64643464,29577,1893,2,-29.0,97995.0,-180.0,2385.0,10
29998675,11249,680,22,-29.0,22725.0,-180.0,1785.0,6
58195391,23600,578,8,-315.0,15855.0,-165.0,1222.3,2
12652218,21819,429,12,15.0,19329.7,1.0,1065.0,3
76421638,55562,1486,34,-29.0,23990.4,-165.0,2400.0,9
71065128,69669,7215,46,-29.0,22995.0,-180.0,2399.25,9
63557567,41920,2093,35,-29.0,25842.6,-180.0,1275.0,7
77241610,98420,1840,92,-29.0,38565.0,-180.0,2366.25,9
74377330,35564,5965,128,-29.0,36019.0,-180.0,2378.32,2
66149142,33357,608,7,-29.0,20994.4,-180.0,1675.09,4
36616381,15706,449,6,-29.0,16139.2,-180.0,2055.0,3
11863768,27873,85,31,-29.0,15081.5,-49.14,1505.5,2
56722428,63296,2049,74,-29.0,36945.0,-105.0,2205.0,8
60467929,30744,729,35,-29.0,23009.3,-180.0,2122.5,6
2846662,12902,209,15,301.0,28953.0,1.0,735.0,5
25321905,30000,798,52,15.0,30975.0,-165.0,1275.0,9
92080246,18000,179,10,-29.0,13679.0,-110.0,1545.0,2
4141864,17682,1063,12,474.75,24915.0,1.0,1305.0,6
87652299,51456,1205,15,-29.0,26025.0,-174.144,2321.25,8
96682975,43993,2307,111,-29.0,24225.0,-180.0,2221.99,9
32376428,19850,529,38,-29.0,22545.0,-135.0,990.0,4
17791751,9736,585,77,1.0,17271.0,-180.0,1155.0,3
77114615,67720,3680,90,-29.0,27960.0,-172.5,2400.0,10
4311321,10245,4029,50,301.0,22515.0,1.0,1455.5,1
72421107,108465,4252,322,-29.0,37830.0,-180.0,2392.08,8
30173579,26352,778,40,1.0,24300.0,-165.0,1305.0,10
12282802,9528,152,29,1.0,15975.0,-135.0,645.0,2
52244801,44268,646,75,-29.0,29925.0,-161.56,2355.0,9
5337984,16910,239,20,301.214,18445.0,1.0,615.0,7
84548645,30883,1814,481,-29.0,27255.0,-165.0,2113.88,5
49136579,39928,1501,17,-1444.62,16395.0,-165.514,1828.37,6
62459152,77075,1805,43,-15.0,34561.0,-146.25,1620.0,5
3786239,7561,601,5,1.0,15465.0,-146.0,1635.0,1
72908955,81360,2074,136,-29.0,31335.0,-180.0,2400.0,9
35873594,15400,459,30,-29.0,16455.0,-180.0,795.0,4
33564671,16108,516,33,15.0,25095.9,-165.0,915.0,8
35165900,37987,4178,54,-29.0,29763.0,-180.0,2385.0,7
172810,3070,10,137,375.0,25185.0,2.0,817.0,2
70559122,9669,1049,9,-29.0,14740.0,-173.0,2220.0,3
19333338,14344,1653,75,1.0,25559.2,-180.0,1800.0,1
64980575,45323,5134,109,-29.0,31755.0,-180.0,2394.0,10
48066350,28130,873,46,-29.0,22135.0,-118.733,1035.0,6
9032320,9266,352,27,45.0,17659.0,1.0,945.0,8
633475,6502,410,34,315.0,29091.0,-4.5,1155.0,1
38244821,48775,1445,70,-29.0,24397.0,-179.0,1530.0,8
59765625,18734,1064,12,-29.0,39225.0,-180.0,2389.53,1
1137762,9268,27,59,315.0,30600.0,1.0,945.0,1
38490307,88604,2133,187,-29.0,40659.3,-180.0,2085.0,7
15768288,14521,5245,28,1.0,21615.0,-90.0,1395.0,3
6229146,4845,17,4,320.0,26535.0,1.0,525.0,2
13506658,9057,30,7,1.0,16230.0,-135.0,435.0,2
26674148,14516,493,71,1.0,23085.0,-165.5,1305.0,5
14414991,12629,474,26,80.0,17948.6,-121.0,1455.0,3
64144455,18056,1068,123,-29.0,29036.0,-45.0,2400.0,6
3065291,15000,967,24,315.0,30697.5,1.0,885.0,7
69391941,43480,1378,72,-29.0,19911.0,-180.0,1695.0,6
90791409,25911,1843,49,-29.0,19588.0,-140.368,2208.25,6
44047205,29323,555,69,-29.0,16573.5,-180.0,2198.78,5
66309694,65867,2151,63,-29.0,26895.0,-165.0,2310.4,6
36792656,65190,779,38,-29.0,35130.0,-165.0,2013.96,7
69996779,45053,1118,57,-29.0,23985.0,-180.0,2400.0,5
83420561,39966,2967,44,-29.0,24075.0,-180.0,2250.0,8
54620923,25330,474,112,-29.0,25665.0,-180.0,1695.0,7
37584462,77939,2100,67,-97.2002,24555.0,-81.297,2400.0,7
27549881,13144,512,20,-285.0,16305.0,-22.5,1485.0,4
11487436,3815,144,10,1.0,21375.0,-135.0,1215.0,6
63521602,35821,2927,54,-29.0,33795.0,-180.0,2355.0,10
40937291,21415,507,30,-29.0,18855.0,3.0,2106.62,7
65068071,97050,2868,61,-29.0,37875.0,-180.0,2357.55,8
214396,1468,0,21,465.0,22575.0,2.0,315.0,1
67753412,39825,785,2,-29.0,20625.0,-180.0,2400.0,4
6067842,19595,232,38,315.0,26029.0,1.0,1500.0,1
75534380,41502,1897,12,-29.0,23385.0,-165.0,1905.87,8
35444390,31219,622,42,-29.0,20805.0,-180.0,1785.0,4
44525497,77694,4988,94,-29.0,32775.0,-180.0,2244.64,8
10106811,14758,217,33,-102.5,20375.0,1.0,775.0,1
31354140,19785,2671,35,-29.0,18945.0,-180.0,2373.75,5
38852235,77424,1412,107,-29.0,22860.6,-180.0,2400.0,8
78549453,39979,2192,45,-29.0,20490.0,-178.5,1605.0,8
34462031,40351,663,12,15.0,16065.0,-180.0,1995.0,4
47469402,13947,5976,0,-29.0,25605.0,-180.0,1905.0,10
40508974,23484,1402,49,-15.0,27975.0,-165.0,2385.0,8
28784493,25616,453,31,-209.0,17805.0,-75.0,2010.0,8
73732693,78818,9682,51,-29.0,34005.0,-135.0,2385.0,9
76336526,79991,4658,81,-29.0,27634.0,-180.0,2400.0,9
20635816,12353,154,35,1.0,19330.0,-180.0,975.0,5
66766246,6077,476,0,-29.0,8715.0,-15.0,2205.0,2
40829615,44919,935,52,-29.0,21405.0,-150.0,1275.0,6
39976494,40247,2435,94,-29.0,26311.0,-180.0,2396.0,10
34167869,37958,1481,16,-29.0,20115.0,-165.0,2175.0,7
62773037,31550,730,8,-180.0,20913.5,-180.0,2400.0,6
73960778,61714,1831,55,-29.0,27495.0,-180.0,2325.0,9
15707984,11254,95,10,-255.0,16773.8,-17.5,1785.0,3
4720967,21327,958,15,301.0,20595.0,1.0,975.0,5
57988518,19299,703,68,-29.0,22305.0,-180.0,2175.0,8
14528374,10353,3102,12,-4651.78,23265.0,-2088.78,1575.0,3
413773,5372,148,51,399.0,25545.0,-4.0,1185.0,1
66868300,39411,2433,26,-29.0,30180.5,-165.0,2385.0,5
72653198,30336,2909,9,-29.0,25149.1,-180.0,2274.87,7
54786736,62651,4714,63,-29.0,20588.3,-161.4,2400.0,6
30609117,20763,668,75,-29.0,19275.0,-114.0,2400.0,5
8891941,29089,576,15,-165.0,25560.4,-3.0,705.0,2
61580657,37958,3259,36,-29.0,25125.4,-180.0,2400.0,7
32298346,45246,1372,158,-29.0,47639.3,-180.0,2283.73,10
61123634,154520,2745,170,-29.0,50889.9,-180.0,2265.0,9
84490909,26943,836,1,-29.0,125085.0,-165.0,1995.0,2
76663751,66342,2498,87,-29.0,22879.0,-166.837,2220.0,8
49819566,21207,803,46,-29.0,22575.0,45.0,1545.0,5
70579305,94484,2077,36,-29.0,35895.0,-180.0,2385.0,10
32469248,19804,317,48,-29.0,22695.0,-198.0,1605.0,3
9844705,25179,70,35,-135.0,22205.0,0.0,1365.0,2
29854369,14717,761,151,15.0,21515.0,-119.0,1635.0,4
74216097,48650,2093,60,-29.0,31493.0,-180.0,2349.73,4
73273881,30068,307,8,-225.001,18296.3,-161.5,1875.0,2
92152290,21273,462,8,-15.0,25700.1,-165.0,1365.0,2
35803436,12256,195,9,-476.685,15915.0,-135.0,1365.0,5
34227786,37458,7658,42,-29.0,27226.0,-180.0,2400.0,8
7590823,19981,1389,6,301.0,21167.0,1.0,555.0,1
30689427,17950,897,76,-29.0,21075.0,-137.0,1425.0,6
28905124,9117,593,27,-29.0,17219.3,-180.0,2385.0,3
478841,6222,161,116,315.0,28245.0,1.0,1200.0,1
94637676,36020,3684,37,-29.0,33195.0,15.0,2388.35,5
32052373,21721,532,56,-29.0,24601.0,-180.0,915.0,7
27070244,29997,1335,67,1.0,33705.0,-180.0,1755.0,10
59745562,60490,3125,52,-29.0,26805.0,-165.0,2139.07,9
34309016,15469,607,15,-29.0,18995.0,-150.0,1245.0,3
25602300,13345,699,68,1.0,21370.0,-165.0,1455.0,6
35844907,3846,1153,1,-29.0,37065.0,15.0,2400.0,2
88611404,114989,7789,247,-29.0,38415.0,-165.0,2385.0,10
28270854,9997,540,13,1.0,19155.0,-169.0,705.0,5
54882661,74766,3890,274,-29.0,46425.0,-133.0,1755.0,8
31927876,7474,449,18,-29.0,19065.0,-150.0,1230.0,5
44567922,36378,638,27,-29.0,21045.0,-166.601,2029.0,7
7366219,14004,25,4,315.0,21839.2,2.0,555.0,2
84265500,32771,3767,6,-29.0,34155.0,-180.0,2385.0,10
51322879,41653,591,28,-29.0,26625.5,-180.0,2400.0,9
30026352,4702,1043,0,-17.0,18465.0,-150.0,2355.0,1
5817181,15284,431,51,334.543,25529.2,1.0,1492.86,5
72639069,67837,3764,61,-29.0,30105.0,-180.0,2137.5,10
69364971,24543,2447,54,-29.0,36525.0,-180.0,2265.0,7
55372711,26463,3409,7,-29.0,15317.0,-165.0,2355.0,5
71950911,20365,972,119,-29.0,23565.0,-180.0,915.0,8
14093627,14578,899,90,15.0,25515.0,-165.0,1695.0,1
93845907,21999,1554,41,-29.0,25185.0,-135.0,2242.5,6
47169461,17081,2159,8,-29.0,18539.2,-62.9332,2160.42,7
79491383,12148,514,12,-29.0,21435.0,-180.0,808.803,4
57436521,622,104,12,-29.0,10905.0,-165.0,675.0,9
11045512,10148,226,25,31.5,18215.0,-61.0,855.0,7
36679587,17894,1363,84,-29.0,24100.0,-165.0,1049.62,8
66842334,15654,842,12,-15.0,17895.0,-105.0,2400.0,4
51875825,27282,14383,3,-29.0,43234.2,-180.0,2400.0,10
42497026,16469,451,25,-29.0,21825.0,-180.0,870.5,6
2965099,7662,513,18,1.0,24585.0,-105.0,555.0,6
28879542,9285,1765,16,-225.0,21585.0,-175.0,885.0,5
62264734,39996,694,71,-29.0,23492.0,-180.0,1939.0,8
57232584,32821,3592,11,-29.0,23835.0,-180.0,2278.72,7
5949929,21085,1431,29,230.5,28515.0,0.0,855.0,7
39428299,43119,2557,7,-29.0,59899.0,-165.0,2235.0,1
15087988,9977,351,50,7.5,18195.0,-165.0,1125.0,3
30843730,23692,914,93,-29.0,22369.0,-180.0,1905.0,6
70700368,31088,6848,9,-29.0,29245.5,-165.0,2385.0,7
74710072,129128,3798,54,-29.0,26773.0,-178.5,2235.0,10
57281479,56063,698,137,-532.078,29715.0,-180.0,2400.0,4
68799704,49863,2463,50,-29.0,25095.0,-180.0,1215.0,8
70205233,62743,1289,2,-29.0,81555.0,-180.0,2400.0,10
56916170,40094,2065,134,-29.0,28785.0,-180.0,2355.0,10
51765508,24488,619,22,-29.0,21765.0,-180.0,1307.9,5
57222342,67708,1315,84,-15.0,30585.0,-117.75,2055.0,6
20665725,22646,1952,8,1.0,35655.0,-180.0,1798.61,1
13201202,8129,483,8,1.0,16335.0,-142.5,1365.0,3
33163446,19446,685,20,-29.0,18435.0,-140.0,2325.0,4
71292716,28445,2781,21,-29.0,20985.4,-165.0,2374.0,7
61298043,38529,2571,32,-29.0,25275.0,-116.488,2325.0,5
81018185,114445,4591,60,-29.0,41781.8,-180.0,2295.0,5
87331792,39963,1305,35,-29.0,22290.5,6.0,1944.0,5
86597187,76238,3730,34,-29.0,34455.0,-180.0,2400.0,8
56940119,39836,1103,53,-29.0,25545.0,-180.0,1155.0,6
70009608,26263,645,72,-29.0,22245.0,-180.0,2355.0,5
96611738,70634,4326,19,-29.0,24105.0,-180.0,2295.0,5
67478391,76981,4862,125,-29.0,26217.1,-180.0,2231.11,7
62835942,60068,16685,22,-29.0,28101.5,-180.0,2400.0,9
79706178,10828,576,4,-29.0,20445.0,-107.0,2139.0,2
54433722,24389,244,8,-29.0,15071.4,15.0,2337.0,4
64398355,8721,88,10,-29.0,8115.0,-180.0,1005.0,2
50755297,39797,1002,56,-298.083,24885.0,-44.9995,1845.0,6
5552132,19610,599,41,315.0,19878.4,-9.0,946.908,3
59759716,73795,2271,37,-29.0,23040.0,-8.17993,2393.03,5
60635337,48853,2630,116,-29.0,30121.9,-180.0,2370.0,8
74747627,27252,690,65,-32.0391,46605.0,-180.0,2400.0,10
460568,7099,1863,14,315.0,27105.0,1.0,1095.0,1
30167322,12872,727,51,-29.0,21765.0,-111.0,1594.5,7
10289551,12095,211,18,45.0,19335.5,-15.0,1775.0,3
46803003,48547,1312,37,-29.0,21405.0,-180.0,2081.0,8
30170393,19009,191,7,-29.0,15375.0,-165.0,1335.0,3
79910473,218384,16954,258,-29.0,101625.0,-167.16,2385.0,10
36652594,31064,7197,69,-29.0,22785.0,-180.0,1845.0,2
90984714,38063,1444,39,-29.0,22605.0,-165.0,2295.0,6
55809802,42156,3449,19,-29.0,29967.5,-173.751,2400.0,6
43724724,23840,570,136,-29.0,27405.0,-176.671,1684.16,6
40501984,19888,814,48,-29.0,19405.0,-166.0,2145.0,6
71336553,16443,290,102,-29.0,12179.2,-81.225,1858.39,7
7121797,20512,516,29,16.0,21726.4,-8.15898,645.0,6
50341465,33311,1348,55,-29.0,17655.0,-166.0,2400.0,2
49899508,39550,2184,26,-29.0,19879.6,-157.5,2295.0,2
70667617,60000,4517,50,-29.0,42915.0,-165.0,2205.0,10
91149784,54060,5170,82,-29.0,23625.0,-180.0,2385.0,7
88519988,170493,7832,132,-29.0,45497.0,-179.0,2385.0,10
14463334,23211,905,1,15.0,14835.0,-180.0,1725.0,1
55041097,34442,376,17,-29.0,18615.0,-165.0,2400.0,4
32888898,21468,2272,23,-29.0,26895.0,-164.957,2205.0,6
16152789,22930,2431,37,1.0,24135.0,-180.0,1515.0,3
80867421,35105,1488,16,-29.0,16455.0,-75.0,2145.0,2
38476425,22942,430,20,-29.0,20549.0,-180.0,1815.0,3
11699922,29905,1328,17,15.0,17085.5,-148.346,1695.0,4
35243805,23808,1114,38,-29.0,18345.0,-180.0,1065.0,3
124377,5362,40,47,315.0,29805.0,-3.0,1185.0,1
89171482,50135,4398,50,-29.0,21856.8,-180.0,2024.24,9
50978,578,0,3,465.0,12645.0,2.0,937.0,2
54922618,26938,1164,48,-29.0,19115.5,-149.0,1845.0,7
32265173,15053,1381,27,-29.0,21795.0,-61.0,2385.0,5
843872,7187,129,11,465.0,25125.0,1.0,782.5,1
41411342,30283,1670,26,-29.0,21345.0,-180.0,2046.74,8
9553037,10681,88,122,315.0,19815.0,1.0,645.0,1
92555035,17736,2067,42,-29.0,23715.0,-180.0,1575.0,3
85582923,59124,3878,148,-29.0,34695.0,-165.0,2385.0,8
61526405,72146,3115,79,-29.0,19500.0,-157.5,2377.5,5
90625993,24465,1787,39,-29.0,23475.0,-180.0,1335.0,6
57874594,66383,1073,105,-29.0,23235.0,3.0,2205.5,8
55597163,67118,2561,96,-29.0,29625.0,-180.0,2370.5,10
13321643,9734,113,40,1.0,27899.3,1.0,765.0,9
11499909,22144,491,5,75.0,26145.0,1.0,885.0,4
66949814,33847,1271,30,-201.487,28605.0,-165.0,2363.0,7
29089716,13649,607,63,-29.0,33713.6,-165.0,2325.0,5
85496482,90847,4006,125,-29.0,24555.0,-172.5,2258.39,9
52414003,14228,670,28,-29.0,27697.0,-177.5,1155.0,9
89876243,179999,2407,262,-29.0,58395.0,-180.0,2295.0,10
3425622,12128,699,7,315.0,19605.0,-12.0,615.0,3
43276194,34482,2266,69,-29.0,31035.0,-180.0,2400.0,10
88940164,50542,2090,73,-29.0,25698.4,-180.0,2295.0,10
28023372,9856,668,18,1.0,20325.0,-180.0,1218.75,4
67825729,63817,2650,76,-29.0,39257.0,-176.5,2385.0,8
6392228,11255,142,19,315.0,20745.0,-165.0,873.0,2
26961602,24952,1699,3,1.0,52305.0,-15.0,1670.7,1
57134023,29770,2050,81,-29.0,24555.0,-180.0,2265.0,9
76972932,73476,1653,53,-29.0,22725.0,-180.0,2325.0,6
51766776,27327,400,7,-29.0,17301.7,-165.0,1397.0,6
69274427,28299,3838,66,-29.0,26842.5,-180.0,2400.0,10
67710299,128742,4751,129,-29.0,75645.0,-180.0,2380.41,9
6335906,5108,120,20,314.75,21709.5,1.0,735.0,4
361841,3274,30,40,315.0,18725.0,2.0,1185.0,1
89852786,22100,3615,42,-29.0,24951.7,-180.0,2325.0,8
9227843,6592,49,21,48.5,21725.0,1.0,1485.0,2
34918883,41538,2532,51,-29.0,28215.0,-180.0,2400.0,10
58735216,228661,2845,163,-29.0,37875.6,-180.0,2400.0,10
24568562,22128,255,41,1.0,25965.0,-165.0,1617.0,3
52446378,45230,2376,56,-29.0,20295.0,-180.0,2235.0,5
3447272,14570,41,2,465.0,23085.0,1.0,765.0,5
56898043,77028,1312,48,-29.0,26355.0,-170.75,1395.0,8
8880457,5207,144,46,345.0,21331.2,1.0,1033.95,1
32781965,21722,528,101,-29.0,19395.0,-165.5,1617.0,5
35382748,17575,550,91,-29.0,26715.0,-165.0,1595.0,10
83494143,73538,772,22,0.0,21675.0,-510.0,2120.75,8
40249367,70367,6493,62,-29.0,37275.0,-180.0,2370.0,9
35494138,14705,7593,9,-29.0,23115.8,-180.0,1485.0,2
43728547,20236,1587,46,-29.0,20655.0,-180.0,1335.0,6
7894312,22128,934,19,45.0,18391.0,-12.1399,1393.43,2
38176028,88176,1079,56,-225.447,25305.0,-180.0,2307.56,8
14719029,12813,332,9,1.0,20409.0,-180.0,1635.0,2
57312412,76804,2095,31,-29.0,31035.0,-165.0,2393.0,10
1498893,7416,25,79,562.5,20805.0,4.0,705.0,6
69995845,41428,2105,36,-29.0,30069.0,-176.5,2355.0,8
70493980,14587,782,98,-29.0,26590.0,-15.0,1740.25,8
27399722,15806,496,70,1.0,20369.5,-105.0,1293.0,6
31493844,5172,1939,3,-29.0,30720.1,-165.0,2061.0,3
47181310,30619,525,143,-1845.0,16815.0,-105.0,1567.0,3
26417571,14512,3917,4,1.0,54625.5,-15.0,1485.0,1
57850304,26541,790,29,-29.0,19215.0,-179.5,1530.0,5
41736289,27009,1675,93,-29.0,27885.0,-180.0,2385.0,8
66405518,48080,1812,57,-29.0,19935.0,-89.795,2400.0,5
48970244,33215,874,99,15.0,32865.0,-180.0,1619.0,7
51449622,10265,6196,0,-29.0,26985.0,-19.85,2400.0,1
93875932,40653,3823,87,-708.75,32175.0,-180.0,2115.0,9
35818240,26950,1188,99,-29.0,28450.0,-180.0,1755.0,5
84233422,101349,1385,69,-29.0,31890.0,-175.062,1957.25,8
65226411,22986,1038,16,-29.0,21375.0,-180.0,1465.0,2
76588564,8934,520,8,-29.0,13465.0,-15.0,1169.0,2
31694792,12328,370,56,-15.0,23955.0,-165.0,1605.0,6
41232393,14342,8524,0,-29.0,124305.0,-120.0,2910.0,1
33894915,33615,474,38,-29.0,26775.0,-165.0,1665.0,6
35842238,56584,1697,63,-29.0,35519.3,-180.0,2115.0,10
69912469,27352,3353,99,-29.0,16425.0,-151.182,2400.0,6
58471832,30452,627,61,-29.0,24938.4,-180.0,1155.5,9
66279612,43190,2444,314,-29.0,30267.0,-180.0,1203.61,9
34183862,23994,1448,72,-15.0,28681.0,-165.0,1551.29,8
66138205,34968,922,47,-29.0,24105.0,-180.0,2055.0,4
47431578,24301,653,57,-29.0,23145.0,-153.75,2175.0,5
37047317,32451,1454,50,15.0,28167.6,-165.0,2085.0,5
37142159,34191,775,23,-29.0,16095.0,-180.0,2128.5,3
51923169,34325,1927,93,-29.0,24435.0,-180.0,1395.0,6
13766381,14029,1190,20,1.0,15525.0,-180.0,1800.0,4
24788673,12407,651,82,1.0,17475.0,-165.0,975.0,3
28053320,18759,710,71,1.0,21615.0,-165.0,1650.7,7
52257635,57237,2190,52,-29.0,27735.0,-180.0,2400.0,6
27097989,9932,543,14,15.0,16305.0,-107.0,750.0,3
66802514,31430,450,6,-29.0,15390.0,-180.0,2400.0,2
4337980,15006,306,13,315.0,27861.0,1.0,1185.0,1
66944745,18769,1897,12,-29.0,18030.0,-180.0,1755.0,2
29118648,16769,946,120,-15.0,35968.0,-180.0,1035.0,7
51245238,66996,2138,199,-29.0,33951.6,-45.0,2400.0,9
48808992,40134,1857,48,-29.0,29475.0,-165.0,2280.0,10
23226375,10110,262,29,1.0,22639.0,-21.0,795.0,4
59708310,29987,3118,18,-29.0,23025.0,-180.0,2265.0,2
75214901,74220,1772,47,-290.177,19839.4,-150.0,1676.61,7
7588415,17730,54,7,345.0,34055.0,1.0,475.0,1
95357589,39765,1950,49,-491.25,24195.0,-107.5,2340.0,7
59949798,39993,2971,38,-29.0,23385.0,-180.0,2325.0,6
77508963,36056,1351,66,-29.0,30766.3,-180.0,2250.0,8
59746010,74548,2428,96,-63.0,32985.0,-180.0,2400.0,10
54516897,63790,3555,114,-29.0,31919.2,-180.0,2386.5,10
3012870,11477,308,13,15.0,27495.0,0.75,495.0,6
61860688,71753,2528,29,-29.0,23835.0,-75.0,2229.23,9
52297712,36580,1124,75,-29.0,30780.5,-133.977,1845.0,7
32667717,18158,588,132,-29.0,24208.8,-119.035,1188.5,9
68885978,71662,804,33,-15.0,19545.0,15.0,2400.0,5
30533157,53954,1770,94,-29.0,36825.0,-180.0,1457.37,10
277423,2191,51,14,315.0,26085.0,2.0,322.0,1
91054490,38425,2198,189,-81.75,31505.0,-180.0,2325.0,10
64952303,39726,2291,0,-235.498,22575.0,-169.0,2205.0,1
79152372,31140,644,50,-29.0,21675.0,-90.0,2295.0,7
37849820,20583,682,160,-29.0,25042.0,-105.0,2385.0,10
80123214,55726,3241,46,-29.0,32025.0,-172.5,2175.0,10
65328500,18855,983,10,-29.0,15015.0,-180.0,1755.0,3
72821714,16020,1649,3,-29.0,18075.0,-123.855,2370.0,5
47737567,55476,733,46,-29.0,21915.0,-165.0,2204.41,8
31420440,16525,1524,41,-29.0,18015.0,-145.0,1065.0,7
47109037,65272,1128,55,-29.0,37995.0,-127.5,2400.0,10
19941883,30000,298,0,15.0,14745.0,-135.0,1035.0,1
62305972,203006,3835,116,-29.0,100035.0,-180.0,2385.0,10
50916119,13713,889,1,-29.0,25815.0,15.0,2040.0,2
154720,1717,14,2,435.0,25065.0,2.0,435.0,1
91541327,34651,1858,20,-133.75,23475.0,-180.0,1698.57,9
2446682,9991,154,8,345.0,25935.0,4.0,645.0,3
1649640,4400,35,13,87.0,27719.0,-11.0,593.0,4
65266309,34295,2250,32,-29.0,42855.0,-165.0,2394.0,10
10110092,15127,864,34,165.0,26775.0,-9.0,1185.0,4
8627394,25685,702,34,256.0,24543.5,1.0,1500.0,8
62722326,45059,2283,35,-29.0,26175.0,-180.0,2400.0,5
30219145,71343,2078,642,-29.0,43790.1,-170.99,2309.99,10
618135,1476,56,45,315.0,18165.0,1.0,825.0,1
12175640,73194,1036,3745,-29.0,65639.0,-165.0,2379.45,3
39434281,36201,555,134,-29.0,27135.0,-180.0,1646.75,7
64718563,50955,1370,92,-29.0,19545.0,-180.0,2242.5,9
29270946,14656,555,72,-29.0,23265.0,-172.5,1035.0,7
13775583,9587,168,13,15.0,15975.0,-180.0,639.0,3
18152461,13401,1479,66,1.0,17085.0,-142.5,1575.0,2
72931298,76049,4390,96,-29.0,25425.0,-180.0,2025.0,8
70707786,50339,2765,66,-29.0,24675.0,-167.813,2385.0,6
52826168,77571,2084,74,-29.0,32655.0,-169.71,2400.0,10
8489810,3766,426,9,294.5,9645.0,1.0,645.0,3
10970301,15160,107,37,-102.5,18551.0,1.0,1035.0,2
33840910,57240,2913,38,-29.0,16132.5,-180.0,2394.5,6
28648621,9610,1124,33,-195.0,20025.0,-172.0,945.0,6
68047133,34616,5938,1,-29.0,18375.0,-180.0,2320.92,1
29721100,25065,1063,78,15.0,23085.0,-165.0,2400.0,7
42397063,25512,510,90,-29.0,20517.0,-145.0,2307.0,7
51785505,32213,2530,79,-29.0,23745.0,-165.0,2385.0,9
7450254,16890,321,16,15.0,22765.0,1.0,1395.0,8
59760047,64799,3020,55,-29.0,29325.0,-180.0,2359.0,2
43193892,32457,1644,134,-240.278,32359.0,-180.0,2375.0,9
86850259,15058,2935,0,-29.0,57645.0,-180.0,2385.0,4
47798943,26121,550,11,-29.0,18065.0,-179.0,1545.0,3
45803164,71723,1055,84,-29.0,29178.0,-180.0,2400.0,8
12993248,21792,235,20,-15.0,23415.0,-80.0,1755.0,2
5569003,6256,300,37,301.0,18795.0,1.0,700.428,5
877915,1900,14,2,615.0,41265.0,2.0,424.5,7
94922475,78068,10153,50,-29.0,78945.0,-180.0,2395.13,10
28044627,11398,494,33,1.0,23913.8,-165.0,1035.0,6
61063947,21189,1382,42,-29.0,21045.0,-165.0,1470.0,8
78240886,39972,2634,46,-29.0,30097.5,-180.0,2355.0,7
12640275,16278,446,6,3.0,16120.0,-107.034,645.0,2
54678021,33122,359,50,-29.0,21435.0,-75.0,1575.0,4
18533148,12549,806,39,1.0,21255.0,-180.0,1743.75,6
7156598,19961,234,7,320.0,18795.0,-23.0,606.675,2
34300290,28266,4210,51,-29.0,25458.8,-165.0,2385.0,6
54681694,100552,1477,53,-420.006,28942.5,-161.5,2385.0,10
34930075,22078,1202,26,-450.0,24342.7,-300.0,2187.74,8
13935221,3805,77,5,1.0,18405.0,-130.0,795.0,2
65625598,56404,706,23,-269.0,25342.5,-378.88,1563.54,2
41521672,62617,3564,52,-29.0,24765.0,-180.0,2400.0,5
50188461,49511,2564,71,-29.0,28575.0,-165.0,2385.0,10
74418485,30652,1624,41,-29.0,25620.0,-165.0,795.0,6
29772124,15535,325,94,-29.0,19665.0,-105.5,825.0,6
10969316,13952,420,19,0.75,22009.5,-75.0,645.0,3
57246825,104742,1777,88,-29.0,41715.0,-180.0,2325.0,8
134132,5966,137,49,345.0,29475.0,3.0,615.0,1
73983654,81850,995,35,-29.0,25815.0,-180.0,2325.0,7
43765346,43675,949,41,-29.0,34605.0,-180.0,1335.0,7
26293860,9178,7523,2,1.0,18735.0,-31.0,1395.0,3
27459869,28581,1172,62,15.0,28480.0,-165.0,1635.0,7
96732638,109273,3335,29,-29.0,35134.7,-180.0,2385.0,10
32221766,19652,394,23,-29.0,16535.0,-135.0,2385.0,7
27131405,11107,185,10,1.0,18451.0,-135.0,1515.0,2
33174526,17015,1344,16,-29.0,17629.0,-180.0,1935.0,6
8612,2509,48,4,285.0,25681.0,-3.0,645.0,7
57619110,40389,2692,41,-29.0,21225.0,-180.0,2400.0,5
50680960,28429,1683,34,-29.0,23925.0,-165.0,1995.0,8
68363590,93692,4304,1,-15.0,34185.0,-180.0,2400.0,8
61148925,132404,2268,64,-29.0,28995.0,-180.0,2400.0,8
55851576,41800,1141,31,-29.0,24125.2,-161.0,1343.13,6
89010964,30361,1559,40,-29.0,20595.0,-165.0,1140.0,3
80270709,100459,6422,76,-15.0,39885.0,-135.0,2204.96,8
56483712,21795,1740,60,-29.0,26265.0,-135.0,2385.0,8
61493838,61047,957,56,-29.0,20724.5,-180.0,1875.0,7
18974467,25391,1247,43,1.0,28125.0,-170.0,1065.0,8
67481344,97511,2124,18,-29.0,22228.2,-180.0,2400.0,5
36631191,78281,958,76,-29.0,30645.0,-179.962,2385.0,10
36761322,36328,3693,43,-29.0,24015.0,-180.0,2355.0,5
2406624,6422,305,23,314.2,28665.0,6.0,735.0,3
35745468,63170,2321,137,-29.0,45101.0,-153.0,1514.5,10
61260879,40359,1863,42,-15.0,27222.0,-179.777,1395.0,5
29403204,12561,832,36,-29.0,21608.9,-135.0,1185.0,6
58600086,176188,5456,374,-29.0,64601.0,-142.212,2400.0,10
92362284,158589,6278,268,-29.0,53595.0,-180.0,2400.0,10
61505156,105188,4269,39,-15.0,31575.0,-179.5,2389.5,8
33594551,19697,668,52,-29.0,26361.8,-180.0,2400.0,9
60999140,86230,10068,75,-29.0,24737.0,-180.0,2355.0,8
27658360,8368,314,27,1.0,18045.0,-180.0,1197.97,4
95314059,73700,4640,60,-29.0,31305.0,-86.4441,2400.0,10
78968273,82210,967,50,-29.0,27900.0,-137.294,2400.0,8
37288252,35186,1062,38,-29.0,25275.0,-180.0,1935.0,6
82480862,35904,1038,58,-29.0,27825.0,-105.0,2370.0,7
35718182,29736,1192,95,-29.0,22887.0,-180.0,1605.0,7
52416191,90314,1040,95,-29.0,25935.0,-176.941,2205.0,9
57295910,79849,831,69,-29.0,27045.0,-180.0,1875.0,8
80017339,46094,2355,50,-60.0,29445.0,-180.0,2400.0,8
60070719,84566,744,28,-29.0,26445.0,-93.75,2295.0,5
43010906,77335,759,16,-29.0,24236.3,-165.0,1995.0,10
39440708,15160,565,33,-29.0,17847.6,-165.0,975.0,4
36436231,62873,3738,62,-29.0,32075.0,-180.0,2310.0,9
67352436,38877,1532,107,-15.0,24778.9,-180.0,1845.0,7
53851865,41089,1270,27,-29.0,19125.0,-86.104,2400.0,5
11940,1982,25,3,555.0,26241.0,1.0,555.0,3
28268997,5264,635,8,1.0,16785.0,-150.0,1335.0,3
58693375,21965,1111,0,-645.0,35835.0,-180.0,2355.0,5
71263039,14861,956,21,-29.0,12825.0,-173.898,1515.0,3
51164415,18530,1255,15,-29.0,20565.0,-15.0,2400.0,4
82370280,96540,6920,59,-227.708,26139.4,-135.0,2395.23,8
24765748,9396,1500,32,1.0,24165.0,-176.0,1475.86,3
5470333,13924,16,4,405.0,21610.0,1.0,943.72,3
64753976,66001,1269,21,-29.0,18345.0,-78.7839,2305.71,5
78647377,39969,1328,19,-29.0,20668.3,-135.0,1485.0,6
5468,1649,293,29,315.0,26625.0,2.0,615.0,1
77246359,63816,2348,33,-29.0,27885.0,-165.0,2265.0,8
52817505,21604,1845,356,-29.0,24025.9,-180.0,885.0,6
21509521,15943,2239,38,1.0,33585.0,-180.0,1510.5,1
48617590,34645,1124,31,-29.0,20595.0,-165.0,2055.0,4
87932531,61155,5686,236,-29.0,39765.0,-180.0,2367.0,10
7994451,12518,279,22,315.0,22005.0,1.0,825.0,5
62592746,84422,7373,119,-29.0,34665.0,-180.0,2295.0,10
80262590,69061,3693,12,-29.0,17894.0,-150.0,2257.0,7
17264945,29678,1347,18,1.0,16605.0,-135.0,1695.0,2
37537903,48418,1126,85,-29.0,21952.9,-180.0,1695.0,6
27777508,18989,499,10,1.0,21195.0,-100.95,1005.0,5
31609467,17480,392,16,-29.0,16996.0,-180.0,2283.33,3
29071134,21937,1523,16,-29.0,27340.0,-124.5,1005.0,5
57953054,46438,1907,87,-29.0,27277.0,1.603,2261.31,5
29094196,12761,441,17,-29.0,21170.9,-180.0,2175.0,5
46041354,59402,1131,143,-29.0,27477.9,-180.0,2382.55,6
45460106,63768,3581,82,-29.0,25815.0,-180.0,2400.0,9
52527538,66598,1393,59,-29.0,38445.0,-178.227,2220.0,10
72383395,49193,9979,24,-29.0,25957.5,-165.0,2347.5,2
27850090,19367,333,43,45.0,19639.1,-180.0,885.0,6
78107566,70668,2688,108,-29.0,24005.0,-180.0,1725.02,6
47244406,17911,366,55,-29.0,25185.0,-165.0,2030.0,5
75243812,17634,714,10,-29.0,12015.0,-180.0,2253.0,3
13830405,6273,2031,15,1.0,23565.0,-156.138,1515.0,3
11451964,13418,259,44,301.0,23475.0,-75.0,1504.5,1
20049386,8291,1087,9,1.0,16005.0,-180.0,1125.0,3
60883539,50969,2651,72,-29.0,26175.0,-45.0,2346.58,7
76866307,71996,4724,118,-29.0,34035.0,-180.0,2385.0,10
11981907,13444,228,26,255.0,21849.8,-15.0,585.0,6
51962726,74016,5891,103,-29.0,43395.0,-180.0,2295.0,10
48762538,50616,677,56,-29.0,23178.6,-180.0,1755.0,6
37606234,66749,1598,106,-29.0,36665.0,-180.0,2400.0,8
37889982,117456,1952,111,-29.0,37698.0,-180.0,2400.0,10
3719168,8005,952,91,315.0,30195.0,2.0,1485.0,1
78654896,116800,4802,147,-29.0,37725.0,-180.0,2400.0,10
21923305,16452,1163,19,1.0,19665.0,-105.0,1275.12,2
43248476,161295,6356,120,-29.0,25815.0,-180.0,2948.68,7
884256,6835,18,9,315.0,21892.0,1.0,705.0,9
38373714,71956,633,29,-29.0,20346.7,-180.0,2385.0,4
1100161,7714,139,20,15.0,25545.0,1.0,645.0,8
3747620,8581,1189,3,585.0,24125.0,2.0,525.0,2
49710146,44614,298,6,-29.0,16965.0,15.0,2025.0,5
32940610,22964,598,138,-29.0,21841.0,-150.0,2295.0,8
62197539,43943,842,51,-29.0,25425.0,-165.0,1819.32,6
28163834,7176,728,42,1.0,18525.0,-180.0,1095.0,6
14885507,11384,47,14,1.0,24165.0,-61.8522,615.0,2
38329234,29585,492,67,-29.0,22875.0,-180.0,2392.5,8
46115105,45020,2283,15,-29.0,21132.1,-135.0,2385.0,4
4254263,20000,1201,136,259.0,38325.0,1.0,1395.0,9
69412150,61334,1881,51,-29.0,34275.0,-165.0,1740.0,6
13524580,7594,948,23,15.0,18476.0,-180.0,758.905,3
114082,444,0,52,315.0,6735.0,2.0,375.0,1
34133289,19255,649,37,-15.0,23715.0,-165.0,1350.0,7
58977211,18584,1660,0,-29.0,25245.0,-180.0,1605.0,2
145838,3934,126,111,405.0,25425.0,2.0,1185.0,1
2410286,6940,249,6,255.0,23131.0,0.8,407.0,2
7197005,7648,129,25,365.0,30771.0,1.0,1305.0,1
73740527,60510,2844,63,-29.0,29283.4,-180.0,2371.23,8
39655274,24352,376,8,-29.0,15114.0,-165.0,1176.52,3
44055813,56971,1505,84,-29.0,27228.1,-180.0,2385.0,9
61671641,42731,972,74,-29.0,32400.0,-133.707,1378.79,9
68259255,41892,3483,511,-29.0,29546.9,-180.0,2055.0,5
77127254,229532,3384,1,-29.0,51765.0,-180.0,2400.0,1
46917339,35857,2390,23,-15.0,34725.0,-165.0,2235.0,7
25855804,7732,680,26,1.0,14835.0,-22.45,1485.0,3
61348317,36323,2731,59,-29.0,28755.0,-165.0,1905.0,10
124880,2543,135,52,1.0,24375.0,2.0,1155.0,1
62928150,155657,9757,140,-29.0,35445.0,-180.0,2400.0,10
73000004,18342,706,13,-29.0,26775.0,-180.0,2325.0,5
44807198,41111,2954,22,-29.0,20091.0,-165.0,2400.0,5
25673838,13019,2173,0,1.0,29355.0,-135.0,1755.0,2
65817611,65408,2005,51,-29.0,26025.0,-180.0,2145.0,6
39484890,38730,3363,52,-29.0,30056.0,-180.0,2385.0,6
52488452,24762,1616,25,-29.0,22907.0,-180.0,1285.58,6
70111986,13417,500,9,-29.0,14638.0,-90.0,1275.0,5
91043356,23462,407,9,-320.369,19880.5,-180.0,2400.0,3
56309844,45047,997,20,-29.0,17517.2,-180.0,1815.0,5
88575621,93812,3184,149,-29.0,31875.0,-147.316,2400.0,10
54990114,36725,1182,61,-29.0,24375.0,-180.0,2400.0,8
67161679,54157,2516,38,-29.0,30135.0,-166.0,2400.0,9
52766969,24131,765,26,15.0,21795.0,-42.0,1675.0,6
91420965,70721,2976,50,-29.0,28940.0,-165.0,2400.0,9
25961287,27618,1188,88,1.0,42675.0,-165.0,885.0,1
80886969,40421,2375,0,-29.0,77257.5,-180.0,1526.16,1
19780972,13370,50,21,1.0,17609.2,-135.0,885.0,3
91245783,55250,1549,153,-29.0,23535.0,-135.0,1755.0,7
30668116,6125,78,7,-29.0,18915.0,-108.767,945.0,3
55899388,39550,3496,90,-29.0,27960.0,-166.0,2385.0,7
77771654,87626,2364,66,-29.0,39045.0,-180.0,2400.0,6
55477005,65958,897,43,-15.0,35085.0,-15.0,1826.0,7
12572262,26909,1480,0,15.0,14731.1,-173.0,1455.0,3
58311359,46621,3430,39,-29.0,26130.0,-168.0,2385.0,9
9009316,15352,253,35,1.0,18495.0,15.0,1192.5,1
36726074,30387,835,83,-360.0,22991.0,-180.0,1245.0,6
46500239,30973,1845,52,-29.0,27069.8,-165.519,1758.75,6
47063240,53039,1981,28,-29.0,25185.0,-180.0,2400.0,6
54611457,33233,704,62,-29.0,18165.0,-180.0,2055.0,2
24302376,18824,523,74,1.0,22128.1,-165.0,930.0,6
83520565,14181,677,1,-29.0,29475.0,-180.0,2356.15,2
35818755,36877,2211,24,-29.0,27045.0,-135.0,2055.0,6
7433575,13593,1473,7,315.0,22365.0,7.0,465.0,2
27924224,12536,321,148,1.0,14745.0,-65.6964,855.0,3
232139,1583,13,34,405.0,20175.0,2.0,1167.0,1
76560374,42523,1810,36,-295.04,29895.0,-333.688,2325.0,6
31409467,71648,2891,172,-29.0,27261.0,-165.0,2400.0,8
187254,4690,76,1,525.0,20850.0,1.0,465.0,9
82686152,62102,2871,61,-451.0,35925.0,-180.0,2400.0,7
14411928,29967,754,100,1.0,24075.0,-180.0,1732.0,1
37176400,15399,1294,29,-29.0,17517.5,-180.0,1845.0,5
47214600,61886,6204,128,-29.0,33912.0,-180.0,2400.0,10
40821087,53781,2198,37,-29.0,40935.0,-72.7322,1965.0,8
74612523,6101,459,4,-29.0,14600.0,-179.37,2340.0,2
56247762,64376,1058,30,-29.0,19495.0,-166.546,2090.0,5
59263847,44789,951,50,-29.0,25635.0,-175.217,1760.94,6
27911548,24143,2622,19,1.0,25458.2,-75.0,1665.0,3
62056335,28172,3635,8,-29.0,29805.0,-172.5,2385.0,2
23144971,12830,441,33,1.0,24735.0,-180.0,1133.78,4
57154297,18739,1320,15,-29.0,21084.1,-180.0,2235.0,9
62875785,189217,2782,247,-29.0,44385.0,-135.0,2385.0,10
48916085,21882,1014,34,-29.0,21404.0,-107.054,2344.0,5
37072071,41521,824,56,-29.0,27820.0,-180.0,1065.0,9
36612035,31041,855,32,15.0,23655.0,-180.0,914.0,9
67192024,64623,1121,116,-29.0,25911.0,-180.0,2370.0,8
67114232,52787,1393,87,-29.0,28575.0,-180.0,2295.0,8
58790883,76277,6703,61,-29.0,34875.0,-85.0993,2325.0,10
57963594,54209,7723,107,-29.0,26366.5,-180.0,2400.0,7
827829,4662,83,15,495.0,20595.0,1.0,705.0,8
35378937,73080,4325,73,-29.0,38601.0,-180.0,2400.0,10
94453329,65271,3823,40,-29.0,22515.0,-180.0,2410.43,10
52019783,38835,2547,20,-29.0,22215.0,-180.0,2355.0,5
36745142,29847,1270,73,-29.0,30045.0,-165.0,2385.0,10
34345300,22120,527,29,-405.0,19909.0,-180.0,885.0,4
92527233,39519,3277,15,-29.0,21135.0,-180.0,2400.0,5
64756570,95274,2394,33,-29.0,21706.1,-180.0,1561.85,5
11883471,22956,836,25,-4545.0,17895.0,-75.0,1262.26,3
75191065,38268,1975,61,-29.0,29655.0,-180.0,2325.0,6
137233,2603,26,3,315.0,26745.0,2.0,543.0,2
37193195,17892,669,78,-29.0,20393.0,-165.0,1245.0,9
30229126,9958,797,38,-29.0,22602.6,-180.0,1170.0,6
90251922,115519,8636,107,-29.0,55725.0,-180.0,2385.0,10
34848621,31605,588,43,-29.0,20865.0,-180.0,2385.0,6
71485,1984,41,2,315.0,24945.0,1.0,513.0,6
45808285,39936,770,49,-29.0,27105.0,45.0,2400.0,1
95049394,56981,4429,32,-29.0,24255.0,-321.067,2400.0,3
49633418,31535,2136,87,-29.0,26985.0,-180.0,2400.0,10
8354764,28566,377,20,96.0,19725.0,-11.0,1241.23,2
52048795,94575,10790,236,-325.0,62127.0,-573.9,2400.0,10
34887125,35421,2200,141,-29.0,19740.0,-180.0,1620.0,5
32614415,39921,2133,181,-29.0,30315.0,-180.0,2400.0,10
8663057,13680,228,29,135.0,21975.0,-45.0,585.0,2
69531518,71127,1258,20,-29.0,17445.0,-180.0,2177.5,2
70795769,51649,2276,48,-29.0,24236.2,-180.0,2400.0,9
38411820,83180,7335,203,-29.0,56775.0,-164.5,2397.6,9
57616550,62673,2231,134,-29.0,28256.5,-170.358,2145.0,8
68683520,120836,4040,70,-29.0,26535.0,-180.0,2385.34,8
71260164,22769,527,19,-29.0,24885.0,-82.5001,2085.0,8
12556250,12334,619,35,15.0,23403.3,-45.0,1635.0,5
33417007,15516,715,27,-29.0,26685.0,-180.0,2385.0,5
30304673,10643,575,16,-15.0,18340.0,-157.5,2325.0,4
878743,4566,149,2,435.0,27785.0,1.0,504.0,6
21900647,12275,4434,24,1.0,23325.0,-180.0,1515.0,1
88982532,38810,1786,1,-29.0,30900.0,-120.0,2370.0,2
67381,608,4,6,645.0,15255.0,2.0,555.0,2
9697146,9652,108,11,301.0,26865.0,1.0,765.0,2
39812824,18100,2719,41,-29.0,24675.0,-180.0,2175.0,6
63260507,58402,2582,47,-29.0,25665.0,-180.0,2205.0,8
59909372,39439,1819,16,-540.0,25455.0,-121.0,2145.0,5
66445435,110583,2866,124,-29.0,48090.9,-164.0,2295.0,7
2303955,9464,223,31,315.0,26955.0,1.0,1500.0,1
59687126,40246,5311,196,-29.0,27585.0,-172.0,2400.0,6
56053087,13234,326,11,-29.0,19489.5,3.0,2400.0,5
57871639,88360,1343,34,-29.0,24921.0,-172.17,2355.0,10
19186885,11504,2365,66,1.0,24255.0,-180.0,1800.0,9
68794164,37048,687,68,-29.0,22635.0,-180.0,1455.0,6
34168049,62460,4565,107,-29.0,30765.0,-180.0,2400.0,5
57551137,28853,508,20,-29.0,18377.3,-15.0,1905.0,2
39564265,35404,1059,77,-29.0,24315.0,-180.0,2205.0,9
62687418,30337,2693,17,-29.0,27015.0,-180.0,2295.0,5
79840720,43545,5280,216,-29.0,32953.5,-180.0,2372.21,10
49470094,54999,3919,107,-29.0,32385.0,-180.0,2400.0,10
35104379,72858,2510,140,-29.0,26085.0,-180.0,1964.88,9
2190147,11909,401,44,301.0,28900.0,1.0,1499.2,1
58964029,71940,3074,167,-29.0,22815.0,-165.0,2385.0,6
33767026,11166,401,28,-29.0,22372.5,-150.0,1095.0,7
7639984,12257,280,204,315.0,33255.0,1.0,705.0,1
55971875,71997,1650,133,-675.383,38638.0,-148.75,2400.0,7
38896404,67999,744,33,-29.0,27645.0,-165.0,1855.78,5
5698402,13115,54,16,390.0,22755.0,4.0,1215.0,3
2952064,9876,631,39,375.0,45795.0,15.0,1485.0,4
64968478,23230,1405,94,-29.0,25365.0,-165.0,1425.0,8
26662579,16246,188,7,1.0,19861.0,-165.0,1275.0,3
13623480,23073,629,7,1.0,19973.0,-41.9204,1335.0,3
70627398,32890,1424,15,-29.0,16515.0,-180.0,2088.09,2
4015623,9748,376,26,301.0,19725.0,1.0,949.397,6
36287859,32469,536,0,-29.0,22850.7,-180.0,2355.0,1
46032463,40418,1485,76,-29.0,36684.3,-180.0,2400.0,8
65544062,37175,2482,39,-27.0,24855.5,-135.0,2331.0,7
14962398,24677,1630,99,1.0,32025.0,-180.0,1155.0,6
33975208,15314,533,108,-29.0,19645.0,-165.0,1639.5,6
69142668,32708,265,10,-29.0,14951.5,45.0,1315.05,4
54746779,21023,1083,23,15.0,28090.0,-20.916,1605.0,8
87300907,184756,26082,92,-29.0,49275.0,-180.0,2400.0,1
31396152,39993,1181,90,-29.0,29939.4,-83.4568,1125.0,10
6511152,19275,850,25,16.0,19177.0,1.0,1275.0,8
48304195,64557,1113,25,-29.0,24795.0,-180.0,1785.0,8
57801626,39860,3776,124,-29.0,30465.2,-116.0,2330.16,9
47335685,21466,1170,26,-29.0,38655.0,-180.0,2349.0,6
57355108,26460,1405,111,-29.0,23729.0,-180.0,2381.0,6
31014872,28304,760,38,-29.0,21180.1,-135.0,1845.0,4
48075410,51350,3300,114,-29.0,24377.0,-172.345,2175.0,6
2816038,3139,32,4,525.0,25485.0,2.5,904.5,2
64800333,30222,853,53,-29.0,22423.5,-180.0,2266.5,4
74928408,81685,5141,18,-29.0,28230.0,15.0,2400.0,7
31031105,36084,808,49,-29.0,27002.1,-165.0,1889.81,5
52637454,54795,9704,187,-29.0,37126.5,-180.0,2385.0,10
39607173,70785,2253,95,-29.0,27804.9,-180.0,2400.0,9
65270192,11007,138,8,-29.0,14985.0,-180.0,1620.0,2
27577295,8247,259,42,1.0,16095.0,-115.5,765.0,4
27758512,10771,659,11,1.0,16840.0,-180.0,1035.0,4
58848889,196051,2294,116,-29.0,38661.0,-180.0,2400.0,10
15171074,8758,26,7,105.197,3601.0,-120.0,705.0,2
40638411,35147,1270,47,-29.0,22199.0,-180.0,2388.52,5
76859925,16595,383,19,-29.0,20230.0,-180.0,975.0,4
906783,3088,14,20,315.0,19605.0,1.0,555.0,1
59825518,73372,1498,43,-29.0,24405.0,45.0,2085.0,8
27493596,15625,4520,0,1.0,19995.0,-0.5,1575.0,1
61030693,38577,2383,130,-29.0,31185.0,-180.0,2400.0,8
708901,6856,108,14,345.0,24105.0,1.0,825.0,9
95762764,15404,1178,25,-29.0,22371.0,-180.0,2175.0,8
11849346,28476,1459,78,10.0,63225.0,-165.0,1546.0,9
49369521,14454,399,27,-29.0,16100.4,45.0,2175.0,5
88714732,10001,136,2,-29.0,9003.52,-45.0,705.0,2
66608,2246,42,51,315.0,18495.0,2.0,645.0,8
13651025,7653,760,33,1.0,21135.0,-87.4886,855.0,5
32827297,35069,2379,61,-29.0,33647.0,-180.0,2025.0,8
57586194,79983,3945,128,-29.0,38937.0,-180.0,2400.0,9
89246770,17786,713,31,-29.0,24712.5,-180.0,1635.0,8
51705784,79989,4779,131,-39.0,22933.2,-180.0,2400.0,10
35348100,29627,1745,95,-29.0,32565.0,-174.0,1545.0,7
11963469,29262,153,54,1.0,18615.0,-117.5,1785.0,3
68901612,38901,1004,14,-21.0,26565.0,15.0,2265.0,9
39373091,21941,396,63,-29.0,20690.4,-135.9,1785.0,5
873428,4130,38,61,331.0,26025.0,1.0,1382.0,1
27622433,11167,327,29,-29.0,19339.0,-105.0,585.0,5
63029330,32900,3101,25,-29.0,34226.2,-180.0,2400.0,6
32736905,30574,1506,240,-29.0,46757.0,-180.0,1515.0,7
60765811,47550,969,27,-29.0,25965.0,-180.0,1215.0,7
29551081,10491,337,35,-29.0,18827.0,-180.0,1305.0,5
38706212,39654,583,93,-29.0,28815.0,-180.0,2117.24,10
66046593,12407,910,74,-29.0,20972.0,-165.0,1305.0,3
58975933,31044,1035,30,-29.0,24765.0,-180.0,1695.0,6
4972172,11671,625,9,315.0,22425.0,2.0,1185.0,1
36177627,18328,1100,53,-29.0,19485.0,-180.0,1159.75,3
41621791,12763,2053,1,-29.0,35445.0,-165.0,2400.0,1
34288763,53248,2135,154,-5670.08,38055.0,-1275.0,2190.5,10
36509294,34564,968,71,-29.0,25456.9,-180.0,2114.5,10
66539358,20950,648,17,-29.0,17565.0,-165.0,1957.5,2
47787455,40581,650,23,-29.0,24210.0,-180.0,1560.5,7
65303110,74650,2806,72,-450.0,37281.0,-180.0,2265.0,6
67753151,47252,2065,23,-29.0,24223.9,-45.0,2385.0,6
56407828,31243,2811,136,-29.0,22731.5,-179.5,2400.0,6
470728,10000,368,28,301.0,26855.0,1.0,1125.0,1
95278650,65977,1742,97,-29.0,41955.0,-165.0,2303.5,5
35114282,34856,1120,6,-29.0,24179.2,-180.0,1395.0,3
60501542,55380,2665,343,-29.0,41565.0,-180.0,2308.5,8
59325766,25648,1837,22,-29.0,20895.0,15.0,2400.0,6
65181054,67341,2222,72,-29.0,22162.8,-180.0,2400.0,5
66135094,34672,1108,12,-29.0,20535.0,-180.0,1825.0,6
1447246,10017,292,50,301.0,31875.0,1.0,1485.0,9
44227133,29453,2339,57,-29.0,24255.0,-112.0,2235.0,6
34749502,10150,890,14,-29.0,18120.0,-113.071,844.188,2
2866526,13421,882,60,315.0,33885.0,1.0,1485.0,1
17031783,9966,551,10,-210.0,15694.6,-105.0,1785.0,3
57583265,68547,1512,140,-29.0,31797.7,-180.0,2235.0,10
706930,8060,112,45,375.0,29985.0,1.0,1206.0,1
65617648,40266,2225,37,-29.0,68865.0,-180.0,2400.0,1
59774900,45439,740,27,-29.0,49665.0,-153.5,1545.83,8
44454630,31525,2280,27,-29.0,28365.0,-165.0,1365.0,9
59954798,36328,537,3,-29.0,16275.0,-180.0,2400.0,5
74742245,26102,2281,84,-29.0,35565.0,-180.0,2385.0,8
50995063,28387,319,9,-29.0,21630.0,-105.0,1383.75,2
33405447,44398,1664,13,-29.0,25980.0,-180.0,2340.0,9
34222797,20319,1238,33,0.0,22875.0,-180.0,1005.0,5
55633164,22210,720,17,-29.0,18135.0,-175.123,1165.97,5
59528935,43225,1060,122,-218.719,23565.0,-135.0,2355.0,6
47526602,30055,599,45,-343.763,18405.0,-300.936,2232.9,6
47959278,53886,1370,100,-29.0,22575.0,-75.0,1845.0,6
56614466,32823,1262,53,-29.0,24101.2,-180.0,2115.0,6
364445,1776,20,15,435.0,25935.0,2.0,705.0,5
34557239,14466,434,56,-29.0,22065.0,-179.0,975.0,8
56252663,17470,1390,15,-29.0,16095.0,-165.0,1905.0,5
44797163,33102,1370,65,-29.0,26205.0,-165.0,1695.0,7
41284022,17107,991,35,-29.0,17145.0,-179.0,1824.5,5
33861234,15256,251,666,15.0,20235.0,-180.0,1935.0,5
5900646,8228,560,23,301.0,31515.0,1.0,1485.0,7
13502494,9887,526,22,1.0,20685.0,-165.722,885.0,8
2609353,11682,222,42,301.0,33195.0,-7.0,705.0,7
65842614,31943,2862,105,-29.0,32655.0,-165.0,2325.0,10
65641152,82270,2005,54,-29.0,29535.0,-180.0,2370.0,9
89413344,15994,1965,8,15.0,16558.5,-165.0,2161.0,2
28360664,16857,958,72,1.0,24989.6,-155.0,1050.0,6
77300574,104091,4534,92,-29.0,28801.0,-180.0,2295.0,8
58627103,49720,2150,54,-29.0,25035.0,-153.75,2265.0,10
11214476,14594,234,18,45.0,17805.1,-160.0,735.0,3
14307902,4362,105,13,1.0,14920.0,-15.0,555.0,2
35900924,19999,696,41,-29.0,16665.0,-129.0,1785.0,5
37289862,17834,460,19,-29.0,15735.0,-180.0,1785.0,5
2285959,12000,135,94,301.0,24015.0,1.0,1485.0,9
61895035,73679,1947,32,-29.0,25995.3,-180.0,2099.0,6
37956731,25168,1020,71,-29.0,25996.4,-175.0,2385.9,7
50684328,27954,1267,106,-29.0,22047.5,-180.0,2205.0,4
39853458,65072,2714,125,-29.0,28425.0,-177.563,2144.0,7
43221166,54657,1285,240,-29.0,30165.0,-180.0,2265.0,6
3515564,15002,4446,13,315.0,30835.0,2.0,1482.0,1
55809935,9905,149,4,-29.0,15135.0,-180.0,555.0,3
52755435,71233,1827,74,-29.0,25335.0,-165.0,2342.0,10
33442632,12762,1673,20,1.0,18373.0,-178.0,1785.0,3
54558807,14012,2013,65,-29.0,19752.0,-166.831,2385.0,4
33381128,24676,1255,34,-29.0,23195.0,-180.0,2145.0,5
63087691,95173,3887,202,-29.0,56516.2,-150.0,2333.0,10
43028846,71715,1014,63,-29.0,21087.0,-165.0,2325.0,7
40138985,20133,244,8,-29.0,18633.5,-170.0,1005.0,2
28235965,29818,2364,26,1.0,17249.3,-180.0,1800.0,5
155463,1743,14,5,315.0,26505.0,2.0,1665.0,2
36644784,44665,1379,91,-29.0,31305.0,-165.593,2230.0,10
36814557,71653,1772,146,-15.0,56475.5,-180.0,2235.0,9
34595967,31552,358,43,-29.0,18495.0,-165.0,2400.0,5
69979225,63937,1146,56,-29.0,24351.2,-180.0,2293.99,9
95292366,77990,4201,138,-29.0,40095.0,-172.0,2385.0,9
62019031,31398,1329,6,-29.0,15165.0,-105.0,2175.0,4
82756223,999,173,5,-29.0,16665.0,-164.0,1215.0,2
55400930,185696,2826,155,-29.0,54238.0,-180.0,2400.0,8
5226832,10239,713,13,135.0,19720.0,1.0,675.0,2
33523059,32472,1444,73,6.45117,21475.0,-170.018,1095.0,6
56411909,47697,3509,55,-29.0,60015.0,-348.898,2265.0,6
28225110,18541,950,142,1.0,17607.0,-65.0,1800.0,6
29665873,27768,692,60,-29.0,19012.5,-180.0,2400.0,3
57303056,39761,1749,45,-29.0,27555.0,-180.0,2145.0,9
94547076,134553,3467,87,-29.0,25155.0,-180.0,2235.0,10
39502342,14954,658,12,-29.0,19995.0,-121.644,1095.0,2
56097631,26367,3632,20,-29.0,24915.0,-172.525,2535.0,6
87603467,17821,676,10,-29.0,14976.5,-45.0,2392.5,2
44379436,37803,1988,69,-29.0,38115.0,-180.0,2400.0,10
36526211,12659,626,25,-29.0,22335.0,-180.0,1545.0,5
57233061,70071,1344,47,-29.0,31365.0,-180.0,2385.0,5
79561522,67110,1510,50,-285.0,31575.0,-180.0,2117.5,7
79480175,87501,4156,43,-15.0,30765.0,-165.0,2376.75,9
35512755,23106,383,49,-29.0,19665.0,-161.149,1407.5,6
65772902,38109,3264,39,-15.0,47265.0,-180.0,1875.0,8
64420603,45000,1115,31,-29.0,20535.0,-180.0,1515.0,2
86123170,16392,1507,14,-29.0,18197.0,-180.0,2145.0,1
35021991,35382,1250,23,-29.0,26445.0,-180.0,1117.0,9
35218933,21020,1040,128,-29.0,20865.0,-165.0,1635.0,5
6976033,18126,507,19,45.0,18851.3,3.0,1106.0,4
55109902,41741,837,5,-15.0,15931.0,-180.0,2250.0,3
58018287,45147,724,33,-29.0,21675.0,-165.0,2295.0,4
34707665,49184,883,24,-29.0,33765.0,-180.0,1605.0,4
494966,2173,43,56,285.0,25605.0,1.0,1200.0,1
84489308,55194,3206,99,-29.0,28813.5,-180.0,2370.0,10
91562260,15551,1192,174,-195.0,19494.0,-180.0,1695.0,5
40838628,39458,1354,24,-29.0,16730.9,-180.0,1245.0,5
40202946,21716,1459,59,-29.0,25035.0,-165.0,1245.0,5
9127264,10311,317,16,331.0,21843.2,1.0,735.0,4
56695728,75797,4589,157,-29.0,33075.0,-172.956,2386.0,10
60092902,32154,1474,111,-29.0,25704.0,-180.0,2388.98,8
93001310,51920,3473,82,-29.0,48945.0,-180.0,2400.0,10
20477876,12019,636,53,1.0,21285.0,-165.0,885.0,3
60579751,44691,6109,111,-29.0,23051.3,-180.0,2319.13,6
60357169,40796,1191,48,-29.0,26805.0,-180.0,2085.0,8
61443896,18293,1155,18,-29.0,23835.0,-45.0,2400.0,5
94256894,33119,4161,25,-29.0,35235.0,-135.0,2100.0,9
57922000,40989,1218,158,-75.0,26046.4,-184.556,2227.87,6
48897356,40140,335,8,-29.0,18435.0,-165.0,1695.0,4
34526077,39394,525,62,-29.0,37318.1,-152.193,1152.3,8
38269522,31819,467,96,-209.0,24315.0,-165.0,1898.1,9
36511367,15104,395,54,-29.0,19903.1,-180.0,1846.3,8
2879767,11297,520,7,315.0,35925.0,1.0,1385.0,3
67180546,33113,1881,8,-29.0,15285.0,-113.73,1485.0,2
43955697,33301,1756,85,-29.0,31724.4,-165.0,2330.92,7
90798357,40518,1598,56,-29.0,30285.0,-180.0,2331.0,9
57411692,28364,1672,184,-320.0,33015.0,-173.172,2400.0,8
50663150,90342,5548,174,-180.0,103679.0,-180.0,2400.0,10
58270823,317809,5926,319,-29.0,122745.0,-180.0,2385.0,10
801979,7462,547,151,301.0,29685.0,1.0,1245.0,1
55825525,25111,2594,7,-29.0,21416.5,-177.029,2355.0,2
51046058,36374,1364,39,-29.0,24615.0,-180.0,2248.0,6
43409294,79970,3436,46,-29.0,47023.0,-165.0,2400.0,7
88878102,54170,2185,31,-29.0,20776.0,-180.0,2368.2,5
32676971,79899,2652,1938,-29.0,43867.5,-165.0,2385.0,8
18072174,29995,3754,25,1.0,24884.5,-178.02,1785.0,3
11320930,12748,92,22,1.0,15168.3,-15.0,585.0,1
80679986,136630,5343,93,-255.0,31606.2,-180.0,2400.0,10
2867632,14630,1166,9,345.0,34005.0,1.0,1395.0,2
93358704,39989,1765,35,-29.0,25965.0,-180.0,2370.77,8
32005967,19653,1334,15,-29.0,20058.0,-165.0,2325.0,6
41287705,60517,1088,131,-30.0,24345.0,-180.0,1620.0,10
72126073,23248,2996,43,-29.0,30285.0,-165.0,2115.0,9
27996063,10603,143,41,1.0,23025.0,-105.0,615.0,5
47147285,41133,4218,37,-29.0,22018.0,-180.0,2400.0,8
50175300,50764,2096,181,-29.0,31895.6,-180.0,1709.75,9
12932830,14303,1589,48,15.0,27765.0,-165.0,1593.9,8
45152394,34821,2881,13,-29.0,19589.2,-176.986,2025.0,6
54959957,36884,2382,76,-29.0,33072.1,-180.0,2385.0,9
4259126,12420,1213,34,345.0,41655.0,1.0,1125.0,6
80645466,52237,1684,29,-29.0,18915.0,-179.689,2239.0,7
15572186,15251,92,15,21.0,17385.0,-165.0,885.0,3
15742990,27086,4718,18,1.0,28365.0,-90.0,1800.0,2
29817911,11695,585,28,-29.0,16485.0,-105.0,1365.0,5
1896774,12098,1155,42,15.0,26853.2,0.7,1275.0,1
58705732,53166,1467,92,45.0,25545.0,-180.0,2055.0,8
51139172,39999,1910,74,-29.0,33030.0,-165.0,1575.0,8
87819160,55224,2601,5,-29.0,21349.0,-180.0,2400.0,6
10402705,7989,442,21,15.0,19565.7,-45.0,645.0,6
37930986,6874,233,36,-15.0,16575.0,-180.0,1408.0,4
340602,5102,165,27,411.0,24763.0,1.0,1125.0,8
28710616,6025,114,33,-29.0,20385.0,-58.0542,1305.0,3
73142901,49680,935,51,-29.0,25485.0,-105.0,2385.0,8
44592558,18066,657,5,-135.0,18510.0,-165.0,2340.0,6
30151525,17403,438,56,-29.0,23355.0,-165.0,810.0,6
84386388,77628,3932,320,-300.0,34575.0,-152.0,2400.0,10
52206622,22133,3278,65,-29.0,20535.0,-179.0,2280.0,6
34318505,62961,5282,152,-29.0,45779.3,-180.0,2400.0,10
48759165,51448,563,78,-29.0,21437.0,-75.0,1760.0,9
41942873,49240,1742,35,-29.0,25470.0,-180.0,885.0,9
12488471,25642,299,15,15.0,17041.4,-109.092,975.0,3
86517581,107815,3444,76,-29.0,33510.0,-180.0,2400.0,8
43875571,39680,2635,34,-29.0,21664.4,-136.871,2295.0,5
34827709,25160,2719,33,-29.0,25701.3,-180.117,2355.0,6
20337908,8404,46,19,1.0,18087.4,-165.0,405.0,3
38484036,15997,1130,92,-29.0,16725.0,-166.515,1335.0,4
45344874,21398,1570,71,-29.0,21685.0,-170.0,2385.5,6
1966226,12043,225,49,315.0,30255.0,1.0,1275.0,1
3181935,14083,406,26,303.0,31851.5,1.0,1272.26,8
53653753,54464,2478,411,-29.0,19155.0,-180.0,2145.0,6
2937892,8408,999,27,301.0,31725.0,1.0,1097.0,3
58932971,132023,1582,63,-29.0,28425.0,-180.0,2265.0,10
27561255,15647,460,17,1.0,29322.4,-105.0,1800.0,5
96570950,22409,969,27,-29.0,27445.0,-165.0,1095.0,8
57650418,15881,484,40,-29.0,16939.0,-180.0,2400.0,1
89120245,40599,2322,49,-29.0,22777.4,-165.0,2204.83,7
54747724,39203,787,82,-29.0,34769.5,-157.898,1755.0,9
481182,8102,160,18,301.0,26743.0,1.0,915.0,1
51916778,36952,3245,46,-29.0,33255.0,-180.0,2085.0,6
37977638,43848,1465,115,-29.0,24345.0,-180.0,2385.29,8
66707477,28927,867,29,-29.0,21645.0,-150.0,1065.0,9
63760885,79963,15263,426,-29.0,50385.0,-180.0,2400.0,10
61511307,76244,991,34,-29.0,24525.0,-180.0,2355.0,5
62616573,54187,1419,68,-29.0,28305.0,-15.0,2400.0,5
35129636,27260,421,377,-29.0,19125.0,-180.0,2288.0,6
3573404,8415,1066,42,360.0,37995.0,3.0,1275.0,5
35243482,11426,459,10,-26.7446,21705.0,-180.0,1395.0,3
92894241,167296,8259,467,-29.0,51315.1,-180.0,2400.0,10
49094568,42832,2952,140,-29.0,25365.0,-180.0,1755.0,8
692596,4962,52,8,315.0,21525.0,1.0,855.0,8
39269485,24281,286,8,-29.0,18285.0,45.0,1305.0,5
42843431,41123,1223,68,-15.0,32625.0,-165.0,1755.0,8
62554311,62833,2369,66,-29.0,34585.0,-174.389,1995.0,7
21448270,16615,915,62,1.0,21085.0,-180.0,1687.5,6
58261214,44366,548,96,-29.0,25155.0,-135.0,2355.0,9
44758188,20573,1018,68,-29.0,22665.0,-50.44,2145.0,10
37915782,35295,1311,56,-29.0,27183.0,-180.0,2325.0,6
31537385,19287,1613,25,-29.0,25785.0,-180.0,1275.0,5
17420352,22051,440,18,1.0,17205.0,-82.8241,1694.13,3
12669731,16527,1274,33,1.0,18855.0,-135.5,1155.0,9
32567567,11872,422,25,-29.0,20925.0,-172.0,1575.0,4
96189372,114079,10795,284,-29.0,40672.5,-180.0,2370.0,10
29394058,16519,721,32,-29.0,20845.0,-166.0,705.0,6
60456846,18771,767,24,-29.0,19515.0,-180.0,2228.32,3
32705925,51195,3217,92,15.0,23121.0,-180.0,1516.45,6
30401139,13106,637,19,-29.0,23535.0,-151.265,1402.8,4
65707442,5174,310,3,-29.0,12840.0,-127.5,1035.0,2
60092456,44816,358,23,-29.0,24075.0,-165.0,2145.0,2
9466868,9536,162,11,1.0,19540.0,1.0,675.0,1
6709812,6556,0,5,315.0,30315.0,-26.0,296.0,2
27781773,59794,2350,102,1.0,46928.2,-180.0,1800.0,10
30944062,41959,511,40,-29.0,19447.0,-165.0,1905.0,10
3200534,7393,356,13,360.0,20715.0,1.0,825.0,6
530393,8000,1619,75,135.0,18945.0,-4.0,1035.0,1
39113837,19089,2562,62,-29.0,34815.0,-165.0,2295.0,3
76568953,20133,352,18,-29.0,18375.0,-135.0,675.0,4
36301959,30429,1034,15,-29.0,16836.9,-180.0,2340.0,6
45227429,25309,456,90,-29.0,21609.2,-105.0,2085.0,6
27961648,13079,1051,120,-405.0,18637.5,-15.0,1800.0,5
30282717,36948,852,108,1.0,24553.0,-180.0,2400.0,7
54891420,37759,3092,25,-29.0,18299.9,-165.0,2400.0,4
80018122,51251,8779,27,-431.946,28875.0,-180.0,2385.0,1
76615484,84342,4015,23,-29.0,22155.0,-180.0,2355.0,8
61714234,79073,2372,173,-285.0,28347.5,-10561.2,2400.0,8
36405416,17657,479,61,-29.0,19659.1,-180.0,922.926,6
36764284,24088,1743,6,-29.0,19545.0,45.0,2295.0,5
36797434,43143,852,90,-90.0376,28365.0,-180.0,1230.0,8
61322557,37788,1344,142,-29.0,23194.6,-180.0,2400.0,5
56257489,53591,3974,148,-29.0,50887.0,-180.0,2295.0,9
12632912,23720,184,43,1.0,17505.0,-36.1221,1785.0,3
84450710,46437,640,18,-29.0,25275.0,-75.0,2235.0,5
88500687,68076,5884,94,-285.0,36525.0,-83.2716,2355.0,8
50950866,31466,506,46,-29.0,22903.8,-180.0,1310.0,6
57106915,35450,3094,15,-209.0,25395.0,-165.0,2235.0,8
35089343,39408,1190,51,-225.0,21465.0,-165.0,2385.0,5
2208407,6393,104,60,315.0,20145.0,1.0,795.0,1
38547814,30739,536,157,-29.0,25477.0,-165.0,1777.0,5
71319483,142638,3711,52,-29.0,30795.0,-160.313,2325.0,10
26561853,12375,1091,10,1.0,20620.7,-180.0,885.0,2
52448053,29997,639,77,-29.0,20715.0,-180.0,1545.0,7
92971865,157843,7982,109,-44.9399,65778.0,-178.0,2400.0,10
75553743,39981,2236,56,-29.0,22515.0,-180.0,2385.0,8
75866007,37790,2392,51,-29.0,24363.5,-177.375,2370.0,7
56377345,34364,1382,116,-29.0,20925.0,-180.0,2377.5,5
68500139,63333,3475,117,-29.0,26595.0,-180.0,2150.25,9
76984394,27089,1295,34,-29.0,21230.4,-165.0,1455.0,6
81888927,68422,3388,95,-29.0,34612.5,-180.0,2385.0,10
450070,3345,168,7,525.0,24855.0,1.0,405.0,8
78956000,70033,1478,83,-29.0,21105.0,-180.0,1665.0,7
2900177,12438,1152,14,307.0,25755.0,10.0,1425.0,4
27448202,27685,1793,104,1.0,35982.0,-180.0,1305.0,6
70559923,50817,1462,86,-29.0,29295.0,-165.0,1035.0,9
60317281,56521,2003,103,-29.0,24150.0,-150.05,2186.26,8
33327690,23005,2667,0,-345.08,45105.0,-180.0,2385.0,1
35890421,45353,927,47,-29.0,26103.5,-180.0,2385.0,10
67534432,59312,1963,193,-59.0,21705.0,-165.0,2386.05,10
36869984,76049,2119,142,-29.0,46844.0,-171.696,2295.0,10
37835562,14587,379,6,-29.0,17013.8,30.0,1275.0,4
38870808,21840,3012,105,-29.0,30075.0,-166.48,2331.0,10
25849693,4678,286,19,1.0,17805.0,-162.851,1125.0,2
31596490,17991,665,31,-29.0,21914.8,-135.08,1830.06,6
31235562,14696,935,22,-29.0,21345.0,-135.0,1845.0,7
51145084,44954,466,39,-29.0,18057.8,-180.0,2385.0,6
38786978,62764,1211,66,-29.0,35415.0,-180.0,1271.45,10
24278923,7670,533,28,15.0,17295.0,-180.0,1035.0,4
88143885,113902,5951,51,-29.0,34935.0,-180.0,2400.0,6
24309880,15044,287,11,1.0,25383.0,-142.875,1755.0,1
49923473,32310,1150,60,-29.0,24571.0,-180.0,1635.0,9
46601488,22275,1444,115,-29.0,25275.0,-180.0,2175.0,5
56222185,28502,1896,16,-29.0,24945.0,-172.5,1935.0,4
32737350,40000,1086,79,-29.0,22725.0,-180.0,2385.0,8
26392511,14086,570,28,1.0,22365.0,-180.0,1275.0,3
51353082,56833,887,35,-29.0,32253.0,-180.0,2265.0,7
8807968,8805,1681,36,-29.0,20295.0,1.0,1500.0,1
44686830,79258,4528,57,-29.0,52875.0,-180.0,2400.0,10
89886591,42014,7930,71,-29.0,43040.8,-180.0,2400.0,10
93878047,167008,6125,0,-29.0,41085.0,-180.0,2385.0,5
37207644,40139,854,55,-29.0,22935.0,-165.0,2385.0,8
42884355,61224,687,70,-29.0,22935.0,-171.0,2136.0,10
42202666,76314,2548,92,-29.0,36345.5,-179.5,2399.0,7
52604345,16203,1583,13,-29.0,22455.0,-165.0,2145.0,2
33783389,12840,2890,150,-29.0,24250.9,-179.022,945.0,3
69222995,14331,705,902,-29.0,22905.0,-180.0,2400.0,7
27678958,6415,171,12,1.0,16842.3,-15.0,675.0,4
12148466,16184,718,207,1.0,28665.0,1.0,975.0,1
53763871,21463,2167,20,-29.0,19425.0,-180.0,2355.0,5
76517506,47281,2480,120,-29.0,23595.0,-188.5,2175.0,6
31462205,19739,566,25,-29.0,22337.5,-180.0,1335.0,5
9977762,12045,643,28,525.0,21915.0,1.0,671.0,2
38427291,26166,714,69,-29.0,22875.0,-180.0,1675.0,10
19007837,6713,144,18,-15.0,26895.0,-105.0,915.0,3
6529544,20965,780,4,301.0,21465.0,-23.0,795.0,3
5972699,11952,687,17,315.0,20107.5,1.0,675.0,3
91791295,28429,3975,63,-29.0,23386.3,-180.0,2235.0,4
57410100,32789,746,67,-29.0,30271.0,-180.0,1395.0,7
49931694,63190,4331,135,15.0,47685.0,-165.0,2400.0,7
3557305,14131,1625,14,1.0,24155.8,-58.0,1046.0,3
48464721,37258,585,40,-29.0,23505.0,-123.0,2085.0,5
74536416,353772,5483,279,-29.0,51225.0,-180.0,2374.48,10
47768149,49088,2428,36,-29.0,21449.5,-180.0,2355.0,5
35507499,20127,733,29,-29.0,22528.5,-149.1,1215.0,7
35012863,26554,1371,91,-15.0,24165.0,-165.0,2355.0,10
89961614,30570,2087,36,-29.0,22515.0,-165.0,2235.0,7
18628381,9286,152,9,1.0,15174.6,-165.0,1641.0,2
15169103,6082,84,21,15.0,20009.5,-180.0,855.0,3
40895040,24275,867,57,-29.0,24175.8,-180.0,1935.0,6
90906490,20368,487,10,-29.0,18098.5,-174.561,2385.0,2
62953227,30319,2210,16,-29.0,19935.0,-135.0,1875.0,5
77292103,246582,22399,141,-29.0,65554.0,-180.0,2400.0,10
55907250,52575,1251,109,-1.0,24420.0,-146.75,2400.0,7
26618473,9782,896,11,1.0,18735.0,-180.0,1485.0,2
80510028,12724,1874,8,-29.0,17055.0,-175.0,2175.0,2
65542174,75278,2380,10,-29.0,26010.0,-165.0,2353.5,4
15029162,11171,628,10,15.0,24301.0,-41.9505,1335.0,2
37745574,38575,1190,53,-29.0,26152.5,-180.0,2310.0,5
47611766,116492,4871,118,-15.0,104820.0,-180.0,2385.0,10
49217317,21370,606,22,-29.0,15403.0,-180.0,1675.01,4
37129206,39351,403,63,-29.0,21287.2,-180.0,1181.0,7
87869569,59134,3960,45,-29.0,28035.0,-180.0,2220.0,7
21836080,30175,970,90,-29.0,24045.0,-180.0,1783.5,1
10125163,10013,1780,28,315.0,27796.0,1.0,1215.0,8
23420,3875,67,3,315.0,24705.0,1.0,555.0,6
1614,1422,33,6,345.0,14835.0,2.0,615.0,3
31944232,12127,601,4,-29.0,26458.6,-180.0,1005.0,3
27613882,9308,1295,5,-135.0,28155.0,-165.0,1755.0,2
57334868,23509,1586,261,-29.0,22985.3,-180.0,2400.0,5
59745278,21130,2181,501,-29.0,25125.0,-75.0,2400.0,5
131259,4915,260,13,495.0,24105.0,-3.0,675.0,7
64633794,54267,2958,33,-15.0,29974.3,-180.0,2269.0,9
81948472,33082,3887,52,-29.0,39975.1,-180.0,2321.52,10
61878155,42570,1505,96,-29.0,24735.0,-180.0,1770.0,10
54448827,41555,5789,80,-29.0,29457.0,-179.5,2400.0,9
55693430,79863,14915,171,-29.0,40824.0,-180.0,1657.5,10
47546711,20564,1186,16,-29.0,18182.1,-180.0,2335.04,4
58125686,16142,836,49,-29.0,15735.0,-177.375,1725.0,7
63630023,138490,3145,17,-29.0,28065.5,-99.03,2205.0,4
67459345,30579,540,6,-29.0,24209.2,-180.0,1755.0,4
72617506,4796,870,9,-29.0,15870.8,-176.938,742.5,4
58946577,79953,5599,119,-29.0,35805.0,-540.0,2400.0,10
55225914,39854,4079,53,-29.0,36465.0,-172.619,1965.5,5
33257147,40549,8110,16,-29.0,29879.4,-180.0,2324.86,4
76004125,102945,2902,59,1.0,30645.0,-165.0,2385.0,6
49217236,43112,1643,68,-29.0,30105.0,-165.0,1935.0,10
37957443,22977,3042,80,-29.0,21405.0,-180.0,2235.0,7
68186406,48275,7818,0,-29.0,32656.0,-180.0,1965.0,7
43896656,48198,902,131,-29.0,22759.0,-165.0,2010.0,7
47627583,29941,2032,55,-29.0,31095.0,-173.0,1965.0,4
16010448,7836,85,0,1.0,15535.0,-165.0,1734.0,1
83158255,39998,2883,107,-29.0,25130.6,-180.0,2362.5,10
21999337,29993,2197,33,1.0,24863.9,-525.506,1800.0,6
1325476,18804,64,1232,341.0,25965.0,-7.0,405.0,5
27803479,10520,778,29,1.0,19035.0,-167.0,1770.0,4
57732959,56787,4030,141,-29.0,39859.4,-172.5,2355.0,6
57903481,41814,644,5,-29.0,15075.0,15.0,2205.0,5
31265587,15612,2351,8,-29.0,25635.0,-64.1762,2295.0,3
42631377,40075,733,234,-29.0,25205.0,-180.0,2393.0,10
70254698,24483,2211,26,-29.0,24795.0,-180.0,1845.0,9
62370077,63039,1930,93,-29.0,27001.3,-180.0,2325.0,8
28087089,7605,655,62,1.0,18990.0,-135.0,1260.0,5
58430805,74033,2376,6,-29.0,17955.0,15.0,2400.0,4
55342727,61682,1448,13,-485.0,26903.0,-165.5,1912.5,5
11433327,6141,274,5,15.0,17985.0,-75.0,525.0,2
35937985,20502,218,22,-29.0,14955.5,-178.852,2385.0,2
16000285,12537,789,1,1.0,37395.0,-163.417,1245.0,1
44568447,27147,704,135,-29.0,24967.5,-180.0,2355.0,2
14130363,5954,2665,0,1.0,30885.0,-149.0,1266.0,1
664044,7564,526,23,315.0,26031.0,1.0,1155.0,8
58521673,14692,3224,13,-29.0,25095.0,-180.0,2253.41,2
54596879,26245,2016,122,-29.0,25485.0,-180.0,1365.0,9
37386305,34262,979,72,-29.0,28582.0,-165.0,1395.0,10
48649610,42595,887,60,-29.0,38732.0,-152.0,1455.0,9
32238143,22399,1262,72,0.0,27645.0,-75.0,1215.0,10
1065142,2937,96,0,301.0,26059.0,4.0,416.0,6
20694170,11626,194,14,15.0,23385.0,-100.0,1193.49,2
76767979,12579,386,22,-29.0,21262.5,-150.199,1305.0,6
17106215,11859,398,9,15.0,23595.0,-130.045,1124.5,3
65726952,6115,388,2,-29.0,9615.0,-105.0,1425.0,3
37876438,25336,417,53,-29.0,23843.0,-180.0,1320.0,6
49266956,27182,562,51,-29.0,19515.0,-177.167,1584.0,7
71325359,44537,2852,65,-29.0,25081.2,-171.293,2385.0,8
31201653,17550,367,65,-29.0,21435.0,-180.0,2385.0,6
13617241,10119,1058,9,15.0,23800.0,-180.0,1045.93,1
80983470,61913,1825,183,-29.0,30945.0,-180.0,2400.0,10
62742386,52883,2397,48,-29.0,32821.1,-164.95,1791.38,7
17570659,12347,27,9,1.0,15045.0,-148.1,1529.75,2
13428347,24098,208,38,1.0,16965.0,-93.4494,1244.67,3
809579,3966,11,7,375.0,20205.0,7.0,855.0,5
41295704,79154,965,190,-29.0,33675.0,-180.0,2379.0,8
819956,3040,28,18,465.0,18855.0,2.0,345.0,6
72394641,133227,6582,321,-29.0,157755.0,-180.0,2400.0,10
38536880,37248,254,12,-29.0,18779.8,-180.0,1761.0,3
37646413,40513,842,58,-29.0,43300.0,-165.0,1913.11,5
54994021,65785,1360,45,-29.0,28185.0,-135.0,1755.0,6
59391556,139099,3469,119,-29.0,40365.0,-180.0,2385.0,10
91701349,165588,7402,166,-53.0654,46495.0,-174.701,2385.0,10
48764930,26750,1619,1,-29.0,21371.6,-125.339,2400.0,1
86050887,69360,6829,262,-255.0,39945.0,-180.0,2400.0,10
36247743,25206,772,27,-29.0,20055.0,-135.0,2355.0,5
43130199,32260,197,19,-29.0,15345.0,-180.0,1005.0,3
65318273,15496,3310,51,-29.0,23598.0,-180.0,2217.78,8
34654431,24479,705,103,-29.0,26265.0,-165.0,2314.12,7
40641787,19704,717,102,-29.0,19815.0,-180.0,2385.0,5
43752262,59487,1785,74,-29.0,27345.0,-166.0,2355.0,9
17821777,11898,606,19,1.0,18390.0,-82.5,1515.0,3
61315162,21667,617,42,-29.0,21850.5,-180.0,877.342,6
27505339,14462,727,28,1.0,25665.0,-165.0,975.0,4
44110087,39356,1138,49,-29.0,21765.0,-180.0,1670.0,9
40328796,41642,2296,316,-29.0,26711.6,-165.0,2393.0,10
16850603,6024,401,20,1.0,21435.0,-75.0,930.0,3
13756871,12293,1013,2,1.0,30105.0,-175.0,1791.0,1
55215786,24669,841,104,-29.0,22005.0,-180.0,2115.0,5
43739478,29914,763,56,-29.0,21615.0,-180.0,1665.0,5
17250385,25891,146,9,1.0,15413.0,-20.0,495.0,2
47620786,85129,3038,84,-29.0,31072.3,-180.0,2355.0,10
57715492,59751,595,64,-29.0,20732.4,-170.46,1635.0,7
216004,1386,28,45,345.0,21165.0,2.0,885.0,2
58313206,67227,1205,87,-29.0,29137.0,-180.0,2400.0,7
12322064,12795,469,19,1.0,21060.0,-115.622,1185.0,5
83845370,27874,998,30,-29.0,23765.0,-165.0,1695.0,8
59469890,30446,566,48,-29.0,19237.1,-180.0,1845.0,6
75424691,15752,771,18,-29.0,15051.1,-180.0,2385.0,3
38514054,73831,1683,201,-29.0,23391.5,-180.0,2390.17,10
54673440,31924,1375,8,-29.0,17175.0,-135.0,2400.0,4
49447022,39983,976,15,-29.0,17895.0,-180.0,1605.0,5
52783139,25497,1255,48,-29.0,23368.0,-180.0,2366.26,5
32892077,15361,783,23,-29.0,20403.0,-180.0,1453.93,4
64758501,40139,608,84,-29.0,28755.0,-180.0,2400.0,5
62521060,202413,6177,283,-29.0,40125.0,-180.0,2355.0,10
100585,2322,70,26,315.0,24825.0,1.0,1198.0,1
64854861,54327,2081,18,-29.0,26518.9,9.0,2177.0,8
29338581,9504,432,15,-29.0,18225.0,-78.62,525.0,3
862216,2143,10,2,375.0,37305.0,2.0,285.0,7
93234425,45066,2214,56,-29.0,25545.0,-180.0,2400.0,8
87795436,34354,1955,149,-29.0,32340.0,-165.0,2400.0,7
57020936,38600,1244,57,-29.0,37125.0,-150.0,2265.0,6
11095687,29997,56,14,310.0,18585.0,3.0,1395.0,3
37470855,56320,1599,118,-29.0,22722.0,-180.0,1705.0,4
8424015,19374,114,28,-42.5,26475.0,0.0,705.0,1
40552834,79998,1834,6,-14.998,17715.0,-180.0,2166.45,5
50407991,59242,1464,86,-29.0,36105.0,-180.0,2370.0,8
96626685,33236,1205,76,-29.0,21945.0,-180.0,1650.0,4
65995177,35436,1241,49,-29.0,25825.8,-165.0,2325.0,6
17135148,10144,416,8,1.0,18375.2,-180.0,946.5,3
521685,3163,27,60,405.0,18195.0,2.0,859.5,1
45786260,30327,482,103,-29.0,22185.0,-180.0,2153.0,4
28677296,17553,870,84,-29.0,27105.0,-180.0,1245.0,7
95003229,20846,650,41,-29.0,25215.0,-180.0,2385.0,6
39558623,31284,1041,56,-29.0,25387.0,-180.0,2385.0,3
95750592,53382,2163,51,-29.0,32415.0,-1160.01,1394.5,8
39256757,14844,832,38,-29.0,19815.0,-180.0,2385.0,4
86051,3711,216,114,405.0,25215.0,2.0,795.0,1
35291800,39026,2939,39,-29.0,23225.0,-135.0,1815.0,5
88745060,36543,1921,50,-29.0,30828.3,-142.986,2385.0,8
94941468,47014,1284,35,-29.0,19545.0,-75.0,2385.0,4
60595333,32302,2507,144,-29.0,29247.5,-180.0,2400.0,10
1683722,7924,81,21,301.0,28369.0,1.0,765.0,9
37882088,98184,1799,39,-29.0,39225.0,-105.0,2100.0,4
36719922,75440,707,47,15.0,29979.1,-180.0,2355.0,9
62105821,80826,425,47,-29.0,26075.5,-180.0,2100.0,8
57988282,52504,771,71,-29.0,28227.0,-105.0,2355.0,8
30078135,12272,259,15,-29.0,19995.0,-180.0,1995.0,4
11848757,7531,460,29,28.0,23805.0,-80.0,1222.5,1
33541887,20196,613,17,-29.0,16755.0,-180.0,2400.0,2
37708359,60590,896,36,-1262.75,58575.0,-75.0,2400.0,9
6979485,9594,73,20,320.0,21675.0,1.0,555.0,4
15800054,26160,1365,36,-22.2793,47849.9,-180.0,975.0,9
69106677,86835,2080,145,-29.0,39676.5,-180.0,2400.0,8
32425762,20852,465,128,-29.0,20805.0,-180.0,1905.0,6
24820596,32818,2656,27,1.0,40545.0,-180.0,1734.37,8
47109338,16040,443,21,-15.0,19035.0,-165.0,1586.73,3
35669447,38106,1316,58,-29.0,26310.3,-180.0,2235.0,6
95407096,71091,11571,0,-165.0,15465.0,-180.0,2385.0,1
42629936,79648,2475,112,-29.0,42705.0,-180.0,2400.0,10
10488233,9244,284,19,45.0,23020.0,0.0,825.0,4
37542143,32019,266,62,15.0,18926.2,-159.0,2055.0,3
55863598,68854,1030,48,-29.0,23685.0,-180.0,1514.07,8
33260024,17648,662,46,-29.0,22045.0,-165.0,2310.0,6
42951609,26910,1017,24,-29.0,35955.0,-180.0,2295.0,9
9479326,18738,159,9,301.0,19781.6,1.0,764.62,2
63521554,48082,1919,24,-29.0,22365.0,-75.0,2295.0,6
47915091,22866,1305,56,-29.0,23775.0,-180.0,1774.47,5
69336928,72131,3076,90,-90.0,29395.3,-180.0,2131.71,10
46622813,74984,3666,79,-165.0,28008.4,-180.0,2400.0,8
28819829,21860,631,24,-15.0,24050.0,-180.0,765.0,5
90668406,33524,2344,91,-29.0,33598.1,-77.9098,2385.5,5
46993109,68640,1909,21,-29.0,23149.0,-105.0,2385.0,5
41092171,17166,3437,20,-29.0,21915.0,-169.0,2385.0,6
65767123,38277,1408,35,-29.0,23625.0,-75.0,1965.0,5
48297506,71448,3482,18,-360.0,27405.0,-460.04,2385.0,5
60593138,24400,3096,32,-29.0,23805.0,-180.0,2400.0,4
56230440,49240,3139,81,-29.0,18675.0,-114.208,2195.16,5
57052078,13341,488,297,-29.0,23326.0,-45.0,1792.5,2
11441552,12480,722,27,1.0,19965.0,-98.75,1725.0,5
29112193,19994,1152,39,-29.0,21176.0,-180.0,2332.5,7
46054754,33836,899,86,-29.0,27135.0,-180.0,2205.0,7
86627300,88913,8335,26,-29.0,33105.0,-165.0,2392.5,8
14480801,8246,354,12,15.0,17999.2,-21.0,1095.0,3
27732941,13903,861,23,1.0,28794.0,-158.5,1155.0,5
44059668,51338,949,66,-29.0,25187.0,-165.0,1954.0,5
28237741,14865,1265,150,1.0,19231.0,-266.698,1755.0,5
201893,4080,146,174,1.0,29625.0,-2.0,1185.0,1
71898665,12593,628,4,-29.0,15285.0,-153.0,2339.5,2
9982119,15223,99,8,-135.0,18358.0,-2.0,825.0,1
26758645,17540,326,9,-585.0,15495.0,-142.5,945.0,2
57217424,54256,855,45,-29.0,30651.0,-180.0,1305.0,4
54651404,35894,215,2,-29.0,15167.6,45.0,2049.0,4
65933335,13000,1045,15,-29.0,21592.9,2.5,2381.0,6
9803621,10782,1337,38,-75.0,24735.0,0.0,645.0,8
52040544,41417,3676,181,-29.0,39195.0,-180.0,1935.0,7
52268255,29300,1123,36,-29.0,20685.0,-180.0,2102.52,6
48716880,14145,405,40,-29.0,21795.0,-114.203,1215.0,8
64685764,27200,425,81,-29.0,26807.0,-135.0,1005.0,7
71147617,50379,4318,131,-29.0,28575.0,-180.0,2389.0,10
95136527,154517,7163,184,-29.0,56145.0,-165.0,2384.73,10
47215866,21961,2008,33,-29.0,26445.0,-180.0,2205.0,5
45818014,106097,3321,118,-29.0,42870.0,-180.0,1995.0,10
69049060,26134,685,19,-29.0,22680.6,-180.0,1734.11,2
36874484,20866,785,48,-29.0,21737.0,-180.0,2325.0,6
31929275,52914,2706,39,-29.0,22035.0,-180.0,2400.0,8
3486248,4343,54,1,525.0,18428.5,15.0,1005.0,1
63918780,55200,1348,57,-29.0,27240.0,-180.0,1515.0,8
30797440,20605,1296,5,-29.0,19085.0,-175.0,1245.0,5
65546984,79991,5940,37,-29.0,24045.0,-75.0,2355.0,8
32713497,11445,6086,1,-29.0,31395.0,-166.5,2085.0,1
54451001,52375,1595,182,-29.0,34755.0,-180.0,2205.0,6
63707301,77777,2086,129,-180.0,29270.0,-180.0,2385.0,8
13543647,18232,206,8,1.0,19845.0,-45.0,765.0,3
78321345,45418,3267,82,-29.0,26595.0,-180.0,2205.0,7
45889713,80047,1015,84,-29.0,32036.7,-180.0,2400.0,8
39003691,16599,845,51,-15.0,21315.0,-180.0,2280.0,6
93341149,78105,3716,49,-29.0,27225.0,-174.0,1828.0,7
46020618,29146,879,21,-29.0,23925.0,-180.0,2400.0,6
10212504,22851,142,18,16.0,26065.0,1.0,836.451,2
77152348,72715,2254,67,-29.0,29055.0,-180.0,1995.0,9
32400752,10953,562,22,-29.0,18915.0,-165.0,2265.0,2
38517145,12744,1082,12,-29.0,16575.0,-165.0,2175.0,4
10449346,13269,99,4,15.0,16342.5,-5.0,495.0,1
34536501,27892,457,90,-29.0,19462.0,-180.0,1560.0,7
30997779,23030,701,102,-29.0,21884.5,-180.0,2190.0,6
68941250,36967,2623,29,-29.0,24195.0,-180.0,1987.0,7
59659156,79991,7472,54,-403.105,18426.0,-180.0,2400.0,5
35745571,25087,1225,78,-29.0,36437.8,-160.907,1245.0,4
73324235,25283,461,26,-29.0,16020.0,-165.0,2321.76,5
12185444,9457,370,15,1.0,17895.0,-54.0,1005.0,4
91973370,18547,2954,14,-545.55,30153.0,-616.72,3590.93,2
31743851,10727,553,24,-29.0,18495.0,-105.0,915.0,5
57784142,75885,1692,23,-179.0,23985.0,-180.0,2325.0,6
3913600,10218,218,2,301.0,25968.7,1.0,465.0,3
32259452,32168,2465,61,-29.0,31875.0,-180.0,2100.0,7
65466205,38902,4441,36,-29.0,28875.0,-180.0,1815.0,6
32287561,19533,845,17,-195.0,23745.0,-169.08,1710.0,2
30797525,16374,649,41,-29.0,24315.0,-170.0,765.0,6
73118535,76665,6681,101,-29.0,23371.3,-180.0,2385.0,10
28616189,12306,832,23,15.0,19797.0,-46.5,1185.0,5
30916251,10100,704,0,-15.0,37305.0,-165.0,1335.0,1
28715752,15974,928,38,-435.0,15560.0,-165.0,2400.0,5
56675740,24792,582,51,-29.0,21075.0,-180.0,1875.0,7
13280021,14893,142,21,-29.0,18455.0,-15.0,825.0,3
504500,3576,203,236,301.0,25725.0,1.0,1197.0,1
651936,3156,100,19,495.0,29475.0,1.0,615.0,4
58188520,79900,1727,58,-29.0,23820.0,-180.0,2321.9,10
60140618,27525,464,39,-29.0,18705.0,-180.0,1245.0,6
80029908,13857,848,15,-29.0,19693.5,-169.0,1192.5,2
45955195,19625,711,80,-29.0,22365.0,-180.0,2385.0,10
57872755,26743,1813,20,-29.0,20955.0,-120.0,2325.0,2
66846145,56005,4001,33,-29.0,25470.0,-180.0,2302.5,5
58174545,102942,1583,78,-209.004,30975.0,-322.025,2370.0,10
83944118,8244,1340,4,-30.875,20235.0,-180.0,2372.0,1
61174095,36475,308,3,-405.0,14809.7,-180.0,2148.17,2
60138828,43926,3547,62,-29.0,23072.5,-180.0,1845.0,8
93761830,26399,1381,36,-29.0,26895.0,-135.0,1905.0,8
55094160,79984,11147,208,-29.0,62355.0,-180.0,2385.0,1
45125616,27731,643,40,-29.0,20385.0,15.0,2370.0,6
51658696,26817,590,8,-29.0,14803.7,-75.0,1065.0,2
11518758,49451,8519,51,1.0,34455.0,-170.0,1726.25,6
59976768,19019,263,14,-29.0,17625.0,-150.0,1695.0,5
40463389,57438,1385,66,-29.0,29235.0,-180.0,2400.0,10
76146551,23841,268,13,-113.0,14939.0,-135.0,915.0,2
49624326,37296,1189,49,-29.0,23794.0,-148.0,2385.0,6
75101593,176573,3134,15,0.0,50325.0,-180.0,2372.94,4
80938138,31564,1760,27,-29.0,27735.0,-177.576,2205.0,6
35610305,56407,2371,58,-29.0,25125.0,-375.0,2400.0,10
36921057,28991,763,50,-29.0,21705.0,-180.0,1140.0,7
14411176,10871,371,24,1.0,23895.0,-110.0,1433.57,3
33231469,21494,862,36,-29.0,22485.0,-180.0,645.0,1
2820124,9400,463,7,315.0,24319.0,2.0,675.0,3
159932,1235,14,10,585.0,23355.0,2.0,633.0,2
33932022,9701,256,8,-29.0,15126.0,-180.0,1125.0,2
76522107,120027,3019,251,-29.0,31785.0,-165.0,2400.0,9
75719366,34810,1199,9,-29.0,16811.0,-126.527,2385.0,2
86012792,116238,7364,238,-15.0,48813.0,-150.0,2400.0,10
50780745,24726,459,111,-29.0,24555.0,-180.0,795.0,8
27718036,12060,638,51,15.0,22995.0,-165.0,873.156,1
60096120,30596,1565,65,-29.0,27405.0,-180.0,2205.0,6
269331,1260,19,6,375.0,26205.0,1.0,301.0,2
64416619,91742,1804,48,-29.0,28185.0,-160.0,1545.0,8
44930935,41853,1168,141,-29.0,26265.0,-180.0,2400.0,7
3757912,13841,973,66,375.0,36195.0,1.0,1425.0,8
75718490,456353,9985,383,-29.0,113099.0,-105.0,4045.0,10
87960,3924,74,4,135.0,26595.0,-3.0,525.0,8
11924846,11555,577,22,15.0,22210.0,-24.0,1035.0,5
57654375,40090,1155,20,-29.0,22221.7,-180.0,2062.5,5
35472709,45328,1792,70,-29.0,39096.5,-180.0,2385.0,10
54831622,19822,467,32,-29.0,22755.0,-165.0,2355.0,8
216159,1552,9,28,615.0,29985.0,2.0,1185.0,2
1734354,6569,80,16,315.0,28575.0,7.0,1111.0,4
34194716,40007,2690,26,-29.0,23260.1,-180.0,2235.0,6
83107945,52036,2316,0,-29.0,106155.0,-180.0,2400.0,10
29018645,6314,336,22,1.0,18585.0,-180.0,915.0,5
9787477,19067,153,13,75.0,22307.0,1.0,435.0,2
13519,7940,424,23,315.0,28097.0,1.0,1245.0,10
94533,3823,32,149,315.0,25035.0,3.0,1185.0,1
40945673,60224,2943,106,-29.0,31710.1,-180.0,2400.0,10
94763624,99454,2167,101,-29.0,31760.1,-180.0,2265.0,10
18076463,11726,345,151,15.0,23085.0,-180.0,796.5,4
9316079,12197,231,8,315.0,28035.0,1.0,435.0,2
30745863,15074,1246,44,-29.0,22035.0,-176.5,1155.0,6
791009,7310,458,48,301.0,26869.0,1.0,1425.0,1
85726632,39614,1192,0,-29.0,18855.0,-180.0,2175.0,1
24455404,7440,435,12,1.0,23505.0,-142.5,1665.0,6
36342881,68871,539,110,-29.0,21911.3,-159.0,2400.0,9
55730900,87914,1941,29,-29.0,33539.0,-180.0,2400.0,9
7485599,13083,247,37,301.0,21975.0,-18.458,765.0,6
71302669,112810,4271,97,-29.0,37576.0,-18.1675,2400.0,10
36679746,11369,1457,75,-29.0,22275.0,-165.0,1635.0,6
46150226,23452,762,35,-29.0,18675.0,-180.0,1501.0,5
32321683,61769,1333,151,-29.0,25393.7,-180.0,2370.0,10
43316846,26591,1063,40,-15.0,34005.0,-165.0,2383.4,6
62365914,74691,1715,0,-29.0,38205.0,-180.0,2355.0,1
28382105,14886,1170,78,15.0,21915.0,-175.55,1248.0,6
59141478,230236,2894,253,-29.0,54255.0,-165.0,2400.0,10
58663727,48181,723,11,-29.0,15015.0,-165.0,2085.0,5
52836737,20079,1100,44,-29.0,21795.0,6.0,2235.0,8
73950635,29436,2148,130,-29.0,21925.0,-180.0,2235.0,8
50319229,34249,1131,87,-29.0,21713.7,-180.0,1584.0,7
1631347,2077,14,9,315.0,26354.0,1.0,525.0,3
64246771,80873,15684,99,-149.0,44385.0,-180.0,2400.0,10
64056232,48944,1087,5,-29.0,14913.5,-180.0,2400.0,2
13912771,15771,368,33,1.0,23240.1,-165.0,981.914,5
48871881,66813,1400,208,-291.0,33435.0,-602.0,2356.5,10
57865640,32316,1475,28,-29.0,20085.0,-165.0,2115.0,5
5949120,19784,483,27,307.0,31469.9,1.0,1365.0,7
78415457,4674,2412,1,-29.0,154155.0,-105.0,2355.0,1
50641318,41423,83,4,-29.0,15225.0,-180.0,980.0,2
27027024,24144,3150,22,1.0,26050.0,-165.0,1185.0,8
83178822,99719,4201,82,-29.0,27238.1,-180.0,2205.0,7
67266849,46389,355,9,-29.0,18735.0,4.15,2391.32,5
68983167,38416,817,231,-29.0,38130.7,-168.0,2393.0,10
19862531,16032,1086,62,7.5,26355.0,-153.0,885.0,7
86962884,74125,4498,88,-29.0,38655.0,-704.246,2385.0,8
63335504,49944,1685,53,-29.0,17567.5,-172.75,2394.7,5
81719901,37776,4025,79,-29.0,22575.0,-180.0,2325.0,8
57390806,43329,3441,165,-29.0,38085.0,-180.0,2355.0,10
74090626,58064,1301,28,-29.0,29790.0,-120.0,2295.0,10
95436164,143620,11312,120,-29.0,36255.0,-180.0,2400.0,10
37412017,10248,601,117,-29.0,16303.2,-180.0,2325.0,4
27612553,11315,1251,51,1.0,24075.0,-165.0,1609.0,5
80824310,31679,861,82,-29.0,21405.0,-153.75,2205.0,1
602725,3228,22,118,525.0,26581.0,1.0,1197.5,1
25328924,9019,103,9,1.0,21537.5,-135.0,855.0,3
1986960,12586,284,58,315.0,27615.0,1.0,1005.0,1
67315935,13357,294,12,-29.0,16457.0,-180.0,1125.0,2
46478676,28909,1440,28,-29.0,23385.0,-165.0,2385.0,4
89423740,110493,3476,90,-29.0,37965.0,-173.57,2355.0,10
49166541,73776,2324,185,-29.0,21885.0,-180.0,2400.0,8
69845405,43032,2918,62,-300.0,23745.0,-180.0,1455.0,9
36748147,26301,954,90,-29.0,28350.0,-105.0,915.0,10
35878441,86663,2842,92,-29.0,32780.8,-177.625,2175.0,7
47832458,50564,719,48,-75.0,23859.8,-180.0,1647.75,7
54551572,16715,1142,15,-29.0,16045.0,-15.0,2103.06,5
44121158,48897,3613,112,-29.0,30653.0,-180.0,1905.0,8
31930042,50021,10843,10,-29.0,30450.0,-180.0,2386.5,4
65834193,18685,1199,17,-29.0,20582.0,-180.0,1665.0,6
93598290,34341,322,12,-29.0,14773.0,-117.33,2115.0,2
60587128,64773,8963,0,-29.0,26835.0,-180.0,2400.0,1
64272759,14561,739,80,-29.0,15810.0,45.0,1995.0,5
72665872,29494,2603,61,-29.0,32385.0,-180.0,2235.0,7
81624465,49070,2031,51,-29.0,28515.0,-180.0,2373.9,5
56602088,64523,1640,156,-29.0,34335.0,-180.0,1305.0,10
12409994,29989,732,30,5.0,20343.0,-165.0,1065.0,1
35066069,24201,1871,40,-15.0,29085.5,-165.0,1870.79,9
68428790,15256,523,38,-29.0,19725.0,-180.0,2374.0,6
62901896,36131,1209,41,-29.0,28147.5,-89.2858,1695.0,8
48926714,42152,443,17,-29.0,19065.0,-145.35,2110.55,5
26050796,5122,2561,22,1.0,46215.0,-165.0,1365.0,3
6617563,7593,39,4,395.5,24075.0,1.0,495.0,2
64153806,29131,174,13,-29.0,16815.0,-180.0,855.0,2
87053654,50487,4274,68,-29.0,26685.0,-149.0,1845.0,9
61383614,47962,1299,72,-29.0,24063.1,-138.711,1725.0,8
31315765,20864,1595,68,-29.0,21540.0,-165.0,1485.0,6
27319926,9648,218,9,1.0,15105.0,-165.0,1552.5,3
86720675,42073,1630,63,-29.0,20955.0,-180.0,2377.5,7
77308301,67661,5905,64,-60.0,30885.0,-167.5,2393.0,10
57780770,41972,1814,15,-29.0,21660.3,-165.0,2385.0,4
32881506,39651,1215,14,-29.0,17793.3,-90.0,1635.0,5
25081326,18208,36,6,1.0,26609.3,-180.0,765.0,2
1729,1388,63,2,15.0,25035.0,9.0,885.0,2
2899139,13384,302,17,315.0,30555.0,1.0,585.0,8
57944007,22690,541,7,-29.0,15525.0,-165.0,1980.0,5
78901064,50322,3308,86,-29.0,22275.0,-165.0,2385.0,10
3811662,12825,476,47,301.0,21889.0,1.0,949.0,9
27223707,16407,1074,49,1.0,25035.0,-180.0,975.0,5
49922653,37200,4597,19,-29.0,40995.0,-170.25,2235.0,4
57556923,43803,2743,78,-29.0,26625.0,-165.0,2299.76,8
56758288,36689,915,35,-29.0,23738.1,-172.5,2223.15,9
59968260,676,64,13,45.0,11505.0,-135.0,915.0,1
73249160,68989,873,38,-435.0,22559.5,-495.0,2205.0,10
577710,2879,50,2,545.0,28043.0,2.0,435.0,6
4505766,11156,352,49,301.0,24165.0,1.0,1485.0,1
41893726,101511,1666,88,-29.0,24369.4,-169.0,2355.0,10
49681756,45318,641,53,-29.0,30629.8,-165.0,1005.0,5
40149755,24739,476,71,-29.0,17055.0,-165.0,2385.0,3
46451535,40396,788,27,-29.0,19785.0,-180.0,2385.0,5
54366884,28270,979,58,-29.0,18945.0,-180.0,949.885,7
13410076,22322,1890,5,1.0,20925.0,-165.0,1455.0,3
61611365,44721,1303,120,-29.0,32145.0,-180.0,2085.0,9
15803396,26702,1725,17,1.0,23869.0,-65.0,1800.0,3
63521576,35510,1827,60,-29.0,29381.0,-165.0,1365.0,8
95039127,56376,3379,94,-29.0,23925.0,-177.75,2400.0,10
57664600,44670,816,100,-29.0,22477.5,-45.0,2295.0,8
49941534,102799,9742,267,-29.0,73125.0,-180.0,2400.0,10
14375184,11188,91,5,1.0,26415.0,-105.0,585.0,2
5170604,8704,477,21,45.0,20509.6,1.0,1065.0,4
1260458,5939,92,23,309.0,30945.0,1.0,465.0,7
36099108,67390,3608,99,-29.0,33165.0,-180.0,2400.0,10
88775556,117522,2558,31,-29.0,43965.0,-180.0,2254.97,6
82170589,68882,4729,23,-29.0,23685.0,-180.0,2115.0,6
545500,2221,27,17,317.0,26295.0,1.0,855.0,3
7732747,14212,321,29,310.25,27195.0,1.0,871.833,7
57484909,57648,3181,44,-462.258,25245.0,-180.0,2325.0,8
60414985,35326,1398,16,-225.0,20745.0,-180.0,2355.0,6
44792953,18578,534,44,-29.0,19545.0,-170.386,1260.0,6
18533341,11497,393,10,1.0,19679.5,-165.0,825.0,3
1653915,11246,54,58,315.0,30585.0,1.0,1500.0,8
56395811,52801,2569,76,-29.0,23205.0,-180.0,2332.5,8
67682318,11021,269,6,-29.0,12375.0,15.0,1545.0,2
33115476,16401,439,64,-29.0,22425.0,-135.0,2145.0,8
59957442,27273,586,22,-29.0,16965.0,15.0,2220.0,2
58721013,63767,5184,61,-29.0,32160.0,-180.0,2385.0,10
38434528,57654,748,37,-29.0,22155.0,-180.0,1537.5,6
4863407,14633,408,23,315.0,24198.0,1.0,1485.0,6
58915395,34514,1002,76,-29.0,28293.5,-170.0,1425.0,8
841061,7740,159,56,315.0,29725.5,1.0,615.0,1
15241506,17620,561,29,1.0,15211.1,-14.063,1665.0,3
85908474,106887,1330,73,-29.0,37005.0,-180.0,2312.1,8
5151222,15612,863,15,285.0,20294.5,-75.0,975.0,3
34965430,24540,327,74,-29.0,24825.0,-165.0,795.0,7
29588785,30171,3141,42,1.0,26249.0,-202.63,1742.95,9
55180353,30208,1170,61,-29.0,22395.0,-180.0,2360.0,7
37904378,21021,815,13,-15.0,22605.0,-168.25,1125.0,4
14355897,13394,76,29,-4514.91,15435.0,-175.0,945.0,2
88577065,196524,6559,257,-29.0,42344.0,-343.5,2400.0,10
52294619,78656,2399,124,-29.0,41265.0,-180.0,2370.0,10
10839580,14168,470,74,310.0,22455.0,2.0,1065.0,1
8798566,8962,1699,45,315.0,19065.0,1.0,675.0,3
35943313,21054,718,50,-29.0,26565.0,-170.739,1695.0,6
281148,3128,54,7,555.0,26637.6,1.0,705.0,4
68273758,36884,1692,31,-29.0,23481.8,-180.0,1934.5,6
7321011,8535,11,16,301.0,20380.0,1.0,719.25,2
32569165,62943,835,11,-29.0,23717.0,-71.0,2296.7,4
39354797,76147,1411,7,-29.0,27675.0,-15.0,1425.0,3
93591170,54058,2869,61,-29.0,23415.0,-180.0,2333.18,7
47674962,65717,1189,37,-29.0,23272.5,-180.0,1620.0,7
37659783,10906,254,7,-29.0,18255.0,-179.982,1005.0,2
91339673,31285,849,45,-285.0,24135.0,15.0,2400.0,7
14322566,7438,919,14,1.0,21915.0,-156.292,1545.0,6
35225660,23351,1251,40,-29.0,18555.0,-178.454,2400.0,4
14697258,11514,1186,63,1.0,18736.1,-166.478,1515.0,3
27773001,52987,692,20,-7993.2,15555.0,-126.0,1790.0,2
33438569,25096,657,31,-29.0,24405.0,-180.0,1245.0,6
31674919,12644,261,4,-285.0,22515.0,-167.0,1785.0,2
4243988,15040,587,25,301.0,35330.0,0.0,941.252,7
55955642,53744,1548,69,-29.0,27331.0,-180.0,2055.0,10
87892198,57436,2602,64,-29.0,25365.0,-180.0,1514.95,6
94947089,19748,2143,84,-320.0,21408.9,-180.0,2400.0,9
34364134,22576,410,90,-29.0,21075.1,-180.0,1297.26,7
6010008,16928,1025,10,301.0,15693.0,1.0,1189.0,5
91380905,28969,1079,41,-15.0,21245.0,-165.0,2385.0,9
150906,1873,12,2,435.0,22035.0,1.0,615.0,4
89465157,38226,1841,23,-29.0,24333.6,-178.135,2175.0,5
1636077,6171,62,43,555.0,24495.0,2.0,885.0,1
25299931,8591,408,107,1.0,17417.0,-105.0,795.0,5
4710851,17795,1544,99,315.0,60000.0,1.0,1464.97,5
9224105,23647,227,13,255.0,24140.3,1.0,1182.45,2
57372899,24208,4369,57,-360.0,23295.0,-180.0,2069.0,6
43149681,26012,977,56,-29.0,20595.0,-180.0,1739.02,6
21370564,20669,15100,6,-165.0,29745.0,-165.0,1785.0,8
1372582,12917,210,15,301.0,28953.0,1.0,735.0,8
50952421,29736,1543,115,-29.0,18624.3,-180.0,2400.0,2
87058860,51313,2082,43,-29.0,23961.4,-180.0,2053.75,7
3825254,9294,108,47,345.0,21315.0,2.0,345.0,3
54530713,43294,2234,51,-180.0,22289.1,-135.0,2355.0,9
64743797,32637,720,8,-29.0,17235.0,-180.0,2370.0,2
94171332,21168,4767,30,-29.0,26088.1,-180.0,2385.0,8
34357166,31766,1220,76,-29.0,26475.0,-162.0,1771.09,7
87108496,200622,8068,386,-29.0,97365.0,-180.0,2387.75,10
66134958,53982,2582,63,-29.0,24045.0,-180.0,2400.0,8
58462068,70872,3606,146,-29.0,41745.0,-135.0,1725.0,10
36062234,34650,2123,48,-29.0,27315.0,-180.0,2400.0,8
4449079,10768,624,20,315.0,26322.9,1.0,615.0,4
51746931,24880,606,40,-15.0,24390.0,-180.0,1379.55,5
38435501,111842,681,76,-29.0,24225.0,-180.0,1785.0,7
36979164,39831,1128,54,-29.0,31545.0,-165.0,2089.09,8
67187773,19564,237,63,-89.0,19785.3,-180.0,1815.0,5
31234058,15886,623,43,-29.0,21525.0,-180.0,2237.0,6
35755401,15738,2046,28,-15.0,22755.0,-172.5,1605.0,6
42344799,19628,850,34,-29.0,21645.0,-75.0,1160.82,6
56474020,47529,7855,34,-29.0,30009.0,-180.0,2385.0,10
13963465,14808,437,10,1.0,19725.0,-45.0,825.0,4
38845134,23430,1210,21,-29.0,23434.8,-175.0,1185.0,7
47768539,28456,1203,23,-29.0,16104.8,-180.0,2355.0,7
90434274,39056,2258,32,-15.0,24489.0,-180.0,2248.07,9
83267677,39493,1842,65,-29.0,21625.6,-165.0,2400.0,6
43258813,79999,4173,16,-29.0,29435.0,-180.0,2400.0,5
28200611,14617,850,21,-99.2094,24840.0,-165.0,1065.0,5
93942081,56465,6041,15,-29.0,29760.0,-180.0,2400.0,10
93706904,64232,3171,53,-29.0,28795.0,-180.0,1365.0,6
82430328,31441,1224,38,-29.0,22725.0,-180.0,1946.25,6
49435684,74505,1051,100,-29.0,31485.0,-180.0,2340.0,8
54437365,29600,805,33,-29.0,24915.0,-180.0,840.0,6
37382404,32061,568,42,-29.0,24267.5,-150.5,1575.0,9
3528924,7622,160,49,373.0,18525.0,1.0,1500.0,3
35577222,19303,655,42,-29.0,26505.0,-180.0,1485.0,7
9238645,9490,374,32,-32.0,18587.7,1.0,585.0,3
16477137,13565,775,35,-14702.0,32266.5,-172.5,1575.0,2
37133592,21866,692,26,-29.0,21670.0,-165.0,1648.5,5
40569028,34760,679,41,-29.0,20851.7,-165.0,2145.0,9
77631011,60572,341,45,-29.0,16035.0,-180.0,1215.0,2
18615574,10926,372,34,15.0,21477.0,-99.4767,645.0,3
3140440,12274,261,46,345.0,52665.0,1.0,1485.0,8
32646368,11639,885,7,-241.0,20445.0,-165.0,2306.31,4
61982,2104,12,2,45.0,25005.0,-19.0,405.0,4
86229592,21449,1649,46,-29.0,20985.0,-180.0,735.0,6
22140791,17223,651,28,1.0,25551.0,-180.0,1223.0,1
16311136,17716,324,7,1.0,23339.6,-388.2,765.5,3
26917670,6654,295,16,1.0,14895.0,-180.0,1095.0,3
4727668,8697,344,47,315.0,19985.1,1.0,975.0,8
39809137,14429,245,46,-29.0,18555.0,-165.0,1425.0,4
43580292,14622,1017,11,-33.0,23638.8,-180.0,2355.0,5
345756,8121,60,60,165.0,20265.0,1.0,1185.0,1
68170665,31450,1883,88,-29.0,24525.0,-165.0,1755.0,4
51776115,61761,5456,80,-299.0,40393.8,-150.0,2385.0,10
126257,5020,50,33,345.0,29955.0,2.0,1197.0,1
32456125,12707,707,50,-29.0,19922.8,-180.0,2325.0,4
45142485,35539,431,48,-29.0,24795.0,-180.0,2169.3,8
36257454,28085,940,32,-29.0,20008.5,-15.0,1815.0,10
61752101,42842,828,55,-29.0,22440.5,-170.22,2085.0,7
48273733,91130,1295,61,-29.0,28997.0,-180.0,2115.0,8
36804834,27018,818,19,-29.0,20055.0,-15.0,1875.0,5
65367660,26195,1185,29,-29.0,18840.0,-165.0,1785.0,4
86594943,45486,1306,60,-52.5,26881.5,15.0,2341.5,4
47021649,35719,2692,63,-29.0,27375.0,-180.0,2190.55,5
11806250,25825,49,7,-269.75,19275.0,-165.0,855.0,2
17822925,28523,1219,61,1.0,35339.7,-180.0,1800.0,9
48572736,24576,1720,11,-29.0,24165.0,-165.0,2400.0,5
13391339,14519,214,13,5.0,22000.0,-180.0,1095.0,3
27986788,8146,240,6,1.0,14955.0,-92.5456,585.0,2
219384,6044,232,63,375.0,29445.0,1.0,1173.0,1
102076,3316,102,203,315.0,26085.0,2.0,1155.0,1
47348577,30257,1778,28,-29.0,21809.3,-180.0,2385.0,10
65765662,84658,1791,88,-29.0,31785.0,-165.0,2385.0,10
13766767,12902,336,19,15.0,23721.5,-27.49,1095.0,3
34917007,11115,420,44,-29.0,19595.0,-165.0,1725.0,6
95445613,65345,2173,59,-29.0,34935.0,-180.0,1965.0,9
37663677,17125,444,8,-29.0,16777.5,-180.0,1200.0,5
3690366,10859,99,51,-29.0,19185.0,1.0,735.0,5
48147313,18154,1486,82,-29.0,23235.0,-165.0,2222.0,5
13421566,6044,1145,9,1.0,19725.0,-177.5,1245.0,3
58583861,27996,1370,59,-495.0,24435.0,-165.0,1575.0,5
50425055,49862,4332,33,-29.0,25308.0,-180.0,2115.0,7
22291370,11044,1461,21,-177.0,46785.0,-180.0,702.619,1
55433249,52110,277,39,-29.0,24615.0,4.55731,2355.0,5
32322618,14390,304,34,-29.0,20295.0,-180.0,1005.0,5
75829356,27252,846,33,-29.0,23895.0,-167.47,1395.0,8
4839503,17081,482,10,-194.0,18915.0,1.0,885.0,6
65219497,38959,1696,76,-29.0,29821.4,-180.0,2400.0,8
91811353,20339,482,27,-29.0,28229.0,-180.0,1815.0,8
13638618,19172,333,24,15.0,24675.0,-135.0,1705.0,3
93675316,77356,3290,67,-29.0,28875.0,-180.0,2265.0,10
41579569,39933,409,36,-29.0,23655.0,-165.0,2388.39,4
86263800,12679,2006,12,-15.0,22920.0,-165.0,2355.0,9
56632223,68123,2572,84,-135.002,21975.0,-180.0,2262.46,7
509393,1926,15,3,345.0,28035.0,2.0,484.5,5
28151870,11881,281,26,1.0,20205.0,-165.0,975.0,5
87066655,65581,3581,122,-330.0,30258.2,-147.0,2370.0,2
34702638,18189,555,81,-29.0,23595.0,-75.0,1695.0,7
57608732,77435,2376,102,-29.0,30885.0,-180.0,2400.0,6
26657101,16149,562,68,1.0,20115.0,-174.318,1395.0,5
13369938,29993,134,19,1.0,21670.0,-75.0,1800.0,3
32835034,31797,1727,34,-15.0,29775.3,-165.0,1695.0,8
55637062,40192,783,8,-29.0,24472.5,-165.0,2400.0,4
28234478,20840,235,17,1.0,17216.2,-165.0,765.0,4
3943870,2174,5,3,555.0,26624.0,2.5,795.0,2
66001175,111560,3662,44,-29.0,36270.0,-135.0,1846.0,7
36494839,22781,384,77,-15.0,25597.5,-176.021,2385.0,7
54724490,55645,4514,84,-29.0,39495.0,-180.0,2325.0,6
81155420,79531,2690,41,-179.0,28755.0,-180.0,2385.0,10
28418019,53486,3082,115,1.0,34325.5,-171.921,1695.0,10
72228086,30101,376,33,-29.0,25123.1,-175.556,1545.0,6
45103615,21414,504,21,-29.0,16245.0,-122.95,1380.0,3
67463002,14513,1218,34,-29.0,14755.3,-180.0,1815.0,2
75541771,53804,2045,80,-29.0,25665.0,-180.0,2400.0,7
62040387,148604,4652,130,-29.0,49291.5,-179.56,2295.0,10
13626540,7614,447,12,1.0,17445.0,-93.0939,615.0,2
14958919,19691,161,19,1.0,19665.0,-62.7934,1067.0,2
1416963,4627,39,30,315.0,20265.0,1.0,555.0,1
36667269,23775,582,53,15.0,31905.0,-180.0,2400.0,10
94970705,13088,8279,1,-295.359,18795.0,-180.0,2355.0,1
34715086,32428,4065,30,-29.0,29655.8,-180.0,2352.02,10
55085385,57267,951,25,-29.0,26115.0,-165.0,2055.0,5
26861337,29995,1404,82,1.0,34035.0,-165.0,1725.0,8
12140449,22627,213,42,15.0,24525.0,-146.0,1785.0,3
60417036,22997,478,42,-29.0,22125.0,-169.721,2115.0,6
40555200,33160,2416,53,-29.0,23766.0,-175.0,1725.0,7
60569568,32365,1063,71,-29.0,21915.0,-180.0,2400.0,8
66751843,8421,2165,2,-29.0,16065.0,-105.0,2385.0,1
35050229,58898,3653,89,-29.0,25575.0,-180.0,2355.0,7
21399262,28424,3671,180,1.0,39854.0,-165.0,1725.0,1
6758761,16740,727,13,308.72,28095.0,-25.0,1485.0,6
3010126,14984,1670,27,461.0,57847.5,1.0,705.0,9
41063828,25984,386,67,-29.0,19275.0,-165.0,968.146,5
8884797,19895,251,12,42.0,24885.0,1.0,1365.0,1
69701323,21440,204,3,-389.0,18615.0,15.0,1995.0,2
42088280,45789,942,75,-29.0,24045.0,-165.0,1935.0,2
36135138,32365,6186,0,-1.0,61425.0,4.92235,2175.0,1
14442439,2227,777,1,1.0,18705.0,-75.0,945.0,1
86121465,19432,869,20,-29.0,15465.0,-180.0,2400.0,2
52485734,36973,1657,59,-29.0,20835.0,-180.0,2115.0,5
51450101,27460,1888,71,-29.0,31199.3,-180.0,2400.0,10
63744968,23812,1782,60,-29.0,22419.0,-180.0,2385.0,7
74613360,27260,559,11,-29.0,18165.0,-180.0,825.0,2
65388546,38572,3627,36,-29.0,28300.0,-180.0,2355.0,5
31777902,19955,1913,84,-29.0,29293.0,-180.0,2369.05,10
32076629,13190,474,54,-29.0,19185.0,-165.5,781.0,4
37112063,33872,1119,47,-210.0,20895.0,-180.0,2400.0,5
74878806,88193,2080,28,-29.0,28765.0,-180.0,2385.5,8
11712809,29998,30,0,1.0,20175.0,-84.25,435.0,1
46697878,20982,846,71,-29.0,22815.0,-137.0,2055.0,6
52128,1147,2,2,585.0,14505.0,6.0,525.0,2
11945914,12934,53,4,14.0,18435.0,-73.25,494.0,2
18018958,19975,854,54,-1143.83,28662.0,-172.5,1079.0,1
1389451,5858,298,24,315.0,30255.0,2.0,1065.0,3
27216261,7687,1346,10,1.0,22965.0,-173.8,1184.04,4
75438972,62991,3326,20,-29.0,32895.0,-165.0,2385.0,10
548427,2088,53,36,465.0,21015.0,1.0,1185.0,1
57430694,73096,3953,88,-29.0,38745.0,-180.0,2385.0,10
86147134,79853,2709,32,-29.0,33892.5,-180.0,2400.0,8
57254147,138076,3202,196,-29.0,40778.4,-180.0,2385.0,10
67445381,60898,3970,60,-29.0,27660.0,15.0,2205.0,9
3449084,19710,784,38,313.0,32274.2,1.0,1335.0,1
4037982,14501,2452,1,315.0,20205.0,2.03799,615.0,1
59002072,40818,1847,29,-29.0,19515.0,-180.0,2207.0,4
36327160,29654,1524,47,-15.0,25887.0,-180.0,1545.0,7
2878411,9731,154,20,15.0,27645.0,-15.0,615.0,3
55289201,32129,3913,704,-29.0,25125.0,-165.0,2444.61,6
30559780,19343,451,32,-29.0,24705.0,-180.0,1111.0,7
24633217,24273,1141,17,1.0,24375.0,-165.0,1335.0,3
65015877,107071,2611,90,-29.0,31665.0,-180.0,2247.0,8
20336469,6224,140,1,1.0,15585.0,-172.5,1665.0,2
45427418,10129,1441,68,-29.0,27510.0,-180.0,1335.0,4
8101206,19937,605,39,47.5,24104.0,1.0,945.0,2
9027147,18554,10554,19,62.5,17492.4,0.0,735.0,3
85676926,68258,2176,76,-29.0,27945.0,-180.0,2362.0,6
41819814,45510,1148,78,-29.0,26625.0,-165.0,1395.0,8
1123276,9683,370,19,345.0,30405.0,1.0,795.0,7
3581204,9821,477,25,301.096,19801.0,1.0,1455.0,8
11686946,13364,143,9,15.0,36459.5,-27.0,615.0,2
25133781,12109,999,29,1.0,22435.0,-165.0,1425.0,3
58567836,34610,1041,30,-28.0,20467.0,-180.0,2045.85,5
46423900,72987,2142,28,-29.0,26957.5,-180.0,2288.1,10
18173761,10400,2115,74,1.0,26445.0,-180.0,1800.0,1
60791071,18366,880,10,-29.0,20475.0,-15.0,1635.0,2
11135091,10950,143,27,15.0,23385.0,-180.0,1005.0,1
30479,3776,329,21,435.0,25155.0,-3.0,735.0,1
68983316,17680,728,56,-29.0,22035.0,-75.0,2220.0,8
36647186,21970,991,23,-29.0,20745.0,-180.0,1950.0,5
8919336,24301,305,20,310.0,18375.0,1.0,1496.0,2
48049215,34172,1010,22,-29.0,24015.0,-89.5,2385.0,2
58619999,4707,323,1,-29.0,45195.0,-180.0,2355.0,3
37077457,21166,3407,27,-29.0,20175.0,-149.25,2400.0,7
32927589,79768,3034,152,-29.0,32532.0,-180.0,2363.18,10
87869759,55765,1613,34,-29.0,23685.0,-180.0,1785.0,5
76653933,430730,13891,419,-29.0,68145.0,-180.0,2400.0,10
47568611,53407,967,71,-29.0,24795.0,-178.0,1567.5,10
46761192,52527,711,37,-29.0,19720.0,-166.0,2400.0,3
83313115,46702,6790,75,-29.0,38036.9,-180.0,2370.0,6
82261821,66599,3881,58,-197.562,26925.0,-520.985,2332.25,4
44494992,43678,1736,85,-29.0,26147.0,-180.0,2400.0,8
11354186,23298,1445,13,15.0,27535.2,-135.0,1324.0,6
67372383,33484,2022,32,-29.0,25545.0,-180.0,2360.48,5
19388247,21223,871,35,1.0,22811.7,-121.262,1635.0,5
95209297,39927,3583,65,-135.0,33830.0,-179.5,2302.5,8
82148336,81820,3954,212,-29.0,37685.5,-180.0,2400.0,10
52070793,25035,2807,8,-29.0,23685.0,-180.0,2385.0,1
79950795,16636,269,1,-29.0,14925.0,-180.0,1242.0,1
36001174,40076,607,15,-29.0,31125.0,-135.379,1425.0,4
74639177,77109,2436,70,-29.0,39045.0,-180.0,2400.0,10
48114231,24913,632,16,-29.0,18135.0,-165.0,675.0,5
39853981,62629,2577,215,-29.0,25682.3,-180.0,2294.5,7
49543933,27149,784,51,-29.0,24795.0,-165.0,2250.0,9
57023664,36419,1250,47,-29.0,27295.0,-165.0,1425.0,8
81459659,64109,4424,35,-29.0,19516.0,-180.0,2182.5,6
66736461,41714,1683,29,-29.0,20325.0,-165.0,2025.09,6
79118646,20732,490,6,-29.0,18439.2,-150.0,2400.0,1
38685580,43784,874,83,-25.0,28297.5,-165.0,2295.0,8
24453,3957,382,20,315.0,24555.0,2.0,1185.0,1
7203798,9338,1134,21,315.0,20565.0,-2.5,1217.0,1
90755752,120580,2378,69,-29.0,34156.5,-180.0,2369.0,8
90437094,52600,4466,148,-29.0,26565.0,-180.0,2385.0,10
40091034,23947,639,114,-29.0,19889.0,-180.0,2055.0,8
67596678,85552,2094,69,-29.0,36945.0,-180.0,2382.0,8
91297057,29667,3588,53,-29.0,24938.6,-135.0,2295.0,8
80485221,84019,4374,87,-29.0,34395.0,-172.0,2385.0,8
77500519,59023,2601,51,-29.0,25785.0,-180.0,1436.39,8
37955884,25186,1419,36,-29.0,21315.0,-270.0,1860.0,8
89334701,34481,1043,29,-29.0,29331.1,-180.0,1905.0,9
56509088,142275,3397,181,-29.0,42314.0,-180.0,2385.0,10
416100,2440,0,1,615.0,18435.0,6.0,435.0,3
40392875,33489,662,49,-29.0,27610.0,-135.0,945.0,8
58722992,166054,1399,0,-29.0,32505.0,-180.0,2152.49,7
27468061,12553,375,61,1.0,20667.0,-165.0,1260.0,6
41678017,22040,1029,57,-29.0,23391.3,-180.0,1317.0,5
59502709,91267,6067,204,-29.0,39975.0,-168.75,2400.0,10
11281305,15429,254,10,15.0,19185.0,-172.5,1005.0,6
67881256,40888,612,2,-29.0,11205.0,-180.0,1875.0,2
42053765,39395,1564,27,-29.0,21922.5,-180.0,2340.94,8
471354,6434,120,20,289.0,21405.0,2.0,1185.0,8
77701851,29013,2718,55,-29.0,26824.6,-180.0,2400.0,5
67904356,80080,3829,87,-29.0,29055.0,-180.0,2400.0,9
50554435,34063,2242,107,-29.0,28125.0,-178.519,2123.0,10
34194166,133414,3857,8,-29.0,41625.0,-180.0,2400.0,8
88887827,39998,3760,33,-29.0,14565.0,-83.0,2400.0,8
61167144,25974,433,23,-15.0,16860.0,-180.0,1635.0,2
78743788,16635,2039,23,-29.0,17145.0,-180.0,2325.0,2
49636329,65555,3442,22,-29.0,25425.0,-180.0,2340.0,7
77298632,29475,2866,160,-29.0,33165.0,-180.0,2400.0,7
61465909,49553,1907,65,-29.0,27749.3,-75.0,2400.0,7
2655,3698,154,43,15.0,20085.0,2.0,1065.0,1
33649897,10932,258,15,-29.0,20992.5,-112.5,1200.0,4
39268754,55949,3061,95,-29.0,36231.5,-180.0,1965.0,9
35133915,33742,995,120,-29.0,23985.0,-120.0,2025.0,7
52671583,66117,652,60,-29.0,23139.0,-173.835,2385.0,7
163503,3535,51,54,315.0,29595.0,1.0,1203.0,1
50491043,47622,4587,65,-29.0,27255.0,-180.0,2286.93,9
59544990,79993,2566,244,-29.0,29895.0,-165.0,2385.0,9
33613966,12108,618,37,-29.0,21285.0,-180.0,2235.0,6
57460926,38878,1512,81,-29.0,31785.0,-180.0,2370.0,8
3501007,12933,1869,81,315.0,24294.0,1.0,735.0,1
16342986,20802,254,77,1.0,21852.3,-165.0,885.0,1
45627449,37663,4893,40,-29.0,24811.0,-165.0,1575.0,8
3890675,19999,684,25,301.0,22809.0,1.0,945.0,8
27553978,12733,276,6,1.0,17050.0,-140.0,705.0,2
35366985,14578,501,49,-29.0,24315.0,-165.0,2400.0,7
54750080,42748,388,10,-29.0,14775.0,-180.0,1815.0,4
94053829,49550,2123,52,-29.0,22345.0,-125.128,2235.0,5
78364516,61703,5762,34,-29.0,31456.6,-99.4473,2370.0,10
63326830,41036,2019,43,-29.0,22699.6,-174.6,1792.12,5
88261400,149740,6250,168,-29.0,37305.0,-180.0,2265.0,10
76326298,71120,5205,300,-29.0,37708.0,13.0,2400.0,2
46050008,17052,715,18,-29.0,19365.0,15.0,1791.4,5
17648856,12053,1606,12,15.0,25695.0,-165.0,675.0,2
38217881,46093,979,25,-29.0,19291.0,-150.0,2355.0,7
67376013,74748,3095,45,-29.0,39885.0,-135.0,2324.02,5
46462501,79959,4362,211,-29.0,35534.0,-180.0,2235.0,8
35033118,18223,529,47,-29.0,23415.0,4.0,2055.0,6
12194579,16214,343,27,0.75,19653.0,-135.0,735.0,2
20550404,10955,1446,1,1.0,37515.0,-180.0,1185.0,1
68890229,10419,385,15,-29.0,15705.0,-180.0,2400.0,2
40116461,53715,864,18,-29.0,19485.0,-180.0,1305.0,8
72325448,103275,3065,1,-29.0,227519.0,-165.0,2394.19,10
269500,5998,112,24,435.0,25485.0,1.0,1005.0,8
1331004,4549,50,21,307.0,19209.0,3.0,465.0,5
11280109,17266,513,29,15.0,18382.8,1.0,885.0,2
78111123,41417,637,51,-29.0,17505.0,-150.0,2025.0,4
37188385,39527,998,22,-15.0,18915.0,-165.0,2295.0,5
55895552,18882,1365,58,-29.0,20515.0,-165.0,1275.0,8
39348985,67311,2449,67,-29.0,32775.0,-165.0,1575.0,9
8157377,7946,319,24,-229.0,18645.0,-14.0,615.0,4
76232811,39877,4886,37,-29.0,22605.0,-180.0,2151.14,6
48000423,12800,544,46,65.1057,21584.0,-165.0,1245.0,6
52292679,52128,3843,55,-29.0,25330.0,-151.863,2385.0,8
60312003,50462,3132,76,-285.0,25525.0,-180.0,2400.0,8
29994261,13861,524,27,-29.0,20925.0,-135.0,1155.0,7
67146952,61356,1918,40,-29.0,22889.5,-165.0,2385.0,7
27117091,27196,1060,120,1.0,27207.6,-180.0,1576.0,9
37158612,38570,378,11,-29.0,22545.0,-165.0,1935.0,2
87989674,38168,1671,16,-585.0,28155.0,-135.0,2325.0,8
31326178,34440,878,192,-29.0,30496.9,-161.169,2205.0,6
32346153,43025,437,7,-29.0,20835.0,-75.0,2355.0,6
28166800,15042,724,19,1.0,17690.0,-180.0,1125.0,4
45297335,105168,3605,136,-29.0,34656.0,-180.0,2391.66,10
57189025,61315,3458,98,-29.0,22305.0,-180.0,2385.0,4
227646,13871,750,135,255.0,25395.0,1.0,1485.0,1
50413455,60493,1304,71,-29.0,31951.0,-180.0,1605.0,7
13699131,15743,7,8,-2395.0,19186.0,-45.0,645.0,2
856066,3028,14,3,825.0,40304.0,2.5,525.0,6
32320513,33824,1102,81,-15.0,27527.0,-165.0,1335.0,7
55037478,40332,3786,117,-435.0,63585.0,-180.0,2400.0,2
88911626,167865,6831,156,-29.0,52034.5,-180.0,2400.0,10
33239668,13006,1693,17,-29.0,18915.0,-180.0,2400.0,6
85065,3120,65,12,385.0,26587.0,-3.0,495.0,7
21614835,29997,3641,74,1.0,40425.0,-175.0,1665.0,7
13374719,28749,540,10,1.0,21428.0,-110.449,1095.0,2
13242284,19280,167,45,1.0,17535.0,-23.5,1755.0,4
27080757,15626,527,25,7.5,18040.1,-173.414,1800.0,4
86596100,99775,4957,84,-29.0,53025.0,-178.889,2375.0,10
28806662,17359,410,116,-29.0,31155.0,-45.0,975.0,8
20192708,19743,5027,63,-3.0,26145.0,-180.0,1695.0,9
81535535,85397,5039,139,-29.0,34582.8,-180.0,2295.0,10
51222550,37022,1700,17,-29.0,27105.0,-180.0,2282.5,3
87243839,62505,9213,21,-29.0,30560.5,-174.223,2385.0,10
12289107,11086,674,15,33.5,21045.0,-22.2008,1485.0,4
61208179,52272,2482,115,-29.0,26153.0,-174.0,2400.0,9
49540012,39078,1345,87,-29.0,30670.4,-172.5,1665.0,10
40100624,22865,1050,20,-29.0,20234.0,15.0,1888.25,6
11697387,13898,424,32,15.0,25485.0,-175.0,885.0,9
1799065,10505,91,28,301.0,31161.0,4.0,1275.0,9
61181738,54160,927,95,-29.0,27015.1,-164.0,1755.0,9
64279419,25281,3830,15,-29.0,16005.0,-165.0,2265.0,2
75387502,82622,4451,14,-29.0,37398.4,-180.0,2355.0,10
6739392,10005,174,10,301.0,19810.0,1.0,1233.0,2
26070995,12109,538,64,1.0,24508.0,-165.0,1575.0,5
83729866,67664,2544,178,-29.0,27735.0,-135.0,2376.0,8
95594512,47078,2216,148,-29.0,31035.0,-180.0,2400.0,7
79617397,98063,1727,41,-29.0,22276.3,-180.0,2400.0,7
25325495,11560,335,55,15.0,17175.0,-118.0,975.0,2
11960946,11160,642,96,1.0,23625.0,-165.0,1785.0,1
37915833,89686,2017,93,-29.0,33675.0,-180.0,2055.0,10
62682577,40688,1556,116,-29.0,24405.0,-180.0,2385.0,4
33796924,17616,1028,60,-29.0,25297.0,-165.0,2400.0,9
5589626,20002,636,5,315.0,18447.2,1.0,585.0,3
56779294,70658,4008,131,-29.0,31814.4,-180.0,2370.0,10
84576742,60430,2514,48,-29.0,26667.0,-180.0,2246.69,6
15666330,12059,280,15,1.0,15555.0,-159.0,1215.0,2
1519091,12666,288,38,307.0,29325.0,1.0,1425.0,1
11111779,3832,623,16,345.0,27105.0,-105.0,615.0,6
64923647,79500,1134,46,-149.5,22133.0,-135.0,2385.0,5
19006592,8909,549,18,15.0,19254.6,-45.0,645.0,3
1886729,7029,16,13,315.0,26043.0,1.0,479.0,3
36121059,9718,505,17,-29.0,20655.6,-180.0,1395.0,9
27991043,6664,3551,7,1.0,18615.0,-135.0,942.258,3
58108487,30495,1223,74,-29.0,25845.1,-180.0,1935.0,6
32118,3914,176,118,315.0,25155.0,2.0,975.0,1
31346292,13045,115,58,1.0,21457.0,-91.0,795.0,1
51044783,27778,1797,13,-29.0,22965.0,-170.594,2265.0,5
40946217,30825,2075,8,-29.0,15171.2,-180.0,2400.0,2
57787907,33044,1644,75,-29.0,25203.0,-180.0,975.0,6
58966172,33719,1529,23,-29.0,22275.0,-15.0,1575.0,8
27686966,5488,335,16,15.0,18250.0,-180.0,645.0,4
12154779,10200,588,9,1.0,18765.0,-59.1658,1305.0,3
64224547,61664,2699,87,-29.0,45855.0,-165.0,2367.07,9
46755826,31559,638,28,-29.0,22927.5,-180.0,2385.0,4
54375171,51763,1346,70,-29.0,30945.0,-166.964,2385.0,8
1728550,11394,112,101,315.0,30587.0,0.75,1485.0,9
14026602,57,0,0,645.0,16215.0,15.0,795.0,1
57062731,14309,737,9,-29.0,14955.0,-180.0,1010.0,5
57974392,38052,717,48,-29.0,26055.0,-180.0,2355.0,6
58687036,38587,2587,78,-29.0,25455.0,-180.0,2400.0,10
28060523,10924,1550,41,1.0,19965.0,-173.0,1215.0,5
27973097,7411,384,18,1.0,20145.0,-165.0,600.0,5
50850470,34691,1905,59,-29.0,26025.0,-180.0,2385.0,10
3973116,10837,3085,58,315.0,36220.0,2.0,945.5,1
34168272,17522,212,31,-29.0,17475.0,-180.0,1365.0,3
50560864,33350,2299,81,-29.0,39019.0,-45.0,2400.0,4
49736625,31232,1020,49,-149.5,19725.0,-180.0,2400.0,8
56231461,31519,997,42,-29.0,24495.0,-150.0,2055.0,7
87319358,18968,2204,107,-29.0,23445.0,-180.0,2385.0,6
15499394,11400,2148,16,1.0,29288.8,-174.0,945.0,6
36413297,33170,999,51,-29.0,35535.0,-135.0,1365.0,8
33756276,14263,239,83,-29.0,15979.0,-180.0,1065.0,4
55283238,34680,289,15,-29.0,16948.4,-150.0,1065.0,2
18663466,13516,364,5,15.0,19515.0,-75.8528,705.0,2
13983616,4035,2389,0,1.0,20985.0,-11.0,1185.0,1
56258128,29999,3416,51,-29.0,31935.0,-105.0,2355.0,7
58002274,27282,1062,46,-29.0,25635.0,-33.3601,2205.0,5
41352267,100572,5402,213,-29.0,47715.0,-180.0,2400.0,10
80760674,68949,2103,90,-29.0,20781.1,-180.0,2016.97,8
62520179,78624,6281,46,-15.0,24585.0,-180.0,2385.0,5
62133795,34137,3821,34,-29.0,22785.0,-165.0,2205.0,6
13228490,28835,257,12,1.0,19874.5,-104.375,1395.0,3
55326983,25087,531,15,-29.0,15069.0,-180.0,1605.03,3
52917530,19570,739,41,-29.0,22334.9,-135.0,1552.5,10
57342005,124778,5353,109,-29.0,50625.5,-157.882,2219.0,9
45610765,28433,330,48,-29.0,19561.0,-165.862,2215.5,4
85044055,30074,2008,76,-29.0,27585.0,-135.0,2265.0,7
9085581,13230,23,5,-105.0,23032.5,1.0,555.0,2
42199324,51477,592,46,-29.0,23569.8,-165.0,2265.0,10
13433385,15200,4233,34,1.0,20803.0,-165.5,675.0,1
38398923,79188,2358,56,-115.998,29475.0,-180.0,2325.0,10
9098488,15919,146,25,-11.5,21125.7,1.0,645.0,2
56921980,13940,1398,55,-29.0,19455.0,-180.0,2400.0,6
41939387,26951,1105,35,-29.0,23925.0,-175.277,1155.0,7
36870572,56531,4111,192,-29.0,51705.0,-180.0,2400.0,6
55731749,35306,943,6,-29.0,21045.0,-180.0,1425.0,2
32122593,8797,1072,12,-29.0,15298.5,-152.556,1575.0,3
68030400,39118,2053,51,-29.0,26864.2,-90.0,2400.0,8
57225771,31358,1113,26,-29.0,36765.0,-180.0,2355.0,6
83802583,37911,2031,45,-29.0,22665.0,-180.0,2355.5,3
54566494,27228,810,10,-29.0,18509.0,-2564.75,2385.0,5
687938,5991,80,19,525.0,28275.0,1.0,1065.0,8
1024164,13030,18,220,15.0,36105.0,1.0,1500.0,1
34252496,21834,1451,58,-29.0,22815.0,-75.0,2355.0,7
43000402,12029,1629,14,-29.0,16704.5,-180.0,2400.0,4
62216060,57954,2162,59,-29.0,32535.0,-180.0,2261.96,5
13771265,11877,100,12,-317.0,17449.0,0.0,1215.0,3
83623085,64528,2730,69,-29.0,36705.0,-180.0,2385.0,9
697184,7454,291,76,315.0,27045.0,2.0,1155.0,1
16329153,13062,415,69,1.0,25455.0,-79.0,765.0,1
76053628,39901,516,50,-29.0,19067.0,-180.0,2314.38,9
16887119,6526,545,21,-4138.2,16233.5,-165.0,1515.0,3
215705,7432,19,12,15.0,22905.0,-75.0,1084.0,3
29917857,12859,684,105,-585.0,24255.0,-165.0,2023.4,3
54861984,77157,4996,379,-29.0,45753.5,-696.0,2400.0,9
38416836,36510,2037,37,-29.0,23145.0,-180.0,2399.18,6
44089512,19555,2335,76,-29.0,23655.0,-180.0,1575.0,8
16139525,13424,379,21,1.0,17415.0,-76.8367,1755.0,2
31779689,21889,238,21,-29.0,22185.0,-180.0,1245.0,3
59725003,22738,1496,26,-29.0,21465.0,-180.0,2160.0,9
52356195,16162,1082,74,-29.0,22644.5,6.0,2400.0,10
59091227,21916,664,43,-315.0,24629.3,-180.0,1035.0,9
65947116,28167,2596,80,-29.0,25065.0,-180.0,2389.49,10
16437345,12585,450,17,1.0,21674.0,-108.04,1095.0,5
96978035,94690,4178,49,-29.0,24885.0,-165.0,2385.0,10
39122651,13926,1616,104,-29.0,23745.0,-180.0,2385.0,4
31674537,29509,780,24,-29.0,29295.0,-172.073,2385.0,5
141361,3813,140,29,435.0,29475.0,-3.0,919.0,1
46022381,76189,2904,90,-29.0,31905.0,-105.0,2265.0,10
62832683,53489,2185,20,-29.0,19695.0,-180.0,2370.0,8
46917410,36326,1746,100,-29.0,28545.0,-180.0,2400.0,10
34410038,85908,1321,40,-29.0,23119.0,-180.0,2400.0,8
13321769,19515,193,13,-29.0,16427.5,-165.0,936.091,3
95004493,112307,4009,583,-29.0,27765.0,-180.0,2325.0,10
132829,1663,91,45,495.0,29475.0,2.0,345.0,3
59676699,91360,2333,97,-15.0,59295.0,-179.259,2176.0,7
44417977,27660,1268,34,-29.0,23127.5,-180.0,1762.35,6
75151404,153095,3558,49,-29.0,28692.5,-154.927,2295.0,9
67018065,60756,1847,145,-29.0,29530.1,-135.0,2394.0,10
34485225,6614,1690,1,-29.0,12617.0,-75.0,1875.0,1
90809996,43376,6270,42,-29.0,22545.0,-157.661,2400.0,10
87357555,72705,5481,88,-29.0,23115.0,-180.0,2400.0,10
64610503,34306,1396,52,-225.0,25045.0,-165.0,2020.0,8
44255013,30329,429,80,-29.0,16779.7,-180.0,1770.5,6
1267316,6897,95,11,375.0,25545.0,1.0,823.0,8
12300295,9527,960,15,-134.0,18765.0,1.0,495.0,3
82595578,106135,1595,89,-29.0,36724.6,-165.0,2391.51,10
12137197,10904,184,16,1.0,55875.0,-26.5,555.0,6
80961551,49076,1875,1,-29.0,41822.1,-165.0,2400.0,1
61884045,45375,883,27,-29.0,23940.0,-15.0,2325.0,4
90355268,90437,6229,90,-864.273,25459.0,-180.0,2400.0,8
64666407,111218,6232,23,-105.021,27735.0,-180.0,2385.0,7
34851342,24625,496,48,-43.0,21123.0,-180.0,1799.87,5
14755456,8425,101,10,1.0,16679.3,-180.0,1665.0,3
38992577,20832,525,29,-29.0,25605.0,-165.0,1154.5,6
3538583,5742,21,6,705.0,22455.0,4.0,585.0,2
38811712,26689,1839,48,-29.0,25785.0,-178.611,2400.0,5
35588255,36843,908,68,-29.0,24933.8,-165.0,2399.0,7
31844856,15580,799,81,-29.0,23655.0,-180.0,1215.0,8
62282482,56365,1703,68,-29.0,24029.0,-180.0,2325.0,10
6455855,18308,435,33,315.0,32200.0,1.0,675.0,6
28001150,25538,1771,26,1.0,20168.2,-116.0,1726.0,5
79485177,80737,1921,65,-15.0,28717.5,-180.0,1665.0,8
90459731,119820,3597,192,-599.979,34250.2,-180.0,2400.0,7
36430972,21448,711,14,-15.0,25545.0,-170.0,977.0,5
49101798,20119,126,12,-15.0,17595.0,-180.0,2205.0,4
75965763,74295,704,18,-29.0,22077.4,-167.441,2203.89,7
87694939,80734,1615,78,-29.0,30319.0,-180.0,2071.0,8
1512012,5447,73,11,-29.0,26355.0,-180.0,1275.0,3
57496323,34122,1209,35,-29.0,41517.5,-105.0,2325.0,5
92843423,26450,1764,100,-29.0,26819.5,-4.59201,2310.0,8
40604036,17117,1573,73,-29.0,20235.0,-180.0,2400.0,8
6233274,10523,45,33,315.0,18919.0,1.0,626.25,1
169590,5157,109,17,351.0,28575.0,-3.0,633.0,8
63890334,65968,2360,33,-29.0,31185.0,-180.0,2317.5,7
35501768,27398,1169,16,-29.0,23775.0,-24.0,2400.0,4
51571401,52677,620,21,-29.0,24870.0,45.0,1785.0,8
25796488,5475,589,0,1.0,50535.0,-75.0,945.0,1
83730530,53743,1796,156,-29.0,45135.0,-176.999,2385.0,10
36634829,33234,404,33,-29.0,24059.4,-170.286,675.0,7
10007837,27923,360,14,305.0,18645.0,2.0,691.0,3
36032856,28395,1064,69,-29.0,18459.2,-75.0,1125.0,5
49460062,45882,974,86,-29.0,27442.5,-180.0,1755.0,10
28301702,13757,968,16,-0.5,20143.5,-180.0,1334.5,3
80560662,51365,3892,78,-29.0,58365.0,-180.0,2368.75,10
33111405,13765,920,73,-585.0,17445.0,-180.0,2400.0,6
41268707,45524,1920,120,-15.0,36905.7,-179.875,1935.0,10
56026735,57789,1666,42,-29.0,26783.0,-180.0,1185.0,6
58631650,30332,4859,0,-29.0,35265.0,-174.463,2265.0,1
25969464,17340,1235,111,-4428.83,22413.0,-370.943,1715.64,6
115912,1543,101,22,315.0,25125.0,2.0,765.0,1
36253994,61279,855,101,-29.0,23625.0,-180.0,2235.0,8
38074822,36921,1450,32,-29.0,25108.5,-180.0,2310.0,10
62095015,30386,1180,44,-29.0,16551.7,-165.0,2400.0,2
83296274,100132,3923,205,-45.0,35955.3,-180.0,2385.0,10
93988001,137280,3035,80,-29.0,55685.0,-180.0,2325.0,10
73360672,51152,1420,50,-29.0,34275.0,-180.0,2400.0,8
216426,2652,35,49,465.0,22335.0,1.0,735.0,1
50428536,64304,5869,39,-29.0,25275.0,-180.0,2295.0,9
57513727,19249,820,35,-29.0,28545.0,-165.0,2385.0,6
78455511,51648,3567,44,-29.0,25515.0,-180.0,2337.0,5
37322842,31981,790,22,-29.0,22440.0,-180.0,2400.0,2
79691289,39734,5556,90,-141.5,26955.0,-358.213,2385.0,10
47381374,45541,1791,52,-29.0,26610.0,-165.25,2236.0,7
94956962,42743,1677,59,-29.0,26085.0,-180.0,2325.0,7
158691,3624,28,9,75.0,29529.0,-17.0,435.0,1
68399021,39280,747,0,-29.0,11385.0,-180.0,2340.29,1
61755057,38361,2659,52,-29.0,40861.0,-165.0,2327.92,7
34424517,28369,1457,37,-165.0,20895.0,-180.0,2393.66,6
49697813,51275,1008,200,-120.002,24077.0,-165.0,2355.0,8
85928041,90830,2865,66,-29.0,34455.0,-180.0,2325.0,10
2877459,10176,353,17,307.0,28719.0,1.0,495.0,9
50430534,27742,1029,36,-29.0,26813.6,-178.84,1515.0,6
35031085,25515,311,43,-29.0,18585.0,-165.0,1245.0,5
59574225,33907,1267,63,-29.0,22755.0,-180.0,2392.0,9
76509331,38401,1317,93,-29.0,24652.5,-165.0,1275.0,9
541151,3594,200,2,345.0,16395.0,2.0,747.0,5
93227609,33745,5170,65,-29.0,35010.0,-180.0,2400.0,10
89659331,19284,2108,34,-29.0,23745.0,-122.597,2129.5,8
44184726,43685,1318,40,-29.0,28845.0,-135.0,1965.0,7
55647526,22339,752,23,-29.0,18803.0,-156.418,1005.0,5
57958580,73501,487,20,-29.0,19649.0,-174.4,1476.5,5
62743002,85221,17406,0,-29.0,96015.0,-135.0,2370.0,2
5629922,8835,121,15,315.0,20985.0,1.0,671.0,5
20389594,28303,1053,72,-8535.5,60645.0,-3747.0,705.0,7
1160937,7633,37,9,301.0,29115.0,2.0,1035.0,6
26677629,7736,430,15,1.0,18015.0,-45.0002,765.0,4
32401421,17852,2942,200,-29.0,20249.0,-165.0,1875.0,6
11007009,21891,243,20,301.0,19674.9,1.0,1425.0,3
43898136,46544,3107,142,-29.0,24915.0,-180.0,2385.0,8
46516835,56676,1372,114,-15.0,30555.0,-135.0,2400.0,9
13342966,10262,353,23,15.0,20385.0,-165.0,1485.0,3
37158921,72572,1197,78,-29.0,29385.0,-180.0,2235.0,7
72154716,108064,13490,91,-29.0,32305.0,-165.0,2385.0,6
81478272,39988,2198,56,-29.0,29115.5,-180.0,2400.0,2
5351206,13541,760,12,400.847,28605.0,2.0,915.722,3
50705114,42484,2662,68,-29.0,29625.0,-180.0,2025.0,8
54664621,30731,2747,87,-29.0,17295.0,-180.0,2121.03,2
4604249,21099,1760,17,361.0,18345.0,1.0,585.0,5
32724645,16049,1170,57,-29.0,17871.0,-180.0,1269.0,8
38031833,31264,677,20,-29.0,22575.0,-75.0,2265.0,5
16662049,21545,1161,31,-2376.6,19935.0,-176.241,1305.0,8
43537990,32473,1970,198,-29.0,39532.5,-180.0,2376.0,8
37875280,25526,385,35,-29.0,17041.5,-167.66,2269.0,4
60235824,44628,1374,83,-29.0,25153.5,-180.0,1455.0,7
37157800,51637,699,27,-29.0,19305.0,-180.0,2400.0,4
3382569,8902,274,25,301.0,23925.0,1.0,525.0,6
58864555,53677,3982,77,-29.0,26030.5,-170.087,2400.0,7
55000447,21626,472,36,-29.0,15165.0,-180.0,2295.0,5
34607585,25706,2789,0,-29.0,91335.0,-175.0,2385.0,10
28771292,17716,789,18,-29.0,20890.0,-166.452,1095.0,5
94229906,52719,4658,24,-29.0,37755.0,-180.0,2353.0,10
39749578,28076,1608,67,-29.0,25380.0,-180.0,1545.0,6
15223233,8479,663,15,1.0,18780.0,-180.0,1305.0,3
25383175,30817,664,56,1.0,25379.9,-168.431,1035.0,5
33244195,26726,700,83,-29.0,22073.0,-180.0,2390.65,10
7185933,8308,237,34,301.0,19640.0,1.0,915.0,8
54379509,42015,4654,19,-29.0,24795.0,-15.0,2385.0,4
62973709,16093,1171,24,-29.0,24377.0,-105.0,2215.8,8
62678114,70923,4001,33,-29.0,24495.0,-104.056,2400.0,7
93148010,30053,1858,16,-29.0,22335.0,-83.3468,2355.0,10
65912862,24642,1967,18,-29.0,24403.0,-146.17,1815.0,6
66858068,53843,8847,31,-29.0,31575.0,-161.976,2400.0,10
26791333,13483,628,0,1.0,37065.0,-91.0,1455.0,3
980341,4805,33,5,301.0,33795.0,1.0,495.0,5
51946111,16914,1601,36,-29.0,26280.7,-201.576,2400.0,6
30373175,22325,697,104,-29.0,23082.1,-180.0,2084.0,7
70296287,92629,967,3,-29.0,16635.0,-165.0,2328.33,2
47972728,11196,916,22,-29.0,16187.0,-120.0,2400.0,4
50205045,43621,962,36,-29.0,27885.0,-165.0,1785.0,5
57885368,24457,729,25,-29.0,27804.7,-225.0,1035.0,6
9227300,8958,569,33,319.0,38505.0,5.0,1365.0,6
29852753,18608,1202,56,-29.0,20107.5,-180.0,2145.0,6
36825859,27171,731,112,-29.0,24825.0,-165.0,2295.0,9
51170790,53593,2465,100,-29.0,27851.0,-180.0,2400.0,5
95825827,95241,4563,304,-29.0,37131.1,-180.0,2389.0,10
75286027,82692,5902,11,-29.0,23895.0,-180.0,2375.31,1
96258005,35208,2583,34,-29.0,24907.0,-180.0,2385.0,8
63029657,41828,4191,3,-29.0,240000.0,-180.0,2385.0,1
80259231,102447,3550,52,-29.0,33727.0,-177.0,2396.73,7
36087516,30401,756,17,-29.0,20959.1,-180.0,2265.0,6
13241784,7169,6524,0,1.0,19905.0,-165.0,855.0,2
44934055,28915,1045,36,-29.0,22793.0,-180.0,1545.0,4
76858511,58939,1792,45,-29.0,31234.5,-180.0,2400.0,8
45937808,47145,3440,52,-29.0,30735.0,-180.0,2355.0,5
49987007,30687,1094,64,-29.0,25575.0,-180.0,1875.0,6
63730412,72964,5462,67,-29.0,31780.0,-180.0,2175.0,8
62912159,85050,1893,138,-15.0,34245.0,-180.0,2265.2,10
513124,4398,18,3,547.0,26441.0,4.0,1725.0,4
39721872,56169,1650,43,-29.0,20730.0,-165.0,2398.69,5
59648146,49170,755,93,-29.0,22695.0,-165.0,2400.0,7
56525293,28978,1064,83,-29.0,24165.0,-180.0,2140.35,4
26897899,17726,406,74,1.0,19365.0,-105.0,1260.0,6
81391957,56034,1405,68,-29.0,44235.0,-180.0,2369.63,10
67687594,48227,824,60,-29.0,24890.0,-131.5,2355.0,9
31432270,20011,1308,64,-29.0,23680.0,-180.0,1261.98,8
8169171,20905,290,57,15.0,31264.0,1.0,1447.5,1
1178051,3888,143,26,15.0,25485.0,1.0,1185.0,5
37295,520,2,2,15.0,4485.0,-45.0,2145.0,1
95288177,120070,2499,208,-29.0,52051.1,-175.186,2400.0,8
63148614,32416,2159,67,-29.0,26115.0,-180.0,2265.0,8
12640404,17053,3218,61,15.0,22335.0,-105.0,1635.0,6
28622533,7390,1122,15,15.0,18135.0,-169.605,1998.81,5
64330885,40686,571,12,-15.0,20040.0,-180.0,1830.0,3
81162638,67499,6356,113,-29.0,44235.0,-146.897,2385.0,10
2871606,5782,526,39,301.0,27735.0,1.0,1500.0,5
66419434,56769,3055,55,-29.0,31604.5,-166.65,2339.25,7
93185323,17411,2359,33,-15.0,23655.0,-165.0,1725.0,8
96566713,102711,6029,234,-29.0,27855.0,-165.0,2400.0,10
95879987,67725,3426,99,-29.0,32235.0,-172.5,2265.0,10
48996326,23548,1708,73,-450.938,19763.0,-150.0,2355.0,6
57307363,53174,1070,76,-29.0,22303.4,-120.0,2385.0,10
28094318,10642,832,128,1.0,16605.0,-180.0,825.0,4
20527204,18887,1868,425,-29.0,41029.0,-180.0,2400.0,1
63557534,45676,739,808,-29.0,24720.0,-180.0,2400.0,5
27373989,36795,798,64,1.0,22621.5,-168.5,1795.75,9
57368204,79341,4709,29,-29.0,49005.0,-180.0,2010.0,6
38669931,42664,348,127,-29.0,22155.0,-180.0,2400.0,7
56506511,40176,511,51,-29.0,17153.0,-165.0,1215.0,6
21087247,5907,2505,4,-165.0,18885.0,-70.0,1215.0,5
77789561,34042,2774,29,-29.0,19050.0,-180.0,2346.32,5
47830477,11255,729,1,-29.0,18543.8,15.0,2355.0,1
78850065,78149,2380,102,-29.0,30675.0,-134.202,2400.0,9
41785858,27137,1334,132,-29.0,26625.0,-165.0,2325.0,5
16724793,5711,31,8,15.0,16815.0,-123.0,499.0,2
19107072,15444,1284,12,1.0,15075.0,-75.0,1245.0,3
47602711,61397,2211,88,-29.0,29952.6,-165.0,2385.0,6
37571922,20865,569,82,-29.0,23218.0,-165.0,1005.0,5
60594338,38487,1004,265,-29.0,32475.0,-180.0,2385.0,7
215324,3431,15,11,315.0,29835.0,1.0,1185.0,1
21133154,14196,536,29,1.0,18891.0,-121.0,1065.0,5
16293130,29886,1347,56,1.0,40995.0,-166.5,1125.0,5
58074890,30750,624,19,-29.0,24727.7,-180.0,1942.29,5
213962,3512,217,75,315.0,26265.0,3.0,1194.0,1
33855024,4975,175,9,-29.0,16565.0,-180.0,1035.0,2
64509524,48917,1340,41,-29.0,20951.0,-180.0,1305.0,6
37006382,39276,1143,109,-29.0,24685.5,-180.0,2400.0,9
11777209,27439,50,16,1.0,19485.0,-135.0,645.0,2
422703,2911,22,4,375.0,26475.0,2.0,465.0,6
153233,3695,18,10,315.0,23805.0,1.0,495.0,1
14250437,8597,1507,3,1.0,22134.0,-166.0,1035.0,2
333199,3407,188,48,375.0,24735.0,2.0,1084.0,1
11542127,10360,54,32,15.0,17805.0,-55.0,765.0,2
35633247,139690,11204,275,-29.0,55485.0,-165.0,2400.0,9
57799698,89965,1909,46,-29.0,32460.0,-180.0,1905.0,7
81451870,103323,3983,160,-29.0,33915.1,-180.0,2400.0,10
58294964,20000,1754,11,-29.0,21760.9,-178.425,2355.0,4
39214860,30624,2543,36,-29.0,23719.0,-180.0,1815.0,6
11822091,19287,166,15,1.0,20085.0,-52.5,585.0,8
50863505,49001,2021,58,-29.0,45539.5,-165.0,2085.0,9
40785607,13649,777,15,15.0,14144.9,-165.0,1064.84,4
93314434,60653,1239,34,-29.0,30465.0,-73.0,2400.0,8
85745119,14386,1280,10,-29.0,57045.0,-180.0,2385.0,4
70966663,24288,1477,22,-29.0,28320.0,-165.0,2400.0,7
15626624,17062,578,18,1.0,19099.8,-134.614,1635.0,3
24296350,28030,9091,39,1.0,22905.0,-179.0,1545.0,1
40182264,17355,319,31,-29.0,29334.3,-180.0,1244.91,4
29910462,11844,889,83,-29.0,21828.4,-180.0,1215.0,7
7738832,24072,679,12,16.0,20505.0,1.0,825.0,3
50844374,50183,897,60,-29.0,20925.0,-12.986,2385.0,5
63062778,46217,1677,15,-29.0,22797.3,45.0,2197.63,6
31222183,10835,519,36,-29.0,19243.0,-180.0,1155.0,5
35415402,37742,1146,81,-29.0,34005.0,-180.0,1665.0,7
74294033,89159,6179,2,-29.0,26031.0,-135.0,2400.0,1
13322137,7453,302,16,15.0,18465.0,-76.8666,855.0,2
54880324,43205,2470,11,-382.5,20655.0,15.0,1771.0,5
517226,6587,223,350,1.0,28095.0,1.0,1200.0,1
25159735,23226,1789,8,1.0,66165.0,-172.5,1785.0,1
48106654,36788,2049,51,-29.0,22360.0,-180.0,2175.0,5
15091600,16150,110,22,1.0,16785.0,-89.997,1755.0,2
173027,3944,87,21,1.0,26552.0,1.0,1035.0,1
38819449,17074,634,24,-29.0,18645.0,-172.8,1245.0,4
86975565,20117,998,23,-29.0,15315.0,-165.463,2400.0,3
48669301,53908,1232,34,-29.0,27237.5,-180.0,1815.5,7
709961,4274,141,11,315.0,26325.0,1.0,795.0,1
27375430,15210,811,4,-195.0,19905.0,-165.0,1794.0,3
42860083,37591,1285,32,-29.0,25796.5,-180.0,2175.0,7
21625853,13938,103,23,1.0,19575.0,-66.7,1125.0,1
33297101,19583,1192,99,-29.0,27585.0,-180.0,1095.0,7
946020,8207,160,6,315.0,27315.0,1.0,765.0,8
26181708,12356,250,28,1.0,15345.0,-180.0,915.0,3
74676221,31198,2033,50,-29.0,27781.8,-105.0,2025.0,8
88442691,58436,1681,40,-29.0,56685.0,-180.0,2400.0,10
49229,3517,26,6,315.0,24975.0,1.0,1173.0,8
6608430,13894,436,34,312.25,25725.0,1.0,975.0,7
3315574,10438,287,40,301.0,30615.0,2.0,555.0,6
80439605,68915,5596,41,-25.0,30156.5,-180.0,2145.0,7
68021028,27308,1877,60,-29.0,23145.0,-180.0,2298.3,5
61641524,42536,1041,49,-29.0,24375.0,-180.0,1815.9,5
61974257,61745,3155,52,-29.0,32065.3,-180.0,2400.0,10
38378294,14996,300,89,-15.0,21915.0,-165.0,759.435,6
57765136,12345,518,4,-15.0,24693.5,-75.0,1440.0,7
73347997,61426,2924,71,-15.0,27150.0,-105.0,2385.0,8
34275766,41940,1329,93,-29.0,32806.0,-165.0,2385.0,10
27859542,20547,7005,20,1.0,18645.0,-180.0,1756.75,5
55056041,67679,1636,47,-29.0,27585.0,-180.0,1620.0,9
71479334,35020,2190,62,-29.0,24555.0,-174.907,2400.0,6
49166702,46822,2671,26,-29.0,32385.0,15.0,2400.0,5
38599234,39345,648,26,-29.0,22905.0,-51.5148,2400.0,5
44801448,16262,281,9,-29.0,17397.0,-45.0,1845.0,4
33022525,27563,915,94,-15.0,34097.0,-45.0,1513.7,7
34221069,15723,512,25,-29.0,24375.0,-120.0,2055.0,5
35628576,28221,1448,69,-29.0,23066.2,-165.0,1906.0,10
46437162,41879,764,48,-29.0,22155.0,-180.0,1275.0,6
69080324,65824,6054,92,-29.0,26400.0,-180.0,2220.5,7
19425017,24711,1169,120,1.0,42511.0,-45.0,1800.0,7
33200652,9105,556,6,-29.0,17625.0,-146.678,1215.0,2
53601704,20896,1596,24,-29.0,28095.0,-176.0,1755.0,8
61808456,28151,522,8,-29.0,14795.0,-180.0,1092.37,5
6122241,3848,74,0,365.0,12897.5,1.0,1455.0,1
30295766,22151,1901,67,-29.0,35025.0,-180.0,1485.0,6
43923301,35197,1559,102,-15.0,23595.0,-180.0,1830.0,8
5597703,4487,428,23,315.0,11005.0,1.0,299.0,3
75096619,77617,4345,156,-29.0,31695.0,-180.0,2400.0,10
39955946,32433,11605,1,-29.0,25979.0,-180.0,2085.0,1
213541,2239,1,34,45.0,24915.0,2.0,1108.0,1
217631,3629,107,19,315.0,25965.0,1.0,525.0,5
42133523,37535,840,63,-29.0,22935.0,-180.0,2385.0,6
90042088,55491,4035,70,-2000.0,25965.0,-1117.5,8560.42,8
29558123,20640,2083,21,-29.0,21705.0,-105.0,2398.91,6
58548056,18031,831,7,-285.0,21825.0,-180.0,1095.0,2
68726848,60885,1557,104,-29.0,23914.0,-180.0,1749.75,7
61070967,29507,3801,18,-29.0,49725.0,-405.0,2595.0,1
36348632,27834,1281,51,-29.0,25005.0,-180.0,1275.0,6
26886273,15547,408,21,1.0,29355.0,-180.0,955.0,4
2541506,12000,526,27,10.5,31337.0,1.0,885.0,9
52987699,40915,1299,53,-29.0,21375.0,-171.0,2385.0,5
34175907,22034,438,60,-29.0,24825.0,-180.0,1365.0,9
63240011,145921,1361,43,-29.0,24604.2,-75.0,2249.0,8
37187779,28957,641,21,-29.0,24261.0,-165.0,2355.0,6
13405010,10087,2239,201,1.0,37201.0,-89.7385,1755.0,2
49469234,31273,826,34,-29.0,19109.2,-180.0,2328.2,5
54842344,64328,6025,152,-29.0,41902.5,-180.0,2400.0,10
60148025,44193,1467,77,-29.0,29535.0,-176.6,1657.56,8
48414093,52928,1104,208,-29.0,28769.4,-165.0,1665.0,8
35418030,20105,2527,15,-29.0,29488.0,-180.0,1635.0,9
1670283,5290,23,27,315.0,19665.0,2.0,523.5,8
56736010,68755,1949,89,-29.0,38235.0,-165.082,2385.0,8
37154749,71259,1715,108,15.0,54048.3,-165.0,1455.0,9
67779940,33633,2261,88,-29.0,23745.0,-180.0,2279.0,5
33842108,55760,1875,15,-29.0,23673.0,-180.0,2400.0,6
41017529,67332,631,56,-29.0,29505.0,-180.0,2400.0,7
40631606,22301,249,7,-29.0,16095.0,-180.0,1356.0,3
56783728,46666,1194,227,-29.0,21465.0,-180.0,1875.0,5
4166269,16697,783,0,435.0,25965.0,7.5,525.0,3
3945219,6414,38,2,345.0,19215.0,0.0,855.0,3
56904472,39003,424,32,-75.0,15031.0,-105.0,1725.0,3
11357573,11173,192,18,1.0,19755.0,-165.0,645.0,4
45109234,39193,767,96,-29.0,24283.8,-180.0,1575.0,7
56690843,51965,1248,66,-29.0,24735.0,-180.0,2385.0,8
42340388,24498,1173,78,-29.0,23184.6,-180.0,1365.0,7
9269087,19238,257,28,15.0,19095.0,0.0,825.0,1
70017248,69741,6876,45,-29.0,26475.0,-180.0,2400.0,8
36500807,20210,469,52,-29.0,21795.0,-169.0,1125.0,6
147718,2651,65,45,297.0,18405.0,2.0,765.0,1
34911518,25601,383,7,-29.0,20955.0,-135.0,2400.0,2
244079,2155,1,16,465.0,20055.0,2.0,1125.0,2
13296070,22873,391,8,1.0,18547.0,-173.5,1395.0,2
121664,3746,94,77,165.0,28845.0,-3.0,1185.0,1
56974779,25604,759,34,-29.0,20235.0,-180.0,1597.78,2
51526526,12998,1832,29,-29.0,27045.0,-180.0,2059.0,1
42704288,47072,1285,49,-29.0,23685.0,-180.0,2343.75,7
57660056,96994,3006,133,-29.0,37206.0,-180.0,2355.0,10
57369022,39371,1240,11,-29.0,16815.0,-135.0,1935.0,4
78251336,184461,8106,70,-350.625,59610.0,-180.0,2400.0,10
54801141,33332,356,5,-29.0,14895.0,37.5,1395.0,2
72751991,35117,705,22,-29.0,33708.7,-180.0,2141.16,6
29897731,25187,490,40,-29.0,15675.0,-180.0,2257.13,4
36357473,31839,634,88,-159.0,24375.0,-165.0,1115.0,7
13736936,6482,505,15,1.0,27555.0,-174.495,915.0,3
37288224,20098,1494,54,-29.0,31725.0,-135.0,2370.0,1
251088,6001,387,115,255.0,25335.0,2.0,1185.0,1
88480987,52670,1834,67,-29.0,27408.4,-75.5,2204.5,7
68364735,17669,293,0,-29.0,14445.0,-116.25,2343.75,1
48608142,28584,2780,26,-29.0,21075.0,-165.0,2265.0,6
6801198,17983,883,14,305.924,18365.0,1.0,615.0,3
70990039,79486,5167,48,-29.0,27105.0,-180.0,2385.0,6
58320379,34447,2535,33,-29.0,20097.3,-180.0,2333.85,6
1908018,5561,215,42,319.0,26595.0,3.0,765.0,3
73666392,30113,1489,20,-29.0,25078.5,-165.0,2400.0,9
33202713,21796,983,56,-15.0,30855.0,-15.0,1005.0,6
62090339,123511,1819,70,-29.0,44033.0,-140.529,2400.0,7
71606243,69912,2202,94,-190.625,26235.0,-180.0,2385.0,8
29424929,32553,821,83,-29.0,35595.0,-165.0,2367.5,5
48454347,13701,675,8,-29.0,17066.0,-15.0,1455.0,5
19003249,10243,281,17,1.0,18465.0,-72.5066,645.0,3
33516441,15756,398,10,-29.0,23500.0,-165.0,735.0,5
29394015,32820,1049,102,-1240.54,23443.0,-200.0,1875.0,9
34639105,102028,1910,1,-29.0,32895.0,-257.474,2400.0,8
46373354,68553,1010,27,-29.0,39525.0,-149.084,2365.52,6
62374745,34325,905,6,-29.0,22845.0,-155.63,2169.22,2
37175491,20874,728,51,-29.0,25185.0,-180.0,1830.5,6
62309111,49656,1109,63,-29.0,26065.5,-180.0,1665.0,7
33863073,18900,789,73,-29.0,22635.0,-180.0,1785.0,7
35736229,18785,417,15,-29.0,16137.6,-165.0,1365.0,4
65906280,85489,2944,151,-29.0,34289.0,-180.0,2400.0,6
60784748,146735,4994,223,-29.0,39585.0,-180.0,2398.5,10
9442809,21379,37,21,-11.5,18382.2,0.0,452.114,2
41757744,33512,2020,207,-29.0,31049.1,-180.0,2265.0,5
78625754,91748,5669,24,-241.649,27345.0,-15.0,2374.24,10
804313,5395,27,11,301.0,24195.0,3.0,855.0,8
59233763,45308,2544,66,-29.0,31755.0,-165.0,2110.27,9
106612,3070,59,6,345.0,25305.0,2.0,1185.0,1
52557713,30340,2541,26,-15.0,23625.0,39.0557,2291.5,5
9227947,16478,83,5,27.5,22905.0,-17.0,1335.0,2
66318856,19002,563,39,-29.0,19645.0,-165.0,1155.0,1
13113862,14284,110,5,7.5,14955.0,-180.0,1140.0,2
59966737,97968,3784,255,-15.0,41099.4,-141.0,2340.0,10
64253515,53181,3294,36,-29.0,21375.0,-180.0,2265.0,5
96447996,46880,6785,84,-29.0,29925.2,-180.0,2400.0,8
15074214,17507,1071,63,15.0,22305.0,-165.0,765.0,1
50892387,38210,4170,58,-29.0,20685.0,-165.0,2400.0,5
116806,4193,39,9,165.0,29565.0,-5.0,735.0,8
73123168,79862,1901,6,-29.0,21557.0,-180.0,2400.0,1
11436255,7448,125,10,16.28,16919.2,-105.0,495.0,3
28033639,12453,754,24,1.0,19230.0,-180.0,1245.0,5
58848301,40031,361,16,-29.0,17775.0,-180.0,2104.5,5
63292359,51562,1789,52,-29.0,25541.3,-180.0,1515.0,8
13364710,10052,199,26,45.0,19605.0,-169.08,1005.0,7
28920582,30074,609,54,-29.0,29475.0,-51.6064,945.0,8
69582529,79790,6717,59,-29.0,51735.0,-180.0,2400.0,2
35427356,28859,1230,43,-29.0,20055.0,-180.0,1335.0,6
69732501,27728,1506,29,-29.0,30060.0,-135.0,2205.0,10
14264949,24236,606,1,1.0,38085.0,-165.0,1785.0,1
74725857,54534,1524,144,-29.0,30195.0,-180.0,2400.0,6
344840,6269,169,117,105.0,31456.7,1.0,1005.0,1
43711117,31314,351,39,-29.0,23157.7,-135.25,1245.0,4
59616270,42698,1959,36,-29.0,21660.0,-87.0,2385.0,6
35051517,13795,683,47,-29.0,20985.0,-180.0,1275.0,7
15128562,19388,259,28,2.89941,25226.9,-135.0,1035.0,1
75806677,127303,7962,269,-29.0,36765.0,-180.0,2400.0,10
68196428,33321,1307,43,-29.0,23945.0,-180.0,2351.41,5
60946532,42237,943,50,-29.0,24345.0,-174.0,839.0,7
29812998,6188,1134,7,-29.0,24285.0,-135.0,2055.0,9
55070913,35503,854,34,-29.0,20985.0,-180.0,1505.5,6
11585086,10835,1290,2,1.0,22859.0,10.0,525.5,1
45612066,49442,1489,72,-29.0,27255.0,-180.0,2175.0,7
18093873,23170,743,24,1.0,18255.0,-45.0,1785.0,2
37929778,40883,592,63,-29.0,28199.3,-167.0,2355.0,6
89919628,53365,5217,196,-29.0,30645.0,-165.0,2385.0,6
23354184,26903,649,36,1.0,35353.8,-60.75,735.0,8
13146798,21753,121,4,1.0,16815.0,-165.765,1259.5,2
14409896,4496,20,6,1.0,15165.0,-180.0,507.462,2
37570494,11298,284,24,-29.0,15813.6,-179.0,945.5,3
31269463,31798,2833,65,-29.0,27705.0,-172.0,2235.0,9
1249219,4631,82,15,301.0,25365.0,1.0,675.0,8
559533,5905,42,71,315.0,22755.0,1.0,885.0,1
69996,3570,34,79,315.0,20805.0,1.0,945.0,1
62995779,61968,10908,29,-29.0,27720.0,-180.0,2400.0,4
36868858,27056,1727,45,-15.0,39315.0,-165.0,3018.75,5
11813110,17518,69,25,5.0,22373.5,10.0,1652.16,2
51377104,28017,1463,80,-29.0,34455.0,-179.0,2340.0,6
34494141,41507,1372,41,-29.0,23430.0,-177.5,2306.25,7
73317423,28789,1295,8,-29.0,15047.2,-93.5,1905.0,4
34160738,28981,806,75,-29.0,21652.1,-180.0,2400.0,7
29416734,21692,847,45,-29.0,33105.0,-149.999,1145.4,6
54659678,35184,856,104,-29.0,28335.0,-45.0,1650.0,4
34527473,30839,1553,39,-29.0,31213.6,-168.689,2385.0,7
714673,4044,47,13,301.0,26899.0,1.0,675.0,7
14116476,5181,58,9,20.0,15645.0,-50.0,675.0,2
35518188,29355,1413,110,-29.0,29847.0,-170.228,2085.0,6
11660471,15810,483,12,301.0,18705.0,-136.042,735.0,2
96349462,46020,711,38,-29.0,22964.6,-180.0,2175.0,6
5356370,9167,505,8,301.0,21135.0,1.0,675.0,2
82836212,58167,2360,57,-872.877,25373.0,-147.0,2355.0,7
43732736,34330,3271,84,-29.0,24982.0,-180.0,2325.0,9
45772757,42152,1746,108,-15.0,46410.0,-15.0,2355.0,8
3745729,7698,339,23,320.0,20085.0,1.0,705.0,7
11698380,16478,826,43,1.0,57595.8,-180.0,1800.0,8
34869321,26664,3289,82,-29.0,43155.0,-180.0,1665.0,7
93698697,38508,3692,86,-29.0,29993.0,-165.0,2355.0,10
47021443,54132,1145,77,-15.0,28545.0,-105.0,2145.0,6
51134816,43038,1711,50,-29.0,26745.0,-180.0,1695.0,5
30940090,7407,206,5,-29.0,15139.0,-75.0,795.0,2
93758124,18418,1221,36,-15.0,30150.0,-165.0,2295.0,8
77078753,65879,2656,3,-29.0,55005.0,-180.0,2362.5,1
928009,11695,804,44,15.0,32325.0,1.0,1395.0,1
50563448,72693,3642,116,-29.0,64491.0,-180.0,2385.0,10
32614529,15565,403,36,15.0,26535.0,-173.0,780.0,5
24362266,14785,3455,83,1.0,24855.0,-165.0,1245.0,1
80866876,29843,1263,31,-29.0,31965.0,-105.0,2370.0,8
52577127,27511,1544,6,-29.0,19155.0,-105.0,1988.32,2
5429040,11819,1006,11,315.0,20775.0,1.0,495.0,6
56893141,24146,1013,37,-29.0,20325.0,-180.0,2400.0,2
14375455,9275,507,16,1.0,18315.0,-176.75,1185.0,2
700813,6399,229,47,315.0,20145.0,3.0,1096.0,1
61406757,29204,1817,45,-30.0,22455.0,-40.9505,2400.0,6
27912365,9271,395,31,15.0,22515.0,-180.0,726.0,5
64089732,40628,2049,19,-29.0,31896.5,-180.0,1755.0,8
85412112,22574,1344,10,-29.0,21783.0,11.0,2370.0,6
48695322,67645,3085,101,-29.0,48825.0,-180.0,2080.2,8
48260847,42020,1648,68,-29.0,30113.0,-180.0,1845.0,6
62604132,32090,1765,13,-15.0,27594.0,-180.0,2400.0,10
74154894,81577,2977,53,-29.0,27825.0,-165.0,2115.0,10
168488,1195,8,6,603.0,27765.0,2.0,525.0,3
274283,826,20,5,315.0,7815.0,-4.0,465.0,2
26369914,5522,263,10,1.0,16312.5,-170.783,1130.78,4
1757461,2247,9,5,645.0,26745.0,1.0,495.0,2
37634067,47560,1532,86,-29.0,26655.0,-165.0,2385.0,9
60605814,131411,3136,96,-29.0,54135.0,-180.0,2386.83,10
91730915,29308,1184,52,-29.0,21345.0,-165.0,1738.5,6
63522914,27842,1493,23,-29.0,19621.0,-164.5,2355.5,5
62906815,145133,10680,153,-29.0,37245.0,-180.0,2400.0,9
65597225,57896,3099,163,-29.0,29775.0,-250.679,2415.0,8
55627631,41831,1120,35,-29.0,20085.0,-180.0,1630.39,8
16167895,13553,165,7,15.0,26309.6,-180.0,679.5,3
29046800,72782,539,39,-29.0,41835.0,15.0,2355.0,1
80218929,92911,2755,60,-29.0,48397.5,-180.0,2355.0,10
55435632,18412,991,74,-29.0,24532.5,-165.0,2385.0,7
48829531,57997,3205,48,-342.414,28995.0,-180.0,2505.0,8
85280812,17483,2622,34,-29.0,22997.0,-180.0,1786.0,8
28135247,4480,301,7,1.0,19273.0,-180.0,705.0,4
50652786,53683,2220,58,-29.0,31127.0,-75.0,2234.96,7
6053464,12086,333,21,308.0,19875.0,1.0,1065.0,5
59009141,45633,1026,23,-29.0,22335.0,-180.0,2348.25,5
49210527,73341,4315,93,-29.0,24465.0,-180.0,2265.0,7
93040300,79990,5394,98,-29.0,27675.0,-172.854,2385.0,5
35750087,66984,1289,47,-29.0,19248.6,-151.0,2006.26,2
68263042,39456,753,27,-29.0,24405.0,15.0,2074.01,2
36346514,14479,1474,172,-29.0,22965.0,-165.0,1575.04,10
89785965,12799,552,16,-29.0,20505.0,-15.0,2400.0,2
919790,3334,75,55,307.0,25755.0,-4.5,555.0,1
57473037,30058,2819,34,-29.0,28335.0,-180.0,2327.0,9
59403326,29109,2058,33,15.0,25245.0,-105.0,2235.0,9
28500207,25787,4126,29,-195.0,22384.0,-180.0,2222.36,6
95753019,48466,7159,44,-15.0,29025.0,-165.0,2400.0,5
70893587,85485,1899,21,-345.96,21928.6,-165.0,2355.0,10
9539030,16604,673,35,45.0,25275.0,-15.0,825.0,2
95490170,56372,2234,146,-31.0,21525.0,-180.0,2347.5,9
39491827,21966,1106,89,15.0,26730.0,-180.0,1305.0,7
38291606,35464,795,138,-29.0,21645.0,-135.0,2385.0,4
6193477,13134,987,77,315.0,21997.5,1.0,1485.0,1
63553145,55942,2943,101,-29.0,25582.2,-180.0,885.0,8
12957836,21992,597,5,15.0,25532.8,-75.0,885.0,3
66704741,47994,3150,81,-15.0,61425.0,-180.0,2385.0,10
32916053,29532,1086,61,-29.0,26535.0,-165.0,1845.0,9
14982135,15316,3613,35,1.0,25425.0,-45.0,1800.0,4
11787273,19591,55,41,15.0,18465.0,-173.0,765.0,1
37435901,30258,881,127,-585.0,24933.0,-180.0,2295.0,6
444823,3045,57,33,315.0,25635.0,1.0,1185.0,8
1794210,5945,225,363,301.0,18903.0,2.0,1500.0,1
76071635,32491,2090,80,-29.0,30345.0,-265.0,2400.0,5
68408784,32091,2125,54,-29.0,30510.0,-484.003,2400.0,10
29082822,9458,382,27,-29.0,21045.0,-80.0,735.0,8
35233399,129037,3280,59,-29.0,96075.0,-180.0,2400.0,10
50211341,47471,3483,89,-29.0,46995.0,-180.0,2325.0,10
52999065,26736,2622,69,-29.0,24875.2,-173.0,2400.0,8
59358800,25557,1684,57,-29.0,24349.0,-180.0,2400.0,8
36834813,43119,898,107,-15.0015,33905.0,-107.746,1185.0,10
8196998,18509,1219,91,1.0,36225.0,1.0,1800.0,7
6146864,9727,351,17,301.0,21255.0,1.0,855.0,1
59891545,31761,1221,95,-29.0,20085.0,-180.0,1455.0,6
39983780,56582,1911,30,-29.0,20502.2,-120.0,1985.0,5
10098869,13568,431,42,315.0,23140.0,-0.666992,1500.0,5
68044624,100,36,0,1.0,14730.0,-135.0,735.0,2
140703,1658,0,18,375.0,26865.0,2.0,1185.0,1
89552813,34739,2487,12,-29.0,21167.0,-180.0,2325.0,7
66352604,34477,1322,45,-285.0,24099.0,-177.957,2175.0,5
46355,3999,371,43,315.0,26505.0,2.0,1143.0,1
34554962,35282,1800,60,-29.0,33945.0,-165.0,1139.0,10
31198704,8297,365,32,-29.0,20077.5,-180.0,1035.0,5
56255833,44064,596,55,-29.0,28969.0,-180.0,2385.0,7
31790191,8077,359,46,-15.0,20540.0,-165.0,945.0,3
57609004,64144,3107,46,-29.0,33916.0,-180.0,2235.0,7
7511382,18683,614,68,303.0,33825.0,1.0,975.0,9
37602605,20268,280,43,-15.0,23777.0,-180.0,975.0,6
43879123,32970,1387,52,-29.0,21487.5,-180.0,1995.0,5
34210481,38732,1107,69,-29.0,25859.0,-52.5,1905.0,10
42008751,26293,1559,87,-585.0,21655.0,-180.0,2325.0,4
934438,7794,209,10,301.0,30465.0,1.0,577.0,8
77809915,107102,3238,54,-29.0,33465.0,-105.0,1830.0,8
49854271,40346,569,30,-29.0,26001.0,-180.0,2295.0,6
68080965,61764,1238,61,-29.0,17062.3,-105.0,2163.64,5
977287,387,15,0,315.0,5685.0,1.0,435.0,2
42676397,8042,1214,0,0.0,14985.0,-165.0,1395.0,1
34523116,23414,145,64,-149.0,17356.9,-180.0,1260.0,3
37375636,39864,1591,231,-29.0,19515.0,-180.0,1695.0,7
68179284,18263,1983,80,-29.0,24795.0,-180.0,2385.03,2
35648730,33608,1433,41,-29.0,23190.0,-180.0,1575.0,8
12149228,16157,7235,28,15.0,25515.0,-165.0,765.0,8
90119030,31332,2725,37,-29.0,23025.0,-165.0,2325.05,7
32940369,38733,3020,44,-29.0,39585.0,-180.0,2400.0,10
140540,1997,8,41,405.0,28935.0,1.0,435.0,7
28179535,14192,366,83,1.0,19265.0,-180.0,675.0,4
57432321,20590,1272,15,-29.0,19215.0,-180.0,2158.81,3
13814194,13405,325,18,1.0,25575.0,-6.60046,1800.0,3
82506607,25724,78,30,-29.0,17810.3,-142.5,855.0,1
52321279,11143,101,4,-29.0,15000.0,-75.0,1035.0,2
64931713,72774,982,34,-35.0,34785.0,-180.0,1635.0,8
60139281,77778,2851,63,-285.212,26151.0,-180.0,1882.79,8
12245263,2063,213,2,1.0,14925.0,-48.5,885.0,1
13338743,23655,134,13,15.0,23794.5,-45.0,1785.0,3
36920682,27084,950,83,-29.0,19785.0,-180.0,2370.0,7
75263380,66798,1604,91,-29.0,26865.0,-180.0,1553.1,7
45292515,10580,477,56,-29.0,16185.0,-180.0,1365.0,4
35716135,24650,357,15,-29.0,17970.5,-165.0,975.0,3
60992587,56064,3626,141,-29.0,33675.0,45.0,2365.0,8
6508283,20000,584,18,-15.0,18345.0,-96.0,2250.0,2
38150633,39987,3143,124,-165.0,40185.0,-180.0,2235.0,10
66448095,45374,3456,163,-15.0,47025.0,-105.0,2355.0,8
47148086,25388,712,39,-29.0,19860.0,-180.0,2055.0,4
62512389,38919,1016,18,-29.0,25755.0,-105.0,2115.0,9
75632366,79982,5102,179,-29.0,42345.0,-165.613,2385.0,9
91294711,71325,5522,44,-29.0,27645.0,-180.0,2355.0,10
45097147,18200,1496,46,-29.0,31995.7,-180.0,1970.63,5
61307713,155131,922,84,-29.0,23985.8,-81.1416,2397.25,8
45850956,15606,700,129,-29.0,22845.0,-180.0,1275.0,4
92292139,47454,3322,56,-29.0,42825.0,-180.0,2370.0,6
56597927,54462,2842,55,-29.0,26249.9,-180.0,2385.0,8
55762687,27125,953,29,-202.064,22365.0,-180.0,1035.0,8
66535027,32309,2252,11,-285.0,18749.2,-391.423,2400.0,5
57950411,79766,6040,121,-29.0,38170.5,-180.0,2400.0,10
58686247,21641,243,40,-29.0,18225.0,-143.387,2362.05,4
76592057,43394,1292,42,-29.0,23055.0,-15.0,2355.0,5
67400868,24839,647,8,-679.83,16425.0,-180.0,2095.22,4
73963102,47353,1043,29,-29.0,22880.0,-180.0,1875.0,10
75528162,93480,2132,176,-29.0,50451.0,-180.0,2235.0,10
89758084,17035,2404,11,-15.0,22005.0,45.0,2385.0,8
39666838,30456,1270,92,-29.0,22275.0,-120.0,2085.0,7
317011,5277,26,26,405.0,25245.0,1.0,855.0,1
73858073,23309,360,9,-29.0,11470.0,45.0,1515.0,3
13400251,17481,737,2,1.0,17085.0,-37.746,765.0,2
51545546,64231,1435,389,-29.0,19455.0,-180.0,2385.0,5
49395269,28243,1454,23,-29.0,15345.0,15.0,2392.5,6
86418429,66106,2421,35,-135.0,28005.0,-180.0,2355.0,7
71177632,67577,2575,91,-29.0,29129.7,-180.0,2340.0,10
69108628,118678,9204,136,-29.0,39345.0,-180.0,2400.0,10
36443055,27170,1270,53,-29.0,25355.0,-165.0,2340.0,6
26457307,69896,9440,0,1.0,40286.9,-180.0,1800.0,1
27868988,12869,1219,21,-214.902,21203.0,-59.0,1065.0,3
67441964,11692,368,66,-29.0,22395.0,-180.0,1695.0,3
8239174,16867,943,39,-120.0,20273.0,1.0,813.045,3
14309696,13397,399,24,5.86694,34175.0,-69.6984,1665.0,3
63970594,68147,2097,102,-29.0,23335.0,0.0,2400.0,8
43746756,39235,3366,47,-29.0,45765.0,-180.0,2385.5,9
79926286,83133,7479,26,-285.004,37755.0,-180.0,2385.0,5
24850344,24188,1678,34,1.0,22465.0,-180.0,1725.0,4
74730213,14425,502,5,-29.0,17983.0,-180.0,2355.0,2
48618693,181429,4125,178,-29.0,56025.0,-157.5,2400.0,10
53820790,24704,765,81,-29.0,21885.3,-165.0,2385.0,6
17271415,18690,385,30,1.0,22598.9,-165.0,1575.0,5
54899406,19387,1048,35,-29.0,20565.0,-165.0,1035.0,6
57102172,16751,1681,25,15.0,19860.0,-180.0,2287.0,8
93089296,69131,3917,39,-29.0,26771.6,-117.69,2389.8,5
12178580,10658,751,10,15.0,15825.0,-166.849,735.0,4
31280642,13444,501,16,-29.0,18465.0,-165.0,1655.25,3
14267191,20433,129,6,1.0,15532.5,-165.0,855.0,3
49807324,13001,599,4,-29.0,19815.0,-180.0,2205.0,2
92096673,45337,1548,34,-29.0,26805.0,-135.0,2175.0,6
40799640,38342,259,43,-29.0,25283.6,-134.999,1574.99,5
79575587,110967,3461,105,-29.0,49455.0,-180.0,2400.0,10
88108583,33159,2038,14,-29.0,34100.3,-180.0,1995.0,10
43646211,118921,1278,102,-29.0,40710.0,-166.0,2025.0,10
18257585,10234,557,53,1.0,18699.4,-180.0,1485.0,2
110109,3051,104,261,225.0,29445.0,-3.0,1200.0,1
56158794,77455,4519,55,-495.0,38385.0,-180.0,2385.34,8
89187744,69454,2620,97,-29.0,28753.2,-180.0,2002.5,8
79000000,20351,1811,184,-29.0,120705.0,-165.0,2400.0,1
77002501,64458,2775,85,-240.0,38895.0,-165.0,2392.5,9
44068726,32690,255,42,-29.0,20355.0,-180.0,1116.21,5
8242166,13467,299,6,585.0,21675.0,1.0,1215.0,2
107946,5054,115,349,315.0,25215.0,1.0,945.0,1
52478506,28388,740,46,-29.0,17775.4,-180.0,1485.0,6
32142382,9832,284,21,-29.0,22065.0,-120.0,1020.0,4
661286,5933,82,34,315.0,26265.0,1.0,915.0,7
57473912,67154,2949,66,-29.0,31395.0,-165.0,1695.0,9
49755752,111839,2231,165,-29.0,26610.9,-180.0,2355.0,10
19288971,40201,1360,98,15.0,26385.0,-180.0,1788.75,8
92251385,39281,3165,36,-29.0,24992.7,-96.5864,2325.0,8
73694082,53576,1579,121,-29.0,34118.9,-165.0,2400.0,8
39576489,33088,634,63,-15.0,30885.0,-135.0,1635.0,5
15132803,9659,631,6,1.0,24940.8,-165.0,825.0,3
28151682,8444,639,23,1.0,18261.0,-134.5,885.0,4
86771711,16552,1100,1,-29.0,18435.0,-180.0,2285.62,1
75776048,79990,1468,65,-29.0,39165.0,-180.0,2385.0,8
90752263,39293,1578,36,-29.0,24405.0,-164.01,2385.0,2
65364373,87881,3075,43,-29.0,26879.8,-180.0,2196.37,5
13367607,29456,356,19,160.595,16575.0,-133.066,910.941,2
47813776,48772,2147,131,-29.0,24495.0,-180.0,2357.42,9
29241170,17006,644,35,15.0,25305.0,-175.5,1027.5,5
52205960,13412,421,15,-29.0,18495.0,-179.829,2086.09,4
51053748,33339,1394,51,-29.0,22845.0,-180.0,1875.0,5
124052,2389,22,3,315.0,24945.0,2.0,675.0,6
32243307,32757,1137,66,-10.0,30195.0,-165.0,1785.0,10
90471222,115637,9335,79,-300.5,38445.0,-180.0,2400.0,8
45887485,33158,2599,49,-29.0,27279.7,-180.0,2111.55,6
28088958,14542,855,33,15.0,24495.0,-165.0,1509.13,5
1314024,2116,48,2,15.0,24779.0,1.0,765.0,4
28154062,29934,3505,687,-75.0,30670.8,-165.0,1770.0,7
35284138,33701,453,62,-29.0,26855.5,-43.1605,2055.0,7
93101466,49766,1488,50,-29.0,24555.0,-180.0,2265.0,7
27749048,5927,176,5,1.0,18672.7,-135.0,1305.0,4
27880864,12098,231,37,1.0,25485.0,-180.0,765.0,6
29917082,68599,1685,184,-5717.04,23750.6,-975.0,1957.0,10
82328634,34811,4236,24,-29.0,22665.0,-6.5473,2355.0,5
151245,2038,33,2,465.0,28005.0,2.0,333.0,4
35136617,14420,416,49,-29.0,20018.6,-180.0,675.5,5
60059338,20029,3634,37,-29.0,25223.0,-180.0,2295.0,8
87078347,156122,5047,161,-29.0,59205.0,-180.0,2400.0,10
50772868,44759,2052,24,-29.0,34515.0,-180.0,2295.0,7
42339959,18768,616,56,-29.0,23505.0,-180.0,1545.0,6
77151125,24595,3470,47,-29.0,29896.5,-180.0,2355.0,3
48713988,64330,3641,142,-29.0,30651.7,-210.0,2175.0,8
71447812,30633,2973,64,-29.0,26895.0,-180.0,2402.86,8
85035696,26012,1335,60,-60.9961,32235.0,-180.0,2400.0,7
11941828,4740,1,23,15.0,19125.0,-53.0,811.0,2
1322487,6484,385,34,321.0,30015.0,1.0,885.0,7
76605391,62880,2093,1,-29.0,17529.7,-180.0,1826.09,1
8099154,16590,387,21,15.0,18989.3,-121.0,735.0,2
33545237,12763,360,17,-29.0,21525.0,-75.0,1875.0,4
37218505,109924,2466,215,-29.0,52125.0,-180.0,2400.0,10
12208223,13322,16,24,1.0,19210.0,-70.0,779.0,3
81377553,238775,10414,177,-29.0,63825.0,-165.0,2400.0,10
39732335,4961,3667,6,-29.0,56565.0,-144.0,1935.0,10
67381033,26333,2808,30,-29.0,22545.0,-180.0,2113.0,6
57291653,24470,2060,32,-29.0,24571.0,-165.0,2400.0,7
1116046,4252,202,21,375.0,28635.0,7.0,1185.0,4
32022522,7117,988,10,-15.0,19095.0,-175.0,1635.0,3
82359926,24995,2359,10,-29.0,17445.0,-165.0,2355.0,6
16589490,26383,1973,49,1.0,22041.2,-76.0,1245.0,3
28930680,18353,658,29,-15.0,26445.0,-165.0,2400.0,7
57168782,23386,2573,17,-29.0,19935.0,-180.0,2355.0,3
49508604,59714,789,133,-29.0,28755.5,-60.0,2356.65,8
33827728,48778,3516,148,-29.0,27238.0,-180.0,2115.0,9
76186935,90938,1584,70,-29.0,27195.0,-150.0,1635.0,9
59004671,52422,2872,24,-29.0,20505.0,-165.0,2382.61,5
52797005,31195,1048,49,-29.0,23925.0,-180.0,2325.0,7
28636863,17050,1019,96,-29.0,37545.0,-180.0,1605.0,8
55587141,81122,2641,49,-29.0,28185.0,-180.0,1547.0,8
8134957,16259,633,52,312.0,31665.0,1.0,825.0,9
56568010,143880,5459,42,-29.0,39885.0,-135.0,2235.0,10
62548661,35207,2765,212,-29.0,26475.0,-180.0,1875.0,8
26095850,16370,538,16,-393.52,18983.0,-180.0,1785.0,3
58246921,146140,7402,8,-29.0,42315.0,15.0,2340.0,1
65106,2002,36,2,585.0,27707.0,1.0,574.5,4
48493005,76181,434,49,-29.0,28887.0,-180.0,1620.0,9
37712174,21544,1365,107,-29.0,19147.0,-180.0,2392.5,3
95141546,38262,1730,45,-165.0,41085.0,15.0,2226.33,9
88329895,38605,1004,42,-29.0,30136.2,-147.316,1845.0,8
46705022,37759,1751,40,-29.0,21083.5,-180.0,2340.0,7
16340126,4631,5,0,15.0,10790.0,-165.0,630.0,2
28010109,14122,419,23,1.0,21425.7,-180.0,1145.77,5
37269362,13251,798,28,15.0,24599.0,-138.767,1515.0,6
184966,4192,206,179,315.0,20775.0,1.0,1191.0,1
82272938,22692,1484,1,-29.0,58935.0,-180.0,2337.5,1
66960655,90000,5674,0,-29.0,44452.4,-180.0,2387.69,10
60457489,31695,1071,172,-29.0,20955.0,-180.0,2167.0,6
15173182,29990,672,17,-896.75,16027.0,-1938.76,2675.04,2
72969191,183517,6424,112,-142473000000000.0,40279.5,-165.0,2385.0,10
29267493,17833,871,46,-29.0,27571.5,-180.0,2400.0,6
75944324,23600,407,73,-29.0,21640.2,-165.0,2201.29,8
47027000,153209,1806,43,-29.0,29115.5,-180.0,2018.0,10
74506948,20432,391,5,-29.0,14435.0,-120.0,1185.0,2
37532886,27500,629,24,-315.0,17985.0,-180.0,1872.0,4
1215630,10148,319,22,327.0,29865.0,1.0,555.0,9
27937858,18010,594,36,1.0,25511.0,-159.7,1410.75,5
56253412,58597,1538,2,-29.0,17281.0,-180.0,1805.7,2
47932761,24691,1488,16,-29.0,18075.0,-165.0,2355.0,6
28854503,15971,65,24,-29.0,21945.0,-165.0,1740.0,4
52136166,34968,535,15,-29.0,23625.0,-88.0,1964.5,5
14217532,7199,320,20,1.0,19935.0,-165.0,1306.0,3
49994214,79218,3527,69,-29.0,89055.0,-180.0,2385.0,10
44984184,26872,527,29,-29.0,21760.0,-135.0,1095.0,6
59254281,24291,474,40,-29.0,19440.0,-122.5,1320.0,6
411459,2619,26,8,525.0,26415.0,1.0,495.0,5
57304701,45391,1007,49,-29.0,23790.0,-180.0,2400.0,9
29721755,37710,1091,51,-29.0,23707.3,-169.0,2400.0,8
95459650,72586,3407,22,-87.2227,25214.2,-180.0,2325.0,1
94890873,71354,4699,14,-29.0,28516.1,-165.0,2385.0,10
87619171,27225,2166,119,-29.0,27557.0,-165.0,2325.0,7
64930910,78198,2569,93,-29.0,31350.0,-105.0,2370.0,10
59621323,50322,2662,20,-29.0,24528.0,-180.0,2389.0,6
75518661,241875,6995,367,-29.0,58100.0,-180.0,2400.0,10
11465943,29353,19,5,555.0,12385.0,-15.0,1305.0,3
90895428,27163,1593,27,-29.0,23553.0,-53.0,1755.0,5
27998373,6761,401,11,-1600.72,20445.0,-15.0,1215.0,3
86716368,179580,3290,110,-29.0,21517.5,-158.898,2374.76,9
54779397,42983,1419,83,-59.0,28695.0,-165.0,1995.0,7
45694540,23236,1363,54,-29.0,21615.0,-165.0,2325.0,6
29230776,22921,1222,50,-29.0,26255.0,-124.283,2385.0,7
50769602,54182,530,23,-29.0,23925.0,-180.0,1562.18,6
43976540,39914,4440,100,-29.0,35004.5,-165.0,1275.0,5
39180479,70988,2108,36,-29.0,26745.0,-214.052,1836.91,8
60467278,99,41,3,-29.0,14745.0,-168.0,1485.0,2
57378021,47635,1250,196,-29.0,24975.0,-180.0,2040.0,7
461472,5681,110,28,315.0,26175.0,1.0,555.0,8
66394604,66258,9603,1,-29.0,71475.0,-180.0,2400.0,10
59073467,20297,458,17,-29.0,18665.0,-180.0,1155.0,2
64735621,65110,876,52,-29.0,25483.5,-180.0,2355.0,8
60621991,75816,3233,24,-29.0,30960.0,-180.0,2320.46,8
11064188,2960,21,4,135.0,26543.4,-45.0,449.25,2
35282689,76146,4580,75,-29.0,79997.3,-180.0,2400.0,8
37030022,49994,3285,508,-29.0,22773.9,-180.0,2385.0,5
56957631,34775,1699,52,-29.0,19257.5,-135.0,2400.0,5
39645160,50008,1959,82,-29.0,28845.0,-72.0,2146.5,9
9228,1004,21,3,495.0,12585.0,2.0,825.0,3
72807604,46011,1749,97,-29.0,30115.7,-175.35,2250.0,8
7828357,14300,516,16,15.0,19785.0,-59.0,885.0,2
160011,2057,44,66,165.0,21465.0,3.0,1200.0,1
12522005,5899,846,6,8.225,26175.0,-69.2875,1605.0,2
34177489,32624,771,73,-29.0,29625.0,-180.0,1815.0,8
50228503,57054,1380,7,-11.0,16065.0,-180.0,1478.64,5
95044315,29094,1005,37,-29.0,25421.0,-15.0,2054.6,8
49983256,48494,452,82,-29.0,22665.0,-180.0,2310.0,7
77592888,111103,2038,120,-29.0,45778.7,-180.0,1793.4,10
95395854,37619,226,0,-29.0,16338.7,-15.0,2325.0,1
42881112,39801,1130,150,-29.0,25785.0,-165.0,2370.0,7
31420516,16492,884,47,-29.0,24024.9,-180.0,1125.0,10
49512054,29665,1455,35,-29.0,24615.0,-180.0,1515.0,6
74542823,20506,516,3,-29.0,12857.5,-180.0,1410.7,2
40323693,34275,444,81,-29.0,18569.5,-180.0,2294.5,6
31993928,34139,2611,108,-29.0,43544.1,-180.0,2400.0,8
20029588,25071,484,45,1.0,24315.0,-180.0,1785.0,8
57099976,34567,1643,29,-29.0,23655.0,-165.0,1640.67,5
89478814,35499,739,72,-29.0,21435.0,-180.0,1441.0,1
93640059,36137,2155,76,-29.0,22545.0,-337.5,2400.0,6
69125,5197,131,46,315.0,17895.0,-3.0,1185.0,1
57789765,74710,1464,119,-29.0,29325.0,-180.0,2145.0,10
28760236,8208,258,14,-29.0,15315.0,-152.0,975.0,3
27671496,9216,456,7,15.0,22502.5,-165.0,1474.0,4
29630142,3031,1627,9,-29.0,18971.0,-179.0,1965.0,4
82528566,11154,3918,2,-29.0,45735.0,-180.0,2295.0,9
39441247,65484,399,37,-29.0,22965.0,-165.0,1349.54,10
60887211,172302,13149,126,-29.0,37043.0,-180.0,2400.0,10
89048483,52613,1105,62,-150.002,23745.0,-180.0,1695.0,8
60682496,44084,2606,18,-29.0,25810.0,-180.0,1755.0,7
76821414,39153,5354,132,-29.0,43025.0,-180.0,2400.0,10
28095214,10560,280,15,15.0,22023.0,-180.0,1365.0,5
44480809,51547,364,43,-29.0,23407.5,-41.25,1185.0,6
82513845,45623,5952,103,-29.0,31755.0,-165.0,2385.0,9
58920935,46047,800,24,-29.0,18712.1,-165.0,1425.0,7
57410372,108079,2951,119,-29.0,31247.0,-180.0,2400.0,10
51353824,24873,1359,61,-29.0,24564.0,-180.0,2235.0,5
30968107,11612,671,65,-29.0,18716.0,-75.0,2400.0,3
44063088,35519,812,48,-29.0,20565.0,-180.0,1439.0,9
35693992,36320,615,68,-45.0,22699.0,-180.0,1992.17,6
62056430,36687,682,163,-29.0,19182.2,-170.5,1669.18,3
64103157,16718,292,4,-29.0,16955.0,-165.0,975.0,2
64856159,34522,1838,68,-29.0,32415.0,-165.0,2400.0,6
90633056,49035,2663,14,-29.0,23775.0,-179.0,2115.0,5
66098838,64622,800,6,-29.0,19215.0,-162.774,2173.01,1
38732364,22959,1659,26,0.0,32385.0,-172.5,1297.59,7
36906582,42455,1021,75,-29.0,33419.0,-180.0,2295.0,8
66152948,10614,390,21,-15.0,15765.0,-172.41,1455.0,2
5298301,20047,1919,20,22.0,31522.5,1.0,765.0,4
14526191,18221,335,23,1.0,19477.5,-76.6308,1545.0,3
63696764,27343,1227,46,-90.0,24707.2,-180.0,2235.0,7
3785,2128,25,0,525.0,27975.0,-3.0,525.0,5
33892016,17691,700,29,-29.0,21226.2,-180.0,1155.0,6
91811777,28659,2052,29,-29.0,24891.0,-135.0,2385.0,9
50133748,22853,356,35,-29.0,29505.0,-90.0,2397.14,7
37332957,26981,851,69,-29.0,24825.0,-180.0,1185.0,8
3317428,5805,120,9,315.0,14092.0,0.800003,885.0,8
86233175,63315,3272,284,-29.0,39245.0,-180.0,2400.0,10
36966088,66134,1303,112,-29.0,24795.0,-180.0,2400.0,10
47310327,21218,1261,76,-29.0,21225.0,-165.0,1515.0,5
93717100,13723,1838,17,-29.0,21105.0,-20.5,2235.0,6
30190181,12803,368,17,-15.0,18840.0,-120.0,1365.0,5
27865766,14810,554,28,15.0,24354.7,-45.0,645.0,6
9114408,20609,1051,8,-48.0,18345.0,1.0,1262.57,1
69487890,93408,1183,89,-29.0,37845.0,-180.0,2385.0,10
35777563,40081,884,81,-29.0,24660.0,-180.0,2325.0,8
41411290,52196,1708,264,-29.0,23115.0,-180.0,2400.0,4
47315218,31241,1330,85,-29.0,21479.0,-180.0,2385.0,5
3325797,9808,117,12,301.0,24195.0,1.0,638.5,2
47783815,27745,1700,29,-15.0,20129.0,-165.0,2400.0,6
32606466,11301,614,14,-29.0,19035.0,-180.0,1502.63,6
96736304,11332,1426,55,-15.0,17583.5,-165.0,1275.0,6
43531807,24682,1390,30,-29.0,25095.0,-105.0,1215.0,6
35366171,41166,485,39,-29.0,24855.0,-180.0,1035.0,7
37888738,15141,365,13,-29.0,22815.0,-89.8127,1050.0,4
38429635,21457,645,60,-29.0,24795.0,-180.0,1815.0,10
90037421,80310,2196,104,-29.0,32287.5,-165.0,2370.0,8
27857651,8139,260,61,1.0,16885.0,-180.0,1475.0,3
33770764,13677,517,29,-29.0,14761.0,-277.497,1245.0,5
1544084,7980,94,15,495.0,30495.0,-4.5,585.0,6
16249242,11727,755,52,-105.0,20241.0,-180.0,1305.0,3
63713595,28940,960,24,-158.0,22095.0,-121.0,885.0,8
84552530,34152,3124,100,-471.643,26309.0,-180.0,1975.54,3
59413155,52308,2152,85,-29.0,28875.0,-180.0,2331.0,10
58791220,28911,741,69,-29.0,28754.0,-105.0,2115.0,8
89951932,21710,1702,56,-29.0,21007.5,-180.0,2355.0,7
92754566,39607,1657,38,-29.0,34959.0,-180.0,2310.0,10
11581772,11611,62,46,15.0,18795.0,-180.0,1455.0,3
83082870,69977,5130,73,-29.0,48690.0,-172.5,2347.79,8
63495545,25494,2244,81,-29.0,25654.4,-105.0,2385.0,5
5049681,19987,231,44,283.5,21937.5,1.0,1480.0,1
82092190,35605,3339,97,-29.0,33945.0,-180.0,2362.25,8
7599504,12191,255,27,-104.0,19423.5,0.25,1143.84,6
73136081,94609,3358,104,-29.0,23085.0,-180.0,2385.0,7
32069232,21222,884,124,-29.0,22629.0,-240.0,1845.0,7
12191390,11080,16,43,22.5841,20955.0,-165.0,588.706,2
32559622,28212,354,18,-29.0,16117.0,-135.0,1065.35,4
30434082,28045,593,0,-29.0,20939.0,-75.0,1425.0,2
51368093,45805,1297,23,-29.0,20835.0,-180.0,2385.0,4
41338463,27212,712,46,-15.0,27555.0,-180.0,1095.0,8
14755579,8352,111,10,1.0,16875.0,-345.0,375.0,3
11274262,2913,0,0,315.0,11115.0,15.0,325.5,8
6458589,14837,558,56,15.0,20685.4,-45.0,1485.0,2
29165461,16834,789,23,315.0,30015.0,-62.45,1425.0,9
54476612,31927,496,12,-29.0,20440.0,-180.0,1918.74,2
61641655,30920,963,168,-29.0,24258.0,-165.0,1575.0,3
1796207,11999,147,27,555.0,22828.8,1.0,699.0,9
11818894,15003,271,16,1.0,21165.0,-15.0,1095.0,3
40922021,66284,1856,39,-29.0,21587.6,-180.0,2366.25,7
91448272,79899,8424,3104,-29.0,44078.7,-154.392,2400.0,10
33985856,16630,669,55,-29.0,15975.0,-180.0,1665.0,2
34224737,13235,211,27,-15.0,15645.0,-135.0,1065.0,2
38142097,55109,2131,162,-148.25,34289.4,-180.0,2400.0,10
55655806,27419,913,77,-29.0,22875.0,-180.0,1493.0,5
465,1076,24,3,195.0,10755.0,2.0,855.0,3
36741360,10607,534,19,-29.0,18465.0,45.0,1515.0,5
56936525,58136,3489,66,-29.0005,41656.4,-180.0,2400.0,10
25721356,16797,10806,8,1.0,23595.5,-165.0,1785.0,3
44343414,25632,783,35,-29.0,20633.0,-180.0,2145.0,7
60383029,128381,3105,148,-29.0,55695.0,-75.0,2355.0,10
57266538,65379,717,31,-29.0,37305.0,-180.0,2355.0,1
57028176,75205,2509,75,-29.0,29115.0,-167.186,2357.19,9
36216543,20213,257,10,-179.0,17625.0,-150.0,1487.59,2
39359328,31760,1678,47,-29.0,30585.0,-180.0,2175.0,10
48029120,30454,592,80,-29.0,18735.0,-180.0,2288.0,5
13833229,19200,533,53,15.0,19365.0,-62.8026,1215.0,3
47574315,76162,511,50,-29.0,36123.5,-165.0,1016.57,9
59003333,40705,3084,19,-29.0,23249.0,-179.0,1755.0,5
9708453,17201,152,21,45.0,19395.0,0.0,515.444,3
86293083,18851,2485,12,-29.0,16755.0,-180.0,2400.0,1
17496044,14605,2991,21,1.0,18894.2,-50.0,1755.0,2
56336014,76838,4731,186,-29.0,57015.0,-180.0,2175.0,10
58321249,55563,602,125,-29.0,35655.0,-168.269,2370.0,10
9063899,12170,99,29,1.0,29599.0,-3.68286,885.0,3
65624034,5262,1923,0,-29.0,33469.2,-180.0,2355.0,2
2396440,4504,83,8,457.0,31335.0,-4.5,1065.0,1
13699667,33188,4803,43,1.0,23727.0,-172.0,1049.0,1
85589465,33504,2006,8,-29.0,31785.0,-172.289,2322.88,7
31785584,36861,1076,251,-29.0,34185.0,-180.0,2355.0,10
13529177,21039,617,44,15.0,22775.0,-120.0,765.0,7
79854661,39990,3633,22,-485.5,31455.0,-405.0,2390.97,7
94981098,193550,3077,137,-29.0,38876.0,-180.0,2745.0,7
133619,3301,14,75,315.0,19455.0,2.0,945.0,1
51547268,33040,1386,62,-29.0,23985.0,-180.0,2265.0,8
45088185,9718,1710,8,-15.0,17271.9,-31.0,1035.0,10
64141841,30145,2317,9,-15.0,22365.0,-131.028,1065.0,3
28255647,17202,810,15,1.0,19198.1,-173.25,1211.85,3
14653485,10038,99,5,-555.0,15227.0,-45.0,1307.5,2
8999997,30409,496,20,14.0,20098.1,-18.5,1158.42,4
1244147,2293,18,4,375.0,24885.0,2.0,705.0,3
4533443,10519,1014,51,301.0,24046.3,1.0,1365.0,1
24259998,19409,937,61,-6784.5,24665.0,-170.0,1800.0,9
42961817,72954,782,67,-29.0,22455.0,-180.0,2400.0,8
46589600,14083,335,6,-29.0,22065.0,-165.0,2400.0,5
27148456,25919,3079,80,1.0,25937.7,-170.681,1750.0,8
52191588,55777,1094,48,-195.0,23264.4,-524.5,2235.0,6
39964950,21244,1283,52,-29.0,20932.5,-165.0,2055.0,8
80683559,46054,2567,38,-29.0,34395.0,-165.0,1860.48,7
56614662,41780,1024,35,-29.0,17115.0,-180.0,2325.0,6
61307385,35921,1290,47,-29.0,20565.0,-180.0,1965.0,8
3340553,14029,791,0,315.0,33495.0,1.0,855.0,3
48808692,339741,5196,550,-29.0,135211.0,-180.0,2400.0,10
13258026,5571,73,13,15.0,17639.0,-56.6191,1654.55,3
1842894,5198,89,0,330.0,25425.0,1.0,405.0,2
11595951,11719,2397,23,8.0,46035.0,-165.0,1777.5,5
38318769,30609,558,110,-6239.0,26240.0,-180.0,2192.0,6
51694267,47276,3906,14,-327.523,24465.0,-180.0,2383.75,8
62769512,58682,4679,28,-29.0,20817.0,-180.0,2347.61,7
49253347,45698,1103,67,-29.0,26519.8,-180.0,1365.0,6
57438968,33012,1920,78,-29.0,20805.0,-180.0,1695.0,6
34362654,9477,330,8,-29.0,20985.0,-180.0,975.0,3
51115607,17467,354,118,-29.0,24765.0,-150.0,1635.0,8
20271866,41562,123,27,1.0,19742.5,-165.0,1800.0,2
52733698,32683,1386,40,-29.0,28095.0,-165.0,1875.0,9
184920,2391,92,35,315.0,28275.0,1.0,345.0,9
37020582,4398,1441,0,-145.0,20385.0,-180.0,1185.0,1
33332500,12692,314,7,-29.0,15045.0,30.0,2400.0,3
54807118,63553,4368,126,-96.2464,22037.3,-148.16,2370.0,5
57376991,28339,1519,107,-15.0,21405.0,-169.0,1215.0,7
33713705,21038,1104,23,-29.0,25897.2,-21.0,945.0,5
528,1017,42,3,195.0,10215.0,2.0,422.0,3
78353144,29012,905,24,-29.0,23545.5,-45.0,2332.5,8
9110646,22463,677,16,63.5,19853.0,1.0,1229.12,3
14699703,9509,640,35,1.0,27195.0,-168.21,855.0,3
34393752,23205,1512,76,-29.0,20685.0,-165.0,2375.0,6
34375333,26376,918,126,-29.0,22155.0,-180.0,2387.01,5
63395980,354766,18601,3,-29.0,23716.342414812898,-180.0,19140.563,3
83746820,70929,2641,33,-29.0,35475.0,-180.0,1801.8,7
49623654,63044,991,77,-29.0,24675.0,-180.0,1485.0,2
68265721,78201,8834,46,-29.0,30375.0,-165.0,2085.0,6
56859910,103331,4863,98,-29.0,59505.0,-165.0,2385.0,10
46426237,29827,1376,40,-29.0,26221.0,-165.0,1965.0,6
12169547,19264,456,0,15.0,22965.0,-180.0,1785.0,1
11130144,2295,19,4,135.0,26384.0,2.0,435.0,2
38054543,32356,716,0,-29.0,37405.0,-60.0,2400.0,1
96943971,194051,18255,64,-29.0,38085.0,-180.0,2210.55,10
21920664,46025,1641,59,1.0,25355.0,-173.357,1129.38,7
57298751,37630,849,73,-15.0,37737.0,-165.0,2070.0,10
38719392,45726,780,99,-29.0,23715.0,-180.0,631.644,7
17649626,23254,88,7,-2023.97,18615.0,0.530014,1155.0,2
52539520,57403,1368,34,-29.0,23055.0,-165.0,1965.0,6
6877843,11286,1591,30,-284.0,19965.0,-15.0,1035.0,3
54679685,37540,1300,70,-29.0,21555.0,15.0,2385.0,5
19709439,10162,400,48,1.0,21855.0,-150.5,975.0,5
51173274,10655,1276,25,-29.0,15219.0,-180.0,2157.0,2
52178550,41972,1286,37,-29.0,26006.2,-169.22,1965.0,7
8691794,14570,389,23,320.0,21855.0,1.0,705.0,5
37842055,52877,2603,85,-29.0,37935.5,-180.0,2400.0,10
49582359,63735,369,185,-29.0,23355.0,-165.0,1815.0,8
58118800,56172,1464,95,-29.0,29237.0,-165.0,2295.0,8
26366424,15946,2044,2,1.0,38775.0,-180.0,1800.0,1
70365234,107409,5669,147,-29.0,29985.0,-137.5,2400.0,10
12057578,23831,1597,39,1.0,19665.0,-175.0,1275.0,8
32198995,41343,1759,95,-29.0,40347.0,-180.0,1180.0,10
4872295,9250,241,66,301.0,19485.2,1.0,1500.0,8
96132130,12253,340,3,-29.0,17445.0,-180.0,1425.5,2
6510002,9442,724,13,315.0,17745.0,0.0,751.027,4
28577725,26593,2174,13,-29.0,28245.0,-165.0,2263.59,6
3784137,7217,255,52,301.0,20835.0,1.0,963.0,1
39875856,34872,1027,72,-29.0,23475.0,-180.0,1875.0,9
51558598,77920,1575,145,-29.0,26756.5,-180.0,2148.0,8
10050600,20005,119,8,198.0,23452.8,-1.0,645.0,5
39428512,57111,5585,71,-29.0,48165.0,-180.0,2295.0,7
54338123,39069,2361,96,-29.0,42345.0,-180.0,2355.0,10
81610234,43392,4510,737,-29.0,25770.0,-180.0,2355.0,8
59032507,16196,742,10,-29.0,22995.0,-15.0,1425.0,2
79322759,115877,6154,92,-29.0,44685.0,-180.0,2325.0,10
43104234,45696,810,52,-29.0,27345.0,-180.0,1755.0,7
48998353,55021,498,21,-29.0,18195.0,-156.0,1155.0,5
6361170,8932,1199,14,315.0,26055.0,1.0,615.0,4
10659339,23533,8,29,-14.0,18975.0,1.0,375.0,2
35625156,37065,2282,71,-6445.21,24735.0,-165.0,2355.0,10
4520861,11326,912,58,315.0,43326.0,1.0,1485.0,5
79984745,39998,7888,23,-29.0,24272.3,-180.0,1845.0,5
8306908,20104,591,18,16.0,26710.0,1.0,1275.0,6
7384662,19647,1513,42,301.0,23824.7,1.0,1124.58,1
87115571,76684,2976,90,-29.0,32235.0,-180.0,2297.25,8
3161712,9692,246,20,375.0,19215.0,1.0,645.0,8
29430891,30762,938,81,-29.0,30405.0,-180.0,1245.0,10
62327288,27512,296,58,-29.0,21765.0,-45.0,1275.0,5
55893842,43472,1152,82,-29.0,25425.0,-180.0,2380.5,7
26949498,18358,1870,15,1.0,18765.0,-180.0,1155.0,3
54536319,51139,1473,74,-29.0,29655.0,-165.0,2265.0,6
544874,5778,233,33,315.0,21285.0,1.0,1200.0,1
60699482,39500,1025,24,-29.0,18188.1,-180.0,2400.0,3
15965336,8897,182,13,15.0,23667.0,-165.0,525.0,3
34044719,30232,46,5,-29.0,22235.0,-180.0,2400.0,2
33218690,42338,358,14,-29.0,17407.5,-120.0,2317.71,10
1239645,1076,15,2,405.0,25005.0,2.0,465.0,2
140672,4110,258,27,45.0,25905.0,-3.0,675.0,1
920137,2875,81,28,315.0,20835.0,2.0,1035.0,1
95495987,67079,7290,46,-211.5,37624.5,-165.0,2355.0,6
80153956,35031,1466,41,-29.0,32445.0,-165.0,2175.0,8
87316498,32070,2038,34,-29.0,32835.0,-180.0,2400.0,10
14247719,14597,147,14,1.0,15647.0,-15.0,765.0,3
57932501,18696,2330,24,-29.0,23355.0,-90.0,2400.0,5
81764520,54953,4392,102,-29.0,66945.0,-165.0,2325.0,10
46143055,18525,891,31,-29.0,18988.5,-180.0,2295.0,6
34528850,37360,1583,82,-29.0,21605.0,-180.0,1035.0,6
71220097,35291,1547,74,-29.0,31615.5,-175.016,2355.0,10
29238291,10770,444,17,-29.0,16545.0,45.0,2400.0,3
5042817,20000,660,23,315.0,25840.0,1.0,689.0,6
51939013,64433,1681,10,-29.0,19785.0,-180.0,2400.0,6
44793604,40407,812,89,-29.0,20055.0,-179.902,2366.0,4
77516716,54273,3450,73,-29.0,25552.8,-180.0,2191.0,8
287971,6304,125,94,345.0,21527.0,1.0,1065.0,1
551979,13002,385,33,-29.0,24431.0,-75.0,1500.0,9
60929446,46442,1657,119,-29.0,26505.0,-165.0,2205.0,8
59576633,47328,1759,7,-29.0,14985.0,-15.0,2325.0,4
11630859,29960,393,35,7.0,18584.5,-61.75,1777.5,2
35327886,44596,433,77,-29.0,25935.0,-180.0,2175.0,9
64932898,46995,178,6,-29.0,15315.0,15.0,2265.0,2
12638235,12368,244,5,1.0,22327.5,-35.4023,1005.0,2
75241218,72731,3203,49,-29.0,26085.0,-180.0,1905.0,10
43865773,27441,697,18,-29.0,24182.0,-157.591,2025.0,8
8405457,15496,1031,9,307.5,21555.0,7.0,435.0,2
35795923,17196,691,49,-29.0,25189.6,-130.0,1635.0,5
89652967,33283,2501,18,-29.0,22461.0,-180.0,1709.0,3
58834332,35878,2029,81,-15.0,25425.0,-179.999,2383.74,7
32632867,16975,365,56,-29.0,18644.7,-180.0,1215.0,6
34078964,38383,2485,248,-29.0,31005.0,-180.0,2385.0,9
22199039,19463,55,10,1.0,18255.0,-105.0,1515.0,2
22443093,20690,1215,75,1.0,26775.0,-165.0,1695.0,8
16459039,14564,505,293,1.0,21195.0,-175.0,1575.0,1
43481365,45919,320,46,-29.0,27569.2,-152.108,2235.0,6
56798192,41245,1533,42,-29.0,23985.0,-180.0,1830.0,8
61828318,36173,482,56,3.75,26535.0,-165.0,2669.23,5
540428,3216,24,2,449.0,24913.0,2.0,336.0,6
1598815,3951,34,7,-29.0,26384.0,1.0,855.0,2
64653464,35771,1374,45,-15.0,32295.0,-94.7057,2400.0,8
60330152,64928,813,38,-29.0,24975.0,-180.0,2310.0,5
89521875,119993,11938,13,-29.0,35415.0,-179.966,2400.0,3
38193067,30458,1087,51,15.0,22695.0,-79.5,1815.08,8
11413721,13549,130,13,1.0,18520.0,-27.0,1035.0,3
38912874,32951,2065,139,-295.5,20895.0,-302.404,2265.0,7
37040027,95124,3945,845,-29.0,147345.0,-1680.0,2385.0,10
36444197,20134,255,31,-29.0,15717.8,-180.0,957.234,4
44637617,26054,816,18,-29.0,23835.0,-165.0,1391.0,5
33737577,32082,1545,98,-29.0,25065.0,-176.0,2400.0,10
41233773,19318,1700,225,-29.0,18825.0,-173.938,1095.0,4
27511695,12625,1971,5,1.0,15318.5,-135.0,1725.0,1
92427741,36562,1038,53,-29.0,30585.0,-180.0,2313.89,10
11764425,9253,219,16,8.5,18575.0,-81.0,945.0,3
50007109,11993,7656,28,-29.0,46005.0,-180.0,2265.0,9
38459797,36107,4023,73,-29.0,23523.5,-165.0,2355.0,8
43220589,9584,942,8,-29.0,20835.0,-180.0,2385.0,7
57499171,28354,2482,35,-29.0,22305.0,-180.0,1500.0,9
96752458,24547,888,33,-29.0,23061.5,-173.148,988.06,7
51761225,28258,566,60,-29.0,23235.0,-180.0,1125.0,6
32978577,46295,281,130,-195.0,34927.0,-165.0,2355.0,1
36518185,30759,564,40,-29.0,25976.7,-180.0,1451.16,6
456675,5498,41,11,345.0,26745.0,1.0,735.0,8
42281149,6567,1348,0,0.0,21765.0,-165.0,1905.0,1
29074072,32193,2742,99,-29.0,31727.0,-180.0,1965.0,10
55302489,13692,488,26,-29.0,22905.0,-180.0,1095.0,4
95564944,51067,1733,55,-29.0,25665.0,-180.0,2280.0,5
63454332,79932,11950,160,-29.0,27255.0,-180.0,2372.0,10
71804085,35838,1045,17,-29.0,15425.0,-180.0,2295.0,5
1350389,7060,33,8,315.0,20685.0,1.0,615.0,8
33368244,17270,154,14,-29.0,19785.0,-180.0,1935.0,3
60880958,12632,2448,2,-29.0,45405.0,-165.0,2400.0,6
12577409,18845,445,24,1.0,27115.9,-165.0,915.0,5
87796182,38610,1926,44,-29.0,24015.0,-180.0,2385.0,8
45301723,25168,577,145,-29.0,22855.8,-180.0,1035.0,6
43744687,45186,3152,84,-15.0,25335.0,-180.0,2385.0,10
45037106,30748,1285,67,-29.0,25240.8,-180.0,1605.0,8
40072682,50203,1022,87,-29.0,44681.0,-180.0,1890.0,9
68134152,38453,1143,32,-29.0,20055.0,-175.0,2350.0,6
57213458,46996,925,34,-29.0,23680.0,-65.5,2400.0,9
62781860,114242,2394,108,-29.0,27627.3,-222.5,2311.25,10
11837963,18061,28,8,1.0,18675.0,-135.0,1095.0,2
64449,3473,21,49,345.0,25095.0,2.0,1185.0,1
63090665,197802,6259,75,-29.0,41295.0,-165.0,2385.0,8
60129422,34959,836,61,-29.0,29250.0,-82.3796,2400.0,10
27782664,20663,459,50,1.0,20265.0,-135.0,1665.0,5
38038529,48664,1164,103,-29.0,30170.0,-178.543,1717.09,10
28311259,15283,1296,82,15.0,26205.0,-165.0,855.0,6
87870691,56041,3627,22,-29.0,20760.0,-105.0,2400.0,5
63443671,14812,1038,22,-29.0,19845.0,-180.0,1530.0,7
33178604,9649,343,13,-29.0,19609.6,-165.0,1155.0,2
50081197,46926,1195,96,-481.921,24523.0,-75.0,2235.0,5
63603307,33249,796,30,-29.0,23295.0,-165.0,2223.39,5
4391365,19999,1044,23,315.0,37004.3,1.0,1275.0,7
4376468,9091,177,44,301.0,27868.8,1.0,615.0,8
13717985,10089,676,55,15.0,22605.0,-105.0,1784.5,1
60736727,35962,3509,13,-29.0,17505.0,-180.0,2325.0,5
37977874,28854,1309,77,-89.0,18465.0,-180.0,2325.0,4
54630370,30728,1181,115,-29.0,26350.7,-180.0,1875.0,7
19592976,3830,436,9,1.0,19485.0,-180.0,1635.0,2
42658263,31170,1558,62,-29.0,23205.0,-165.0,1755.0,5
67709886,61401,3207,69,-57.0,27675.0,-180.0,2400.0,6
74776149,33854,1183,41,-29.0,19618.5,-180.0,2355.0,8
11965988,24857,155,20,15.0,29647.0,-70.0,870.0,3
87217999,36595,4739,72,-29.0,26745.0,-180.0,2160.0,8
37074698,23266,2178,90,-29.0,22275.0,-180.0,2115.0,2
58039259,79097,1865,86,-29.0,21204.5,-180.0,1755.0,9
80829895,36592,835,94,-29.0,26025.0,-180.0,935.699,5
3151283,13860,1083,15,195.0,25445.0,1.0,1125.0,1
50569364,31676,724,96,-29.0,24945.0,-180.0,2385.0,7
55569725,25339,1616,63,-29.0,18465.0,-180.0,2115.0,6
4193687,5050,10,8,315.0,28529.0,1.0,675.0,2
79275,2854,16,2,75.0,24765.0,1.0,735.0,8
14466253,15653,24,10,15.0,22335.0,-121.063,466.595,1
51071895,90354,2347,50,-29.0,22965.0,-151.128,2355.0,8
27709018,10236,416,26,1.0,22575.0,-180.0,607.5,5
30396838,24016,1274,18,-29.0,28241.4,-125.454,2040.02,7
9204593,9841,235,19,314.0,20655.0,1.0,966.406,5
8711878,17343,422,27,310.0,22804.3,1.0,809.623,8
55644122,29093,469,41,-29.0,30735.0,-180.0,1185.0,3
75603568,39944,2248,73,-243.966,31095.0,-178.0,2385.0,10
62403290,33167,693,30,-29.0,22335.0,-180.0,1306.5,6
47346090,18084,221,0,-29.0,17415.0,-165.0,2385.0,2
80202147,161574,7851,239,-29.0,40366.0,-180.0,2397.33,10
32218629,32049,709,71,-29.0,28095.0,-180.0,2340.0,8
83324283,74278,6256,217,-29.0,50991.5,-180.0,2385.0,9
35803307,43615,686,153,-29.0,29955.0,-180.0,1845.0,5
55056653,25787,881,57,-29.0,25215.0,-180.0,1965.0,8
329929,6358,107,14,15.0,28125.0,-0.5,555.0,9
47627038,11090,362,19,-29.0,16845.0,-180.0,1485.0,4
74805479,38597,1439,34,-105.0,25395.0,-150.0,2355.0,5
81295683,50716,8623,48,-29.0,30181.9,-162.218,2135.62,9
48682510,57711,515,69,-29.0,24255.0,-186.75,1427.5,8
47594736,78639,1307,68,-29.0,32681.2,-95.25,2280.0,10
1205277,4344,19,5,315.0,18645.0,1.0,525.0,9
57564910,104577,3673,63,-29.0,37877.0,15.0,2400.0,8
93112968,25808,1776,27,-29.0,18995.0,-120.0,2310.0,5
55976208,74207,745,14,-29.0,21369.0,-180.0,1005.0,2
651738,5616,23,4,315.0,26835.0,2.0,901.0,9
51455232,26793,1013,5,-29.0,17985.0,-165.0,1215.0,2
30296254,25941,138,37,-29.0,18132.2,-82.5,1095.0,4
28503954,26901,8827,10,-29.0,22095.0,-95.8819,2385.0,7
86935458,65793,3645,213,-29.0,96855.0,-180.0,2388.08,10
12488130,20371,584,21,1.0,24225.0,-105.0,945.0,4
34428170,30987,979,27,-29.0,30945.0,-55.0,1335.0,6
96990017,11416,1658,11,-15.0,24795.0,-165.0,2175.0,8
29934098,17818,774,24,-15.0,26700.5,-105.0,855.0,5
29044471,13180,502,162,-29.0,18844.6,-180.0,1155.0,5
42235410,18028,1385,78,-29.0,20625.0,-180.0,1155.5,5
44062068,115393,7657,187,-15.0,88945.0,-165.0,2385.0,10
68044804,64590,2453,46,-29.0,45615.0,-180.0,2355.0,10
72498415,58639,1242,124,-29.0,26055.0,-180.0,2302.5,9
35726630,47948,1389,172,-29.0,24448.5,-180.0,2144.0,7
56367479,73419,2574,365,-15.0,38620.0,-148.0,2250.0,8
55131643,20402,533,6,-29.0,14856.5,15.0,1058.33,5
55016141,30922,1042,87,-75.0,25970.1,-180.0,1485.0,7
64768073,21565,763,68,1.0,20685.0,-135.0,1545.0,7
70434057,139164,3044,31,-29.0,23685.0,-180.0,2382.43,8
74536363,84744,1350,39,-29.0,20027.0,-180.0,2400.0,8
63554968,166524,8526,15,-29.0,37125.2,-180.0,2382.15,5
15360598,18546,205,22,1.0,18075.0,-165.0,1275.0,3
18111424,20169,914,14,1.0,27000.0,-165.0,1155.0,8
59026550,61396,2791,35,-29.0,19784.0,-165.0,2385.0,5
29566570,37640,526,58,-29.0,21281.3,-165.0,2325.0,5
95484955,77794,9015,52,-29.0,32310.0,-180.0,2400.0,10
7507591,21960,30,4,588.952,26925.0,1.0,825.0,2
40794752,17631,782,42,-29.0,25270.0,-165.0,975.0,7
21824317,18880,664,48,1.0,16731.0,-143.787,1800.0,3
34446044,26056,515,24,-29.0,21597.5,-180.0,1515.0,4
13542977,21153,320,45,11.0,24079.0,-136.0,1605.0,1
34512923,6107,481,39,-29.0,18465.0,-175.8,795.0,3
14370126,22932,52,17,1.0,17521.1,-177.138,1755.0,2
65126624,21966,933,11,-29.0,18975.0,-180.0,1815.0,3
35446873,49066,1213,170,-29.0,40230.9,-180.0,1100.0,10
38318679,24940,709,42,-29.0,21705.0,-165.0,1416.93,7
32504753,36420,754,14,-29.0,21135.0,-180.0,1905.0,5
44721808,17976,785,45,-15.0,18353.8,-135.0,1545.0,7
57491421,73447,3544,747,-29.0,23835.0,-180.0,2400.0,7
58107944,15482,92,5,-29.0,14844.5,-147.0,1260.0,2
72003193,85546,2202,40,-29.0,29895.0,-174.0,2400.0,9
41220983,57791,337,111,-29.0,30525.0,-180.0,2280.0,6
59027350,49334,3687,39,-29.0,41197.7,-99.9213,2295.0,8
3914830,13455,956,44,315.0,35395.0,1.0,1407.0,1
61320999,26649,795,36,-24.0,18750.0,-180.0,1695.0,8
95539334,39931,2438,46,-39.0,25602.0,-132.3,2400.0,6
76661488,12916,179,18,20.0,21345.0,-1.0,825.0,9
52633164,34878,775,129,-29.0,23625.0,-165.0,2325.5,1
50471300,48067,128,43,-29.0,29505.0,0.0,2358.76,5
58184108,27301,778,66,-29.0,23010.0,-180.0,1275.0,7
33599790,26173,887,39,-60.0,26590.0,-180.0,1441.05,5
30247774,27632,2737,44,-29.0,24765.0,-180.0,2325.0,6
3422659,10140,399,69,315.0,28155.0,1.0,1335.0,1
52663172,34270,2894,160,-29.0,25655.0,-180.0,2202.49,10
35651598,16455,906,17,-29.0,19953.5,-150.0,1635.0,6
81783311,988,334,4,-29.0,32325.0,-105.0,1215.0,2
58299009,74991,1406,86,-645.0,25057.0,-105.0,2400.0,1
69434308,269218,36398,2,-29.0,103035.0,-180.0,2151.48,10
33262798,13371,407,19,-29.0,22588.5,-180.0,1200.0,3
34237000,37317,2094,510,-29.0,18210.0,-179.991,2115.0,3
149544,1837,189,96,315.0,20265.0,1.0,735.0,1
26908729,10008,275,33,1.0,20385.0,-148.144,675.0,3
58456259,79362,1173,20,-29.0,27541.0,-175.159,1005.0,4
35216845,28400,808,83,15.0,30176.6,-69.4505,1215.0,9
17759639,22708,3530,74,-375.0,29655.0,-135.0,1713.0,8
37113391,21862,1112,42,-29.0,19545.0,-147.803,1890.0,3
25886024,13183,843,37,1.0,25847.0,-180.0,1005.0,5
6716227,16187,592,15,315.0,19053.2,1.0,1495.0,1
74251705,23868,1147,53,-29.0,20325.0,-147.681,2355.0,5
67069282,64400,5348,100,-29.0,37215.0,-165.0,2385.0,10
54598434,29387,506,32,-29.0,24748.2,-171.0,1180.23,7
3315369,14915,297,20,315.0,25357.5,1.0,615.0,8
16917195,5373,890,2,1.0,22649.0,-45.5892,1635.0,3
54818851,61316,2164,124,-29.0,26789.2,-173.0,1635.0,8
78241497,79971,1163,134,-29.0,30570.0,-150.0,2190.04,10
42658270,19778,1050,45,-29.0,19570.8,-180.0,2130.0,5
36325415,25061,351,44,-29.0,21754.0,-165.0,1995.0,5
68117911,52434,1827,38,-29.0,24338.2,-150.0,2400.0,8
18444591,15627,220,1,1.0,25905.0,-179.569,1553.86,1
29443338,33474,657,49,-29.0,32355.0,-150.0,1095.0,10
14015303,28351,192,9,1.0,15045.0,-162.942,1774.88,2
77268018,52049,3138,22,-29.0,28995.0,-180.0,2400.0,6
79722342,13909,918,9,-225.0,16485.0,-170.441,2355.0,4
51211019,62292,1706,29,-29.0,17085.0,-180.0,2385.0,4
43904586,27030,1566,43,-29.0,22935.0,-178.0,1560.0,7
82339836,49446,4774,91,-29.0,26689.9,-180.0,2400.0,7
27703667,9163,256,22,1.0,23025.0,-77.0,645.0,5
858696,9562,364,38,345.0,31005.0,1.0,495.0,1
79253519,55241,704,48,-29.0,28215.0,-165.0,2400.0,6
61437911,34885,1201,19,-345.0,21190.0,-180.0,1425.0,6
49045979,37324,699,90,-29.0,16277.2,-175.617,2370.0,2
29066114,28572,546,46,-29.0,22665.0,-180.0,2175.06,6
39323637,31283,373,42,-29.0,31965.0,-165.0,645.0,7
59177605,10497,1086,14,-29.0,17385.0,-180.0,1260.0,2
29247995,63617,3760,82,-29.0,46096.0,-180.0,2385.0,10
36504916,21466,1119,41,-645.0,20527.0,-283.046,2177.12,9
66661777,56475,3191,57,-29.0,22815.0,-165.0,2390.17,8
56795785,22782,2652,81,-29.0,28650.0,-180.0,1635.0,5
32562146,10632,363,8,-29.0,16586.7,-167.62,885.0,4
62397207,31493,698,194,-15.0,15465.0,-180.0,2400.0,5
59762766,60584,2336,75,-29.0,26115.0,-1004.55,2354.0,8
57882498,41069,1047,24,-29.0,22319.0,-180.0,2265.0,7
75814536,24103,217,0,-29.0,16575.0,-180.0,2250.0,1
66715392,74240,838,55,-29.0,26732.3,-166.296,2244.0,5
7195133,4081,64,43,315.0,27735.0,1.0,775.259,3
52498293,36017,1239,34,-29.0,26565.0,-180.0,2220.0,7
57133462,42889,571,230,-29.0,27945.0,-165.0,735.0,6
30638657,13163,640,28,-29.0,20295.0,-165.0,2385.0,6
13635824,9090,1090,10,15.0,22665.0,-53.0,555.0,3
90994090,30244,1851,1,-29.0,16638.1,-180.0,2280.0,2
77086488,51167,1574,67,-29.0,22904.5,-176.565,2355.0,7
56899817,53239,522,60,-29.0,18645.0,-180.0,2317.51,10
844293,4234,124,20,315.0,27765.0,2.0,705.0,8
33754836,9128,490,37,-29.0,17941.0,-172.5,1095.0,3
77879,2599,20,2,315.0,25695.0,1.0,525.0,6
28494331,21673,737,17,-29.0,22676.3,-180.0,2205.0,6
28420508,1814,0,0,615.0,10665.0,-105.0,325.5,2
64252872,21001,3722,62,-29.0,27615.0,-180.0,2355.0,5
3892674,8097,633,32,301.0,19311.2,1.0,1485.0,1
36704048,44738,3999,61,-29.0,27914.8,-180.0,2400.0,7
68188008,61355,5703,100,-197.0,29415.0,-169.426,2385.0,8
64641398,116217,3154,40,-29.0,39885.0,-75.0,2400.0,8
13935609,10736,98,12,7.5,18899.6,-15.0,1245.0,2
79450765,52680,3452,62,-29.0,28215.0,-180.0,2396.5,8
92707522,37294,3397,51,-29.0,37301.6,-180.0,2235.0,9
13124688,11298,298,7,1.0,13875.0,-105.0,915.0,3
